"2342","1592","2333","2307","1414","1551","1414","11","0","2","0","0","0","0"
" RowID","","","Product Name","System SKU","Barcode","Product SKU","บาร์โค้ดจริง","","หน่วย","","","",""
"SKU-545-1403","545","1403","แก้มใส กระดาษทิชชู 280s/70p พรีเมียม (แก้มใส กระดาษทิชชู 280s/70p พรีเมียม 	แพค5ห่อ)","U00001001","8857127382135","U00001001","","","","","","",""
"SKU-545-1405","545","1405","แก้มใส กระดาษทิชชู 280s/70p พรีเมียม (แก้มใส กระดาษทิชชู 280s/70p พรีเมียม	ห่อ)","U00001001","8857127382050","U00001001","","","","","","",""
"SKU-545-1404","545","1404","แก้มใส กระดาษทิชชู 280s/70p พรีเมียม (แก้มใส กระดาษทิชชู 280s/70p พรีเมียม 	หีบx10 แพค5)","U00001001","8857127382784","U00001001","","","","","","",""
"SKU-546-1406","546","1406","แก้มใส กระดาษทิชชู 280s/70p ซอฟเทนเดอร์ (แก้มใส กระดาษทิชชู 280s/70p ซอฟเทนเดอร์	แพค5ห่อ)","U00001002","8857127382319","U00001002","","","","","","",""
"SKU-546-1408","546","1408","แก้มใส กระดาษทิชชู 280s/70p ซอฟเทนเดอร์ (แก้มใส กระดาษทิชชู 280s/70p ซอฟเทนเดอร์ ห่อ)","U00001002","8857127382043","U00001002","","","","","","",""
"SKU-546-1407","546","1407","แก้มใส กระดาษทิชชู 280s/70p ซอฟเทนเดอร์ (แก้มใส กระดาษทิชชู 280s/70p ซอฟเทนเดอร์	หีบx10 แพค5)","U00001002","8857127382326","U00001002","","","","","","",""
"SKU-547-1415","547","1415","แก้มใส กระดาษทิชชู 280s/70p มินิพรีเมียม (แก้มใส กระดาษทิชชู 280s/70p มินิพรีเมียม แพค12ห่อ)","U00001003","8857127382074","U00001003","","","","","","",""
"SKU-547-1409","547","1409","แก้มใส กระดาษทิชชู 280s/70p มินิพรีเมียม (แก้มใส กระดาษทิชชู 280s/70p มินิพรีเมียม ห่อ)","U00001003","8857127382036","U00001003","","","","","","",""
"SKU-547-1416","547","1416","แก้มใส กระดาษทิชชู 280s/70p มินิพรีเมียม (แก้มใส กระดาษทิชชู 280s/70p มินิพรีเมียม หีบx10 แพค12)","U00001003","8857127382418","U00001003","","","","","","",""
"SKU-548-1410","548","1410","แก้มใส กระดาษทิชชู 1300s/320p จัมโบ้ (แก้มใส กระดาษทิชชู 1300s/320p จัมโบ้ ห่อ)","U00001004","8857127382067","U00001004","","","","","","",""
"SKU-548-1413","548","1413","แก้มใส กระดาษทิชชู 1300s/320p จัมโบ้ (แก้มใส กระดาษทิชชู 1300s/320p จัมโบ้	หีบx10 ห่อ)","U00001004","857127382616","U00001004","","","","","","",""
"SKU-552-1421","552","1421","ลีลา น้ำมันปาล์ม ขวด 1ลิตร  (ลีลา น้ำมันปาล์ม ขวด 1ลิตร )","U00001005","-","U00001005","","","","","","",""
"SKU-552-1419","552","1419","ลีลา น้ำมันปาล์ม ขวด 1ลิตร  (ลีลา น้ำมันปาล์ม ขวด 1ลิตร หีบx12)","U00001005","-","U00001005","","","","","","",""
"SKU-553-1423","553","1423","ลีลา น้ำมันปาล์ม ถุง 1ลิตร  (ลีลา น้ำมันปาล์ม ถุง 1ลิตร )","U00001006","8850959002134","U00001006","","","","","","",""
"SKU-553-1422","553","1422","ลีลา น้ำมันปาล์ม ถุง 1ลิตร  (ลีลา น้ำมันปาล์ม ถุง 1ลิตร  หีบx12)","U00001006","18850959002131","U00001006","","","","","","",""
"SKU-554-1425","554","1425","ลีลา น้ำมันปาล์ม ขวด 250มล  (ลีลา น้ำมันปาล์ม ขวด 250มล แพค12)","U00001007","-","U00001007","","","","","","",""
"SKU-554-1426","554","1426","ลีลา น้ำมันปาล์ม ขวด 250มล  (ลีลา น้ำมันปาล์ม ขวด 250มล หีบX4แพค12)","U00001007","18850959001110","U00001007","","","","","","",""
"SKU-555-1428","555","1428","ลีลา น้ำมันปาล์ม ปิ๊บ18 ลิตร (ลีลา น้ำมันปาล์ม ปิ๊บ 18 ลิตร )","U00001008","8850959003315","U00001008","","","","","","",""
"SKU-556-2020","556","2020","ทับทิม น้ำมันปาล์ม ขวด 1ลิตร (ทับทิม น้ำมันปาล์ม ขวด 1ลิตร)","U00001009","-","U00001009","","","","","","",""
"SKU-556-1901","556","1901","ทับทิม น้ำมันปาล์ม ขวด 1ลิตร (ทับทิม น้ำมันปาล์ม ขวด 1ลิตร  แพค/6ขวด)","U00001009","-","U00001009","","","","","","",""
"SKU-556-1431","556","1431","ทับทิม น้ำมันปาล์ม ขวด 1ลิตร (ทับทิม น้ำมันปาล์ม ขวด 1ลิตร หีบX12)","U00001009","18858776300263","U00001009","","","","","","",""
"SKU-557-1433","557","1433","ทับทิม น้ำมันปาล์ม ขวด 250มล  (ทับทิม น้ำมันปาล์ม ขวด 250มล แพค12)","U00001010","8858776300365","U00001010","","","","","","",""
"SKU-557-1434","557","1434","ทับทิม น้ำมันปาล์ม ขวด 250มล  (ทับทิม น้ำมันปาล์ม ขวด 250มล หีบx4แพค12)","U00001010","18858776300300","U00001010","","","","","","",""
"SKU-558-3266","558","3266","เกสร น้ำมันปาล์ม ขวด 1ลิตร  (เกสร น้ำมันปาล์ม ขวด 1ลิตร )","U00001011","8851494007523","U00001011","","","","","","",""
"SKU-558-1436","558","1436","เกสร น้ำมันปาล์ม ขวด 1ลิตร  (เกสร น้ำมันปาล์ม ขวด 1ลิตร หีบX12)","U00001011","68851494007525","U00001011","","","","","","",""
"SKU-559-1437","559","1437","มรกต น้ำมันปาล์ม ขวด 1ลิตร  (มรกต น้ำมันปาล์ม ขวด 1ลิตร หีบX12)","U00001012","18850154000048","U00001012","","","","","","",""
"SKU-560-1440","560","1440","โอลีน น้ำมันปาล์ม ขวด 1ลิตร  (โอลีน น้ำมันปาล์ม ขวด 1ลิตร หีบX12)","U00001013","18850635001335","U00001013","","","","","","",""
"SKU-563-1962","563","1962","หยก น้ำมันปาล์ม ขวด 1ลิตร  (หยก น้ำมันปาล์ม ขวด 1ลิตร  )","U00001015","8850581111044","U00001015","","","","","","",""
"SKU-563-1900","563","1900","หยก น้ำมันปาล์ม ขวด 1ลิตร  (หยก น้ำมันปาล์ม ขวด 1ลิตร  แพค/6ขวด)","U00001015","-","U00001015","","","","","","",""
"SKU-563-1442","563","1442","หยก น้ำมันปาล์ม ขวด 1ลิตร  (หยก น้ำมันปาล์ม ขวด 1ลิตร หีบX12)","U00001015","18850581111058","U00001015","","","","","","",""
"SKU-564-1444","564","1444","โบนัส น้ำมันปาล์ม ขวด 1ลิตร  (โบนัส น้ำมันปาล์ม ขวด 1ลิตร หีบx12)","U00001014","18858776301086","U00001014","","","","","","",""
"SKU-565-1446","565","1446","ทิพรส น้ำปลา 300มล.  (ทิพรส น้ำปลา300มล. )","U00001018","8850545311114","U00001018","","","","","","",""
"SKU-565-1445","565","1445","ทิพรส น้ำปลา 300มล.  (ทิพรส น้ำปลา300มล. หีบx24)","U00001018","28850545311118","U00001018","","","","","","",""
"SKU-566-1447","566","1447","ทิพรส น้ำปลา 700มล.  (ทิพรส น้ำปลา 700มล. )","U00001019","8850545777552","U00001019","","","","","","",""
"SKU-566-1448","566","1448","ทิพรส น้ำปลา 700มล.  (ทิพรส น้ำปลา700มล. หีบx12)","U00001019","18850545777559","U00001019","","","","","","",""
"SKU-567-1449","567","1449","แม่ครัว น้ำปลา 700มล (แม่ครัว น้ำปลา 700มล. หีบx12ขวด)","U00001020","8850475601422","U00001020","","","","","","",""
"SKU-568-1451","568","1451","แม่ครัว ซอสหอยนางรม 600 มล  (แม่ครัว ซอสหอยนางรม 600 มล )","U00001028","8850038400035","U00001028","","","","","","",""
"SKU-568-1452","568","1452","แม่ครัว ซอสหอยนางรม 600 มล  (แม่ครัว ซอสหอยนางรม 600 มล หีบx12)","U00001028","18850038400032","U00001028","","","","","","",""
"SKU-570-1455","570","1455","อายิโนะโมะโต๊ะ ผงชูรส 72ก (อายิโนะโมะโต๊ะ ผงชูรส 72ก แพคx20)","U00001034","8850250011668","U00001034","","","","","","",""
"SKU-570-1456","570","1456","อายิโนะโมะโต๊ะ ผงชูรส 72ก (อายิโนะโมะโต๊ะ ผงชูรส 72ก หีบx10แพค20)","U00001034","38850250001660","U00001034","","","","","","",""
"SKU-571-1458","571","1458","อายิโนะโมะโต๊ะ ผงชูรส 250ก (อายิโนะโมะโต๊ะ ผงชูรส 250ก)","U00001035","8850250014980","U00001035","","","","","","",""
"SKU-571-1459","571","1459","อายิโนะโมะโต๊ะ ผงชูรส 250ก (อายิโนะโมะโต๊ะ ผงชูรส 250ก แพคx20)","U00001035","8850250014997","U00001035","","","","","","",""
"SKU-571-1460","571","1460","อายิโนะโมะโต๊ะ ผงชูรส 250ก (อายิโนะโมะโต๊ะ ผงชูรส 250ก	หีบx4 แพค20)","U00001035","88502500150004","U00001035","","","","","","",""
"SKU-572-1463","572","1463","อายิโนะโมะโต๊ะ ผงชูรส 500ก (อายิโนะโมะโต๊ะ ผงชูรส 500ก)","U00001036","8850250015017","U00001036","","","","","","",""
"SKU-572-1461","572","1461","อายิโนะโมะโต๊ะ ผงชูรส 500ก (อายิโนะโมะโต๊ะ ผงชูรส 500ก แพคx10)","U00001036","8850250015024","U00001036","","","","","","",""
"SKU-572-2294","572","2294","อายิโนะโมะโต๊ะ ผงชูรส 500ก (อายิโนะโมะโต๊ะ ผงชูรส 500ก แพคx4)","U00001036","-","U00001036","","","","","","",""
"SKU-572-1462","572","1462","อายิโนะโมะโต๊ะ ผงชูรส 500ก (อายิโนะโมะโต๊ะ ผงชูรส 500ก หีบx4 แพค10)","U00001036","88502500150318","U00001036","","","","","","",""
"SKU-573-1464","573","1464","อายิโนะโมะโต๊ะ ผงชูรส 1กก. (อายิโนะโมะโต๊ะ ผงชูรส 1กก.)","U00001037","8850250015062","U00001037","","","","","","",""
"SKU-573-1465","573","1465","อายิโนะโมะโต๊ะ ผงชูรส 1กก. (อายิโนะโมะโต๊ะ ผงชูรส 1กก.	หีบx20)","U00001037","88502500150790","U00001037","","","","","","",""
"SKU-574-1466","574","1466","รสดี ผงปรุงรส หมู 70ก  (รสดี ผงปรุงรส หมู 70ก แพค10)","U00001038","8850250011026","U00001038","","","","","","",""
"SKU-574-1467","574","1467","รสดี ผงปรุงรส หมู 70ก  (รสดี ผงปรุงรส หมู 70ก หีบ x16แพค10)","U00001038","88502500110268","U00001038","","","","","","",""
"SKU-574-3449","574","3449","รสดี ผงปรุงรส หมู 70ก  (FOC รสดี ผงปรุงรส หมู 70ก ซอง)","U00001038","-","U00001038","","","","","","",""
"SKU-575-1469","575","1469","รสดี ผงปรุงรส หมู 155ก  (รสดี ผงปรุงรส หมู 155ก )","U00001039","8850250010944","U00001039","","","","","","",""
"SKU-575-1470","575","1470","รสดี ผงปรุงรส หมู 155ก  (รสดี ผงปรุงรส หมู 155ก แพค10)","U00001039","8850250011033","U00001039","","","","","","",""
"SKU-575-1471","575","1471","รสดี ผงปรุงรส หมู 155ก  (รสดี ผงปรุงรส หมู 155ก หีบx8แพค10)","U00001039","88502500110336","U00001039","","","","","","",""
"SKU-576-1472","576","1472","รสดี ผงปรุงรส หมู 400ก  (รสดี ผงปรุงรส หมู 400ก )","U00001040","8850250010951","U00001040","","","","","","",""
"SKU-576-1473","576","1473","รสดี ผงปรุงรส หมู 400ก  (รสดี ผงปรุงรส หมู 400ก แพค5)","U00001040","8850250011040","U00001040","","","","","","",""
"SKU-576-1474","576","1474","รสดี ผงปรุงรส หมู 400ก  (รสดี ผงปรุงรส หมู 400ก หีบx4แพค5)","U00001040","88502500110404","U00001040","","","","","","",""
"SKU-577-1475","577","1475","อร่อยดี กะทิ 250 มล  (อร่อยดี กะทิ 250 มล แพค6)","U00001041","8851613103389","U00001041","","","","","","",""
"SKU-577-1476","577","1476","อร่อยดี กะทิ 250 มล  (อร่อยดี กะทิ 250 มล หีบx6แพค6)","U00001041","18851613102808","U00001041","","","","","","",""
"SKU-578-1478","578","1478","อร่อยดี กะทิ 1000 มล  (อร่อยดี กะทิ 1000 มล )","U00001042","8851613101392","U00001042","","","","","","",""
"SKU-578-1479","578","1479","อร่อยดี กะทิ 1000 มล  (อร่อยดี กะทิ 1000 มล หีบx12)","U00001042","18851613102822","U00001042","","","","","","",""
"SKU-582-1484","582","1484","เด็กสมบูรณ์ ซิอิ๊วขาว สูตร1 700มล.  (เด็กสมบูรณ์ ซิอิ๊วขาว 700มล. )","U00001043","8850206011025","U00001043","","","","","","",""
"SKU-582-1483","582","1483","เด็กสมบูรณ์ ซิอิ๊วขาว สูตร1 700มล.  (เด็กสมบูรณ์ ซิอิ๊วขาว 700มล. หีบx12)","U00001043","18850206011022","U00001043","","","","","","",""
"SKU-583-1486","583","1486","มาม่า บะหมี่กึ่งสำเร็จรูป หมูสับ 60ก. (มาม่า บะหมี่กึ่งสำเร็จรูป หมูสับ 60ก. กล่อง30ซ)","U00001044","8850987101274","U00001044","","","","","","",""
"SKU-583-1487","583","1487","มาม่า บะหมี่กึ่งสำเร็จรูป หมูสับ 60ก. (มาม่า บะหมี่กึ่งสำเร็จรูป หมูสับ 60ก. หีบx6 กล่อง30ซ)","U00001044","28850987101278","U00001044","","","","","","",""
"SKU-584-1488","584","1488","มาม่า บะหมี่กึ่งสำเร็จรูป ต้มยำกุ้ง 55ก. (มาม่า บะหมี่กึ่งสำเร็จรูป ต้มยำกุ้ง 55ก. กล่อง30ซ)","U00001045","8850987101298","U00001045","","","","","","",""
"SKU-584-1489","584","1489","มาม่า บะหมี่กึ่งสำเร็จรูป ต้มยำกุ้ง 55ก. (มาม่า บะหมี่กึ่งสำเร็จรูป ต้มยำกุ้ง 55ก. หีบx6 กล่อง30ซ)","U00001045","28850987101292","U00001045","","","","","","",""
"SKU-585-1491","585","1491","มาม่า บะหมี่กึ่งสำเร็จรูป ต้มยำกุ้งน้ำข้น 55ก. (มาม่า บะหมี่กึ่งสำเร็จรูป ต้มยำกุ้งน้ำข้น 55ก.	กล่อง30ซ)","U00001046","8850987128325","U00001046","","","","","","",""
"SKU-585-1492","585","1492","มาม่า บะหมี่กึ่งสำเร็จรูป ต้มยำกุ้งน้ำข้น 55ก. (มาม่า บะหมี่กึ่งสำเร็จรูป ต้มยำกุ้งน้ำข้น 55ก.	หีบx6 กล่อง30ซ)","U00001046","28850987128329","U00001046","","","","","","",""
"SKU-586-1494","586","1494","มาม่า บะหมี่กึ่งสำเร็จรูป หมูน้ำตก 55ก. (มาม่า บะหมี่กึ่งสำเร็จรูป หมูน้ำตก 55ก.	กล่อง30ซ)","U00001047","-","U00001047","","","","","","",""
"SKU-586-1495","586","1495","มาม่า บะหมี่กึ่งสำเร็จรูป หมูน้ำตก 55ก. (มาม่า บะหมี่กึ่งสำเร็จรูป หมูน้ำตก 55ก.	หีบx6 กล่อง30ซ)","U00001047","-","U00001047","","","","","","",""
"SKU-587-1497","587","1497","มาม่า บะหมี่กึ่งสำเร็จรูป เย็นตาโฟต้มยำ 55ก. (มาม่า บะหมี่กึ่งสำเร็จรูป เย็นตาโฟต้มยำ 55ก. กล่อง30ซ)","U00001048","-","U00001048","","","","","","",""
"SKU-587-1498","587","1498","มาม่า บะหมี่กึ่งสำเร็จรูป เย็นตาโฟต้มยำ 55ก. (มาม่า บะหมี่กึ่งสำเร็จรูป เย็นตาโฟต้มยำ 55ก. หีบx6 กล่อง30ซ)","U00001048","-","U00001048","","","","","","",""
"SKU-588-1500","588","1500","มาม่า บะหมี่กึ่งสำเร็จรูป เป็ดพะโล้ 55ก.	 (มาม่า บะหมี่กึ่งสำเร็จรูป เป็ดพะโล้ 55ก.	กล่อง30ซ)","U00001049","-","U00001049","","","","","","",""
"SKU-588-1501","588","1501","มาม่า บะหมี่กึ่งสำเร็จรูป เป็ดพะโล้ 55ก.	 (มาม่า บะหมี่กึ่งสำเร็จรูป เป็ดพะโล้ 55ก.	หีบx6 กล่อง30ซ)","U00001049","-","U00001049","","","","","","",""
"SKU-589-1503","589","1503","มาม่า บะหมี่กึ่งสำเร็จรูป เส้นหมี่น้ำใส 55ก.	 (มาม่า บะหมี่กึ่งสำเร็จรูป เส้นหมี่น้ำใส 55ก.	กล่อง30ซ)","U00001050","-","U00001050","","","","","","",""
"SKU-589-1504","589","1504","มาม่า บะหมี่กึ่งสำเร็จรูป เส้นหมี่น้ำใส 55ก.	 (มาม่า บะหมี่กึ่งสำเร็จรูป เส้นหมี่น้ำใส 55ก.	หีบx6กล่อง30ซ)","U00001050","-","U00001050","","","","","","",""
"SKU-590-1506","590","1506","มาม่าชุด10ซ. หมูสับ 60 ก. แพ็ค10ซอง (มาม่าชุด10ซ. หมูสับ 60 ก. แพ็ค10ซอง)","U00001051","8850987101199","U00001051","","","","","","",""
"SKU-590-1507","590","1507","มาม่าชุด10ซ. หมูสับ 60 ก. แพ็ค10ซอง (มาม่าชุด10ซ. หมูสับ 60 ก. 	หีบx18 แพค10)","U00001051","28850987123317","U00001051","","","","","","",""
"SKU-591-1508","591","1508","มาม่าชุด10ซ. ต้มยำกุ้ง 55 ก. แพ็ค10ซอง (มาม่าชุด10ซ. ต้มยำกุ้ง 55 ก. แพ็ค10ซอง)","U00001052","8850987101205","U00001052","","","","","","",""
"SKU-591-1509","591","1509","มาม่าชุด10ซ. ต้มยำกุ้ง 55 ก. แพ็ค10ซอง (มาม่าชุด10ซ. ต้มยำกุ้ง 55 ก. แพ็ค10ซอง	 หีบx18แพค)","U00001052","28850987123324","U00001052","","","","","","",""
"SKU-592-1510","592","1510","มาม่าชุด10ซ. ต้มยำกุ้งน้ำข้น 55 ก. แพ็ค10ซอง (มาม่าชุด10ซ. ต้มยำกุ้งน้ำข้น 55 ก. แพ็ค10ซอง)","U00001053","8850987142444","U00001053","","","","","","",""
"SKU-592-1511","592","1511","มาม่าชุด10ซ. ต้มยำกุ้งน้ำข้น 55 ก. แพ็ค10ซอง (มาม่าชุด10ซ. ต้มยำกุ้งน้ำข้น 55 ก. แพ็ค10ซอง	หีบx18 แพค)","U00001053","28850987142455","U00001053","","","","","","",""
"SKU-593-1514","593","1514","มาม่าคัพ 60 ก. รสหมูสับ (มาม่าคัพ 60 ก. รสหมูสับ)","U00001054","8850987101472","U00001054","","","","","","",""
"SKU-593-1512","593","1512","มาม่าคัพ 60 ก. รสหมูสับ (มาม่าคัพ 60 ก. รสหมูสับ แพค6)","U00001054","8850987101663","U00001054","","","","","","",""
"SKU-593-1513","593","1513","มาม่าคัพ 60 ก. รสหมูสับ (มาม่าคัพ 60 ก. รสหมูสับ	หี บx12แพค6)","U00001054","8850987128783","U00001054","","","","","","",""
"SKU-594-1517","594","1517","มาม่าคัพ 60 ก. รสต้มยำกุ้ง (มาม่าคัพ 60 ก. รสต้มยำกุ้ง)","U00001055","8850987101489","U00001055","","","","","","",""
"SKU-594-1515","594","1515","มาม่าคัพ 60 ก. รสต้มยำกุ้ง (มาม่าคัพ 60 ก. รสต้มยำกุ้ง	แพคx6)","U00001055","8850987101656","U00001055","","","","","","",""
"SKU-594-1516","594","1516","มาม่าคัพ 60 ก. รสต้มยำกุ้ง (มาม่าคัพ 60 ก. รสต้มยำกุ้ง	หีบx12 แพค6)","U00001055","8850987128790","U00001055","","","","","","",""
"SKU-595-1518","595","1518","มาม่าคัพ 60 ก. รสต้มยำกุ้งน้ำข้น (มาม่าคัพ 60 ก. รสต้มยำกุ้งน้ำข้น	แพคx6ถ้วย)","U00001056","8850987128424","U00001056","","","","","","",""
"SKU-595-1519","595","1519","มาม่าคัพ 60 ก. รสต้มยำกุ้งน้ำข้น (มาม่าคัพ 60 ก. รสต้มยำกุ้งน้ำข้น หีบx12 แพค6)","U00001056","8850987128806","U00001056","","","","","","",""
"SKU-596-1522","596","1522","มาม่าคัพ โอเค 80 ก. รสชีสซี โคชูจังแบบแห้ง  (มาม่าคัพ โอเค 80 ก. รสชีสซี โคชูจังแบบแห้ง )","U00001057","-","U00001057","","","","","","",""
"SKU-596-1521","596","1521","มาม่าคัพ โอเค 80 ก. รสชีสซี โคชูจังแบบแห้ง  (มาม่าคัพ โอเค 80 ก. รสชีสซี โคชูจังแบบแห้ง แพค3 ถ้วย)","U00001057","-","U00001057","","","","","","",""
"SKU-597-1525","597","1525","ยำยำ7บ รสหมูสับ   (ยำยำ7บ รสหมูสับ  )","U00001058","-","U00001058","","","","","","",""
"SKU-597-1523","597","1523","ยำยำ7บ รสหมูสับ   (ยำยำ7บ รสหมูสับ  กล่อง30ซ)","U00001058","8850250170730","U00001058","","","","","","",""
"SKU-597-1524","597","1524","ยำยำ7บ รสหมูสับ   (ยำยำ7บ รสหมูสับ  มัดx3 กล่อง30ซ)","U00001058","-","U00001058","","","","","","",""
"SKU-598-1528","598","1528","ยำยำ7บ รสต้มยำกุ้ง (ยำยำ7บ รสต้มยำกุ้ง)","U00001059","-","U00001059","","","","","","",""
"SKU-598-1526","598","1526","ยำยำ7บ รสต้มยำกุ้ง (ยำยำ7บ รสต้มยำกุ้ง	กล่อง30ซ)","U00001059","8850250172994","U00001059","","","","","","",""
"SKU-598-1527","598","1527","ยำยำ7บ รสต้มยำกุ้ง (ยำยำ7บ รสต้มยำกุ้ง	มัดx3 กล่อง30ซ)","U00001059","-","U00001059","","","","","","",""
"SKU-599-1531","599","1531","ยำยำ7บ รสต้มยำกุ้งน้ำข้น (ยำยำ7บ รสต้มยำกุ้งน้ำข้น)","U00001060","-","U00001060","","","","","","",""
"SKU-599-1529","599","1529","ยำยำ7บ รสต้มยำกุ้งน้ำข้น (ยำยำ7บ รสต้มยำกุ้งน้ำข้น	กล่อง30ซ)","U00001060","8850250172864","U00001060","","","","","","",""
"SKU-599-1530","599","1530","ยำยำ7บ รสต้มยำกุ้งน้ำข้น (ยำยำ7บ รสต้มยำกุ้งน้ำข้น	มัดx3 กล่อง30ซ)","U00001060","-","U00001060","","","","","","",""
"SKU-600-1532","600","1532","ภูเขาทอง ซอสปรุงรสฝาเขียว 200 มล (ภูเขาทอง ซอสปรุงรสฝาเขียว 200 มล	แพคx6)","U00001027","-","U00001027","","","","","","",""
"SKU-600-1533","600","1533","ภูเขาทอง ซอสปรุงรสฝาเขียว 200 มล (ภูเขาทอง ซอสปรุงรสฝาเขียว 200 มล หีบx4แพค6)","U00001027","-","U00001027","","","","","","",""
"SKU-601-1535","601","1535","รีจอยส์ แชมพู 60มล ริช (รีจอยส์ แชมพู 70มล ริช แพคx6)","U00001078","4902430396660","U00001078","","","","","","",""
"SKU-601-1536","601","1536","รีจอยส์ แชมพู 60มล ริช (รีจอยส์ แชมพู 70มล ริช	หีบx8 แพค6)","U00001078","14902430396650","U00001078","","","","","","",""
"SKU-602-1538","602","1538","รีจอยส์ แชมพู 70มล แอนตี้แฮร์ฟอล (รีจอยส์ แชมพู 70มล แอนตี้แฮร์ฟอล แพคx6)","U00001079","-","U00001079","","","","","","",""
"SKU-602-1539","602","1539","รีจอยส์ แชมพู 70มล แอนตี้แฮร์ฟอล (รีจอยส์ แชมพู 70มล แอนตี้แฮร์ฟอล หีบx8 แพค6)","U00001079","-","U00001079","","","","","","",""
"SKU-603-1541","603","1541","รีจอยส์ แชมพู 70มล แอนตี้ฟริซ (รีจอยส์ แชมพู 70มล แอนตี้ี้ฟริซ)","U00001080","-","U00001080","1490243039966","","","","","",""
"SKU-603-1542","603","1542","รีจอยส์ แชมพู 70มล แอนตี้ฟริซ (รีจอยส์ แชมพู 70มล แอนตี้ี้ฟริซ)","U00001080","-","U00001080","1490243039966","","","","","",""
"SKU-604-1544","604","1544","รีจอยส์ แชมพู 70มล ขจัดรังแค 3in1 (รีจอยส์ แชมพู 70มล ขจัดรังแค 3in1)","U00001081","-","U00001081","1490243039674","","","","","",""
"SKU-604-1545","604","1545","รีจอยส์ แชมพู 70มล ขจัดรังแค 3in1 (รีจอยส์ แชมพู 70มล ขจัดรังแค 3in1)","U00001081","-","U00001081","1490243039674","","","","","",""
"SKU-605-1548","605","1548","รีจอยส์ แชมพู 70มล เจจูโรส (รีจอยส์ แชมพู 70มล เจจูโรส)","U00001082","-","U00001082","","","","","","",""
"SKU-605-1547","605","1547","รีจอยส์ แชมพู 70มล เจจูโรส (รีจอยส์ แชมพู 70มล เจจูโรส แพคx6)","U00001082","-","U00001082","","","","","","",""
"SKU-608-1552","608","1552","108 Shop 1000ก ผงซักฟอก  (108 Shop ผงซักฟอก 1000ก)","U00001089","8850002022225","U00001089","","","","","","",""
"SKU-608-1553","608","1553","108 Shop 1000ก ผงซักฟอก  (108 Shop ผงซักฟอก 1000ก	หีบx12)","U00001089","8850002022225","U00001089","","","","","","",""
"SKU-609-1555","609","1555","108 Shop 300ก ผงซักฟอก  (108 Shop ผงซักฟอก 300ก)","U00001090","8850002022805","U00001090","","","","","","",""
"SKU-609-1556","609","1556","108 Shop 300ก ผงซักฟอก  (108 Shop ผงซักฟอก 300ก แพคx12)","U00001090","-","U00001090","","","","","","",""
"SKU-609-1557","609","1557","108 Shop 300ก ผงซักฟอก  (108 Shop ผงซักฟอก 300ก	หีบx36)","U00001090","8850002022805","U00001090","","","","","","",""
"SKU-610-1560","610","1560","บรีสเพาเวอร์ 110ก รุ่น10.- แดง  (บรีสเพาเวอร์ 110ก รุ่น10.- แดง )","U00001091","8851932409360","U00001091","","","","","","",""
"SKU-610-1558","610","1558","บรีสเพาเวอร์ 110ก รุ่น10.- แดง  (บรีสเพาเวอร์ 110ก รุ่น10.- แดง  แพค12)","U00001091","8851932409391","U00001091","","","","","","",""
"SKU-610-1559","610","1559","บรีสเพาเวอร์ 110ก รุ่น10.- แดง  (บรีสเพาเวอร์ 110ก รุ่น10.- แดง 	หีบx 6แพค12)","U00001091","18851932414125","U00001091","","","","","","",""
"SKU-611-1563","611","1563","เป็ดโปร น้ำยาห้องน้ำ 450 มล ม่วง (เป็ดโปร น้ำยาห้องน้ำ 450 มล ม่วง)","U00001092","8850175046042","U00001092","","","","","","",""
"SKU-611-1561","611","1561","เป็ดโปร น้ำยาห้องน้ำ 450 มล ม่วง (เป็ดโปร น้ำยาห้องน้ำ 450 มล ม่วง แพคx6)","U00001092","8850175030010","U00001092","","","","","","",""
"SKU-611-1562","611","1562","เป็ดโปร น้ำยาห้องน้ำ 450 มล ม่วง (เป็ดโปร น้ำยาห้องน้ำ 450 มล ม่วง	หีบx2 แพค6)","U00001092","18850175031519","U00001092","","","","","","",""
"SKU-612-1566","612","1566","ไลปอนเอฟ ล้างจาน 150มล (ไลปอนเอฟ ล้างจาน 150มล)","U00001093","8850002010116","U00001093","","","","","","",""
"SKU-612-1564","612","1564","ไลปอนเอฟ ล้างจาน 150มล (ไลปอนเอฟ ล้างจาน 150มล แพค6)","U00001093","8850002905917","U00001093","","","","","","",""
"SKU-612-1565","612","1565","ไลปอนเอฟ ล้างจาน 150มล (ไลปอนเอฟ ล้างจาน 150มล	หีบx8 แพค6)","U00001093","48850002905911","U00001093","","","","","","",""
"SKU-613-1569","613","1569","คอลเกต แปรงสีฟัน เดอลุกซ์พลัส (คอลเกต แปรงสีฟัน เดอลุกซ์พลัส)","U00001094","-","U00001094","","","","","","",""
"SKU-613-1567","613","1567","คอลเกต แปรงสีฟัน เดอลุกซ์พลัส (คอลเกต แปรงสีฟัน เดอลุกซ์พลัส แพคx12)","U00001094","8850006925201","U00001094","","","","","","",""
"SKU-613-1568","613","1568","คอลเกต แปรงสีฟัน เดอลุกซ์พลัส (คอลเกต แปรงสีฟัน เดอลุกซ์พลัส	หีบx6 แพค12)","U00001094","18850006332143","U00001094","","","","","","",""
"SKU-614-1570","614","1570","ไฮยีน เอ็กเพิร์ทแคร์ 20มล ดรีมมี่ฮัก ม่วง (ไฮยีน เอ็กเพิร์ทแคร์ 20มล ดรีมมี่ฮัก ม่วง แพคx24)","U00001083","8850092288525","U00001083","","","","","","",""
"SKU-614-1571","614","1571","ไฮยีน เอ็กเพิร์ทแคร์ 20มล ดรีมมี่ฮัก ม่วง (ไฮยีน เอ็กเพิร์ทแคร์ 20มล ดรีมมี่ฮัก ม่วง หีบx15 แพค24)","U00001083","38850092288526","U00001083","","","","","","",""
"SKU-615-1573","615","1573","ไฮยีน เอ็กเพิร์ทแคร์ 20มล มอร์นิ่งฮัก ฟ้า (ไฮยีน เอ็กเพิร์ทแคร์ 20มล มอร์นิ่งฮัก ฟ้า แพคx24)","U00001084","8850092288020","U00001084","","","","","","",""
"SKU-615-1574","615","1574","ไฮยีน เอ็กเพิร์ทแคร์ 20มล มอร์นิ่งฮัก ฟ้า (ไฮยีน เอ็กเพิร์ทแคร์ 20มล มอร์นิ่งฮัก ฟ้า หีบx15 แพค24)","U00001084","38850092288021","U00001084","","","","","","",""
"SKU-616-1576","616","1576","ไฮยีน เอ็กเพิร์ทแคร์ 20มล ไทม์เลสบลูม ฟ้า (ไฮยีน เอ็กเพิร์ทแคร์ 20มล ไทม์เลสบลูม ฟ้า แพคx24)","U00001085","8850092313630","U00001085","","","","","","",""
"SKU-616-1577","616","1577","ไฮยีน เอ็กเพิร์ทแคร์ 20มล ไทม์เลสบลูม ฟ้า (ไฮยีน เอ็กเพิร์ทแคร์ 20มล ไทม์เลสบลูม ฟ้า หีบx15 แพค24)","U00001085","18850092313637","U00001085","","","","","","",""
"SKU-617-1579","617","1579","ไฮยีน เอ็กเพิร์ทแคร์ 20มล ซันไรส์คิส ขาวชมพู (ไฮยีน เอ็กเพิร์ทแคร์ 20มล ซันไรส์คิส ขาวชมพู แพคx24)","U00001086","8850092275105","U00001086","","","","","","",""
"SKU-617-1580","617","1580","ไฮยีน เอ็กเพิร์ทแคร์ 20มล ซันไรส์คิส ขาวชมพู (ไฮยีน เอ็กเพิร์ทแคร์ 20มล ซันไรส์คิส ขาวชมพู หีบx15 แพค24)","U00001086","18850092275102","U00001086","","","","","","",""
"SKU-618-1582","618","1582","ไฮยีน เอ็กเพิร์ทแคร์ 20มล มิลกี้ ขาว (ไฮยีน เอ็กเพิร์ทแคร์ 20มล มิลกี้ ขาว แพคx24)","U00001087","8850092280109","U00001087","","","","","","",""
"SKU-618-1583","618","1583","ไฮยีน เอ็กเพิร์ทแคร์ 20มล มิลกี้ ขาว (ไฮยีน เอ็กเพิร์ทแคร์ 20มล มิลกี้ ขาว หีบx15 แพค24)","U00001087","18850092280182","U00001087","","","","","","",""
"SKU-619-1585","619","1585","ไฮยีน เอ็กเพิร์ทแคร์ 20มล พีโอนี่ ดำ (ไฮยีน เอ็กเพิร์ทแคร์ 20มล พีโอนี่ ดำ แพคx24)","U00001088","8850092298104","U00001088","","","","","","",""
"SKU-619-1586","619","1586","ไฮยีน เอ็กเพิร์ทแคร์ 20มล พีโอนี่ ดำ (ไฮยีน เอ็กเพิร์ทแคร์ 20มล พีโอนี่ ดำ หีบx15 แพค24)","U00001088","18850092298187","U00001088","","","","","","",""
"SKU-622-1590","622","1590","หมึกกรุบ เส้นบุกปรุงรส 50ก หมาล่าดั้งเดิม (หมึกกรุบ เส้นบุกปรุงรส 50ก หมาล่าดั้งเดิม)","U00001095","-","U00001095","","","","","","",""
"SKU-622-1591","622","1591","หมึกกรุบ เส้นบุกปรุงรส 50ก หมาล่าดั้งเดิม (หมึกกรุบ เส้นบุกปรุงรส 50ก หมาล่าดั้งเดิม แพคx12)","U00001095","-","U00001095","","","","","","",""
"SKU-622-1595","622","1595","หมึกกรุบ เส้นบุกปรุงรส 50ก หมาล่าดั้งเดิม (หมึกกรุบ เส้นบุกปรุงรส 50ก หมาล่าดั้งเดิม หีบx6แพค12)","U00001095","-","U00001095","","","","","","",""
"SKU-623-1592","623","1592","หมึกกรุบ เส้นบุกปรุงรส 50ก หมาล่าสูตรเผ็ด (หมึกกรุบ เส้นบุกปรุงรส 50ก หมาล่าสูตรเผ็ด)","U00001096","-","U00001096","","","","","","",""
"SKU-623-1593","623","1593","หมึกกรุบ เส้นบุกปรุงรส 50ก หมาล่าสูตรเผ็ด (หมึกกรุบ เส้นบุกปรุงรส 50ก หมาล่าสูตรเผ็ด แพคx12)","U00001096","-","U00001096","","","","","","",""
"SKU-623-1594","623","1594","หมึกกรุบ เส้นบุกปรุงรส 50ก หมาล่าสูตรเผ็ด (หมึกกรุบ เส้นบุกปรุงรส 50ก หมาล่าสูตรเผ็ด หีบx6แพค12)","U00001096","-","U00001096","","","","","","",""
"SKU-624-1596","624","1596","หมึกกรุบ เส้นบุกปรุงรส 50ก ปูผัดผงกะหรี่ (หมึกกรุบ เส้นบุกปรุงรส 50ก ปูผัดผงกะหรี่)","U00001097","8859745200389","U00001097","","","","","","",""
"SKU-624-1597","624","1597","หมึกกรุบ เส้นบุกปรุงรส 50ก ปูผัดผงกะหรี่ (หมึกกรุบ เส้นบุกปรุงรส 50ก ปูผัดผงกะหรี่ แพคx12)","U00001097","-","U00001097","","","","","","",""
"SKU-624-1598","624","1598","หมึกกรุบ เส้นบุกปรุงรส 50ก ปูผัดผงกะหรี่ (หมึกกรุบ เส้นบุกปรุงรส 50ก ปูผัดผงกะหรี่ หีบx6แพค12)","U00001097","-","U00001097","","","","","","",""
"SKU-625-1599","625","1599","หมึกกรุบ เส้นบุกปรุงรส 50ก ก๋วยเตี๋ยวเรือ (หมึกกรุบ เส้นบุกปรุงรส 50ก ก๋วยเตี๋ยวเรือ)","U00001098","-","U00001098","","","","","","",""
"SKU-625-1600","625","1600","หมึกกรุบ เส้นบุกปรุงรส 50ก ก๋วยเตี๋ยวเรือ (หมึกกรุบ เส้นบุกปรุงรส 50ก ก๋วยเตี๋ยวเรือ แพคx12)","U00001098","-","U00001098","","","","","","",""
"SKU-625-1601","625","1601","หมึกกรุบ เส้นบุกปรุงรส 50ก ก๋วยเตี๋ยวเรือ (หมึกกรุบ เส้นบุกปรุงรส 50ก ก๋วยเตี๋ยวเรือ หีบx6แพค12)","U00001098","-","U00001098","","","","","","",""
"SKU-626-1602","626","1602","ซันซุ เยลลี่ผสมบุก 96 ก กลิ่นครีมโซดาและสละ (ซันซุ เยลลี่ผสมบุก 96 ก กลิ่นครีมโซดาและสละ)","U00001099","-","U00001099","","","","","","",""
"SKU-626-1603","626","1603","ซันซุ เยลลี่ผสมบุก 96 ก กลิ่นครีมโซดาและสละ (ซันซุ เยลลี่ผสมบุก 96 ก กลิ่นครีมโซดาและสละ แพคx6)","U00001099","-","U00001099","","","","","","",""
"SKU-627-1604","627","1604","แม่เหรียญ น้ำปลาร้า 380มล  (แม่เหรียญ น้ำปลาร้า 380มล แพค12)","U00001100","-","U00001100","","","","","","",""
"SKU-628-1607","628","1607","แม่บุญล้ำ น้ำปลาร้า 400มล ฝาแดง (แม่บุญล้ำ น้ำปลาร้า 400มล ฝาแดง แพค12)","U00001101","8858981501281","U00001101","","","","","","",""
"SKU-629-1610","629","1610","แม่บุญล้ำ น้ำปลาร้า 380มล โหน่ง ฝาขาว (แม่บุญล้ำ น้ำปลาร้า 380มล โหน่ง ฝาขาว แพคx12)","U00001102","8858981502844","U00001102","","","","","","",""
"SKU-630-1615","630","1615","ยำยำ7บ รสทะเลหม้อไฟ	 (ยำยำ7บ รสทะเลหม้อไฟ)","-","-","-","","","","","","",""
"SKU-630-1613","630","1613","ยำยำ7บ รสทะเลหม้อไฟ	 (ยำยำ7บ รสทะเลหม้อไฟ กล่อง30ซ)","-","-","-","","","","","","",""
"SKU-630-1614","630","1614","ยำยำ7บ รสทะเลหม้อไฟ	 (ยำยำ7บ รสทะเลหม้อไฟ มัดx3 กล่อง30ซ)","-","-","-","","","","","","",""
"SKU-631-1618","631","1618","ยำยำ7บ รสสุกี้ (ยำยำ7บ รสสุกี้)","-","-","-","","","","","","",""
"SKU-631-1616","631","1616","ยำยำ7บ รสสุกี้ (ยำยำ7บ รสสุกี้ กล่อง30ซ)","-","-","-","","","","","","",""
"SKU-631-1617","631","1617","ยำยำ7บ รสสุกี้ (ยำยำ7บ รสสุกี้ มัดx3 กล่อง30ซ)","-","-","-","","","","","","",""
"SKU-632-1621","632","1621","ยำยำ7บ รสผัดขี้เมาแห้ง (ยำยำ7บ รสผัดขี้เมาแห้ง)","U00001063","-","U00001063","","","","","","",""
"SKU-632-1619","632","1619","ยำยำ7บ รสผัดขี้เมาแห้ง (ยำยำ7บ รสผัดขี้เมาแห้ง กล่อง30ซ)","U00001063","8850250170761","U00001063","","","","","","",""
"SKU-632-1620","632","1620","ยำยำ7บ รสผัดขี้เมาแห้ง (ยำยำ7บ รสผัดขี้เมาแห้ง	มัดx3 กล่อง30ซ)","U00001063","-","U00001063","","","","","","",""
"SKU-633-1624","633","1624","ยำยำคัพ 60 ก. รสหมูสับ  (ยำยำคัพ 60 ก. รสหมูสับ )","U00001064","-","U00001064","","","","","","",""
"SKU-633-1622","633","1622","ยำยำคัพ 60 ก. รสหมูสับ  (ยำยำคัพ 60 ก. รสหมูสับ แพคx6)","U00001064","-","U00001064","","","","","","",""
"SKU-633-1623","633","1623","ยำยำคัพ 60 ก. รสหมูสับ  (ยำยำคัพ 60 ก. รสหมูสับ 	หีบx6 แพค 6)","U00001064","-","U00001064","","","","","","",""
"SKU-634-1627","634","1627","ยำยำคัพ 60 ก. รสต้มยำกุ้ง (ยำยำคัพ 60 ก. รสต้มยำกุ้ง)","U00001065","8850250006763","U00001065","","","","","","",""
"SKU-634-1625","634","1625","ยำยำคัพ 60 ก. รสต้มยำกุ้ง (ยำยำคัพ 60 ก. รสต้มยำกุ้ง แพคx6)","U00001065","8850250006794","U00001065","","","","","","",""
"SKU-634-1626","634","1626","ยำยำคัพ 60 ก. รสต้มยำกุ้ง (ยำยำคัพ 60 ก. รสต้มยำกุ้ง หีบx6 แพค 6)","U00001065","8850250226796","U00001065","","","","","","",""
"SKU-635-1630","635","1630","ยำยำคัพ 60 ก. รสต้มยำกุ้งน้ำข้น (ยำยำคัพ 60 ก. รสต้มยำกุ้งน้ำข้น)","U00001066","-","U00001066","","","","","","",""
"SKU-635-1628","635","1628","ยำยำคัพ 60 ก. รสต้มยำกุ้งน้ำข้น (ยำยำคัพ 60 ก. รสต้มยำกุ้งน้ำข้น แพคx6)","U00001066","-","U00001066","","","","","","",""
"SKU-635-1629","635","1629","ยำยำคัพ 60 ก. รสต้มยำกุ้งน้ำข้น (ยำยำคัพ 60 ก. รสต้มยำกุ้งน้ำข้น หีบx6 แพค 6)","U00001066","-","U00001066","","","","","","",""
"SKU-636-1633","636","1633","ยำยำคัพ 60 ก. รสต้มยำทะเลหม้อไฟ (ยำยำคัพ 60 ก. รสต้มยำทะเล)","U00001067","8850250006770","U00001067","","","","","","",""
"SKU-636-1631","636","1631","ยำยำคัพ 60 ก. รสต้มยำทะเลหม้อไฟ (ยำยำคัพ 60 ก. รสต้มยำทะเล แพคx6)","U00001067","8850250006800","U00001067","","","","","","",""
"SKU-636-1632","636","1632","ยำยำคัพ 60 ก. รสต้มยำทะเลหม้อไฟ (ยำยำคัพ 60 ก. รสต้มยำทะเล หีบx6 แพค 6)","U00001067","8850250226802","U00001067","","","","","","",""
"SKU-637-1636","637","1636","ยำยำคัพ 60 ก. รสสุกี้ทะเล (ยำยำคัพ 60 ก. รสสุกี้ทะเล)","U00001068","8850250008279","U00001068","","","","","","",""
"SKU-637-1634","637","1634","ยำยำคัพ 60 ก. รสสุกี้ทะเล (ยำยำคัพ 60 ก. รสสุกี้ทะเล แพคx6)","U00001068","8850250028277","U00001068","","","","","","",""
"SKU-637-1635","637","1635","ยำยำคัพ 60 ก. รสสุกี้ทะเล (ยำยำคัพ 60 ก. รสสุกี้ทะเล หีบx6 แพค 6)","U00001068","78850250208272","U00001068","","","","","","",""
"SKU-638-1637","638","1637","ไวไว 7บ  60ก. หมูสับต้มยำ (ไวไว 7บ  60ก. หมูสับต้มยำ กล่อง30ซ)","U00001069","-","U00001069","","","","","","",""
"SKU-638-1638","638","1638","ไวไว 7บ  60ก. หมูสับต้มยำ (ไวไว 7บ  60ก. หมูสับต้มยำ	หีบx6 กล่อง30ซ)","U00001069","-","U00001069","","","","","","",""
"SKU-639-1640","639","1640","ไวไว 7บ  60ก. หอยลายผัดฉ่า (ไวไว 7บ  60ก. หอยลายผัดฉ่า กล่อง30ซ)","U00001070","-","U00001070","","","","","","",""
"SKU-639-1641","639","1641","ไวไว 7บ  60ก. หอยลายผัดฉ่า (ไวไว 7บ  60ก. หอยลายผัดฉ่า หีบx6 กล่อง30ซ)","U00001070","-","U00001070","","","","","","",""
"SKU-640-1643","640","1643","ควิกไวไว 7บ 60 ก.ต้มโคล้ง  (ควิกไวไว 7บ 60 ก.ต้มโคล้ง กล่อง30ซ)","U00001071","-","U00001071","","","","","","",""
"SKU-640-1644","640","1644","ควิกไวไว 7บ 60 ก.ต้มโคล้ง  (ควิกไวไว 7บ 60 ก.ต้มโคล้ง 	หีบx6 กล่อง30ซ)","U00001071","-","U00001071","","","","","","",""
"SKU-641-1646","641","1646","ควิกไวไว 7บ 60 ก. ต้มยำกุ้ง (ควิกไวไว 7บ 60 ก. ต้มยำกุ้ง กล่อง30ซ)","U00001072","-","U00001072","","","","","","",""
"SKU-641-1647","641","1647","ควิกไวไว 7บ 60 ก. ต้มยำกุ้ง (ควิกไวไว 7บ 60 ก. ต้มยำกุ้ง หีบx6 กล่อง30ซ)","U00001072","-","U00001072","","","","","","",""
"SKU-642-1651","642","1651","ควิกไวไว หมูสับต้มยำ (ถ้วย) 60 ก.  (ควิกไวไว หมูสับต้มยำ (ถ้วย) 60 ก. )","-","-","-","","","","","","",""
"SKU-642-1649","642","1649","ควิกไวไว หมูสับต้มยำ (ถ้วย) 60 ก.  (ควิกไวไว หมูสับต้มยำ (ถ้วย) 60 ก. แพคx6)","-","-","-","","","","","","",""
"SKU-642-1650","642","1650","ควิกไวไว หมูสับต้มยำ (ถ้วย) 60 ก.  (ควิกไวไว หมูสับต้มยำ (ถ้วย) 60 ก. 	หีบ x12แพ็ค6)","-","-","-","","","","","","",""
"SKU-644-1652","644","1652","ควิกไวไว ต้มยำกุ้ง (ถ้วย) 60 ก. (ควิกไวไว ต้มยำกุ้ง (ถ้วย) 60 ก. แพ็ค6)","U00001025","-","U00001025","","","","","","",""
"SKU-644-1653","644","1653","ควิกไวไว ต้มยำกุ้ง (ถ้วย) 60 ก. (ควิกไวไว ต้มยำกุ้ง (ถ้วย) 60 ก.	หีบ x12แพ็ค6)","U00001025","-","U00001025","","","","","","",""
"SKU-645-1655","645","1655","ควิกไวไว ต้มโคล้ง (ถ้วย) 60 ก. (ควิกไวไว ต้มโคล้ง (ถ้วย) 60 ก. แพ็ค6)","U00001074","-","U00001074","","","","","","",""
"SKU-645-1656","645","1656","ควิกไวไว ต้มโคล้ง (ถ้วย) 60 ก. (ควิกไวไว ต้มโคล้ง (ถ้วย) 60 ก. หีบ x12แพ็ค6)","U00001074","-","U00001074","","","","","","",""
"SKU-646-1658","646","1658","ไวไว เส้นหมี่อบแห้ง 180 ก.  (ไวไว เส้นหมี่อบแห้ง 180 ก. แพค12ห่อ)","U00001075","8850100002389","U00001075","","","","","","",""
"SKU-646-1659","646","1659","ไวไว เส้นหมี่อบแห้ง 180 ก.  (ไวไว เส้นหมี่อบแห้ง 180 ก. 	หีบx5แพค12)","U00001075","28850100002390","U00001075","","","","","","",""
"SKU-647-1661","647","1661","สามแม่ครัว ปลาแมคเคอเรลฝาดึงแดง 155ก. (สามแม่ครัว ปลากระป๋องฝาดึงแดง 155ก. แพคx10)","U00001076","-","U00001076","","","","","","",""
"SKU-647-1662","647","1662","สามแม่ครัว ปลาแมคเคอเรลฝาดึงแดง 155ก. (สามแม่ครัว ปลากระป๋องฝาดึงแดง 155ก.	หีบx10 แพค10)","U00001076","18850153333093","U00001076","","","","","","",""
"SKU-648-1664","648","1664","ซูเปอร์ซีเชฟ ปลาซาร์ดีน 155ก. (ซูเปอร์ซีเชฟ ปลาซาร์ดีน 155ก.	แพค10)","U00001077","8858463002091","U00001077","","","","","","",""
"SKU-648-1665","648","1665","ซูเปอร์ซีเชฟ ปลาซาร์ดีน 155ก. (ซูเปอร์ซีเชฟ ปลาซาร์ดีน 155ก.	หีบx10 แพค10)","U00001077","18858463002067","U00001077","","","","","","",""
"SKU-649-1667","649","1667","เดอฟองต์ น้ำดื่ม 600มล x12  (เดอฟองต์ น้ำดื่ม 600มล*12)","U00001103","-","U00001103","","","","","","",""
"SKU-650-1668","650","1668","เดอฟองต์ น้ำดื่ม 350มล x12 (เดอฟองต์ น้ำดื่ม 350มล*12)","U00001104","-","U00001104","","","","","","",""
"SKU-651-1669","651","1669","เดอฟองต์ น้ำดื่ม 220มลx48 (เดอฟองต์ น้ำดื่ม 220มล*48)","U00001105","-","U00001105","","","","","","",""
"SKU-652-1670","652","1670","คริสตัล น้ำดื่ม 350 มล.x12 (คริสตัล น้ำดื่ม 350 มล.x12)","U00001106","8851952150808","U00001106","","","","","","",""
"SKU-653-1671","653","1671","คริสตัล น้ำดื่ม 600ม x12 (คริสตัล น้ำดื่ม 600มล*12)","U00001107","8851952350789","U00001107","","","","","","",""
"SKU-654-1672","654","1672","คริสตัล น้ำดื่ม 1500มล x6 (คริสตัล น้ำดื่ม 1500มล แพค6)","U00001108","8851952350796","U00001108","","","","","","",""
"SKU-655-1674","655","1674","เนสกาแฟ เบลนด์&บรู ริชอโรม่า(แดง) 17ก. (27ซ) (เนสกาแฟ เบลนด์&บรู (แดง) 17ก. (27ซ) หีบx24แพค)","U00001109","8850127004403","U00001109","","","","","","",""
"SKU-655-1673","655","1673","เนสกาแฟ เบลนด์&บรู ริชอโรม่า(แดง) 17ก. (27ซ) (เนสกาแฟ เบลนด์&บรู ริชอโรม่า(แดง) 17ก. (27ซ))","U00001109","8850127004397","U00001109","","","","","","",""
"SKU-656-1675","656","1675","เนสกาแฟ เบลนด์&บรู เอสเปรสโซ(เขียว) 15.1ก. (27ซ) (เนสกาแฟ เบลนด์&บรู เอสเปรสโซ(เขียว) 15.1ก. (27ซ))","U00001110","8850127004410","U00001110","","","","","","",""
"SKU-656-1676","656","1676","เนสกาแฟ เบลนด์&บรู เอสเปรสโซ(เขียว) 15.1ก. (27ซ) (เนสกาแฟ เบลนด์ฯ เอสเปรสโซ(เขียว) 15.1ก. (27ซ) หีบx24แพค)","U00001110","8850127004434","U00001110","","","","","","",""
"SKU-657-1677","657","1677","เนสกาแฟ เบลนด์&บรู ริชอโรม่า(แดง) 16ก. (60ซ) (เนสกาแฟ เบลนด์&บรู ริชอโรม่า(แดง) 16ก. (60ซ))","U00001111","8850124083081","U00001111","","","","","","",""
"SKU-657-1678","657","1678","เนสกาแฟ เบลนด์&บรู ริชอโรม่า(แดง) 16ก. (60ซ) (เนสกาแฟ เบลนด์ ริชอโรม่า(แดง) 16ก. หีบx12 แพค60ซ)","U00001111","8850124083098","U00001111","","","","","","",""
"SKU-658-1679","658","1679","เนสกาแฟ เบลนด์ เอสเปรสโซ(เขียว) 15.1ก. (60ซ) (เนสกาแฟ เบลนด์ เอสเปรสโซ(เขียว) 15.1ก. (60ซ))","U00001112","8850124083111","U00001112","","","","","","",""
"SKU-658-1680","658","1680","เนสกาแฟ เบลนด์ เอสเปรสโซ(เขียว) 15.1ก. (60ซ) (เนสกาแฟ เอสเปรสโซ(เขียว) 15.1ก. (60ซ) หีบx12แพค)","U00001112","8850124083128","U00001112","","","","","","",""
"SKU-659-1682","659","1682","เบอร์ดี้ 3อิน1 โรบัสต้าแดง 15ก. แพค27ซ (เบอร์ดี้ 3อิน1 โรบัสต้าแดง 15ก. 27ซ หีบx18แพค)","U00001113","8850250007487","U00001113","","","","","","",""
"SKU-659-1681","659","1681","เบอร์ดี้ 3อิน1 โรบัสต้าแดง 15ก. แพค27ซ (เบอร์ดี้ 3อิน1 โรบัสต้าแดง 15ก. แพค27ซ)","U00001113","8850250007425","U00001113","","","","","","",""
"SKU-660-1683","660","1683","เบอร์ดี้ 3อิน1 เอสเปรสโซเขียว 12.1ก. แพค27ซ (เบอร์ดี้ 3อิน1 เอสเปรสโซเขียว 12.1ก. แพค27ซ)","U00001114","8850250007449","U00001114","","","","","","",""
"SKU-660-1684","660","1684","เบอร์ดี้ 3อิน1 เอสเปรสโซเขียว 12.1ก. แพค27ซ (เบอร์ดี้ 3in1 เอสเปรสโซเขียว 12.1ก  27ซ หีบx18แพค)","U00001114","8850250007500","U00001114","","","","","","",""
"SKU-661-1685","661","1685","เบอร์ดี้ 3อิน1 โรบัสต้าแดง 15ก. แพค60ซ (เบอร์ดี้ 3อิน1 โรบัสต้าแดง 15ก. แพค60ซ)","U00001115","8850250007951","U00001115","","","","","","",""
"SKU-661-1686","661","1686","เบอร์ดี้ 3อิน1 โรบัสต้าแดง 15ก. แพค60ซ (เบอร์ดี้ 3อิน1 โรบัสต้าแดง 15ก. แพค60ซ หีบx12)","U00001115","8850250947950","U00001115","","","","","","",""
"SKU-662-1687","662","1687","เบอร์ดี้ 3อิน1 เอสเปรสโซเขียว 12.1ก. แพค60ซ (เบอร์ดี้ 3in1 เอสเปรสโซเขียว 12.1ก. แพค60ซ)","U00001116","8850250008248","U00001116","","","","","","",""
"SKU-662-1688","662","1688","เบอร์ดี้ 3อิน1 เอสเปรสโซเขียว 12.1ก. แพค60ซ (เบอร์ดี้ 3in1 เอสเปรสโซเขียว 12.1ก หีบx12 แพค60ซ)","U00001116","-","U00001116","","","","","","",""
"SKU-663-1689","663","1689","โอวัลติน 3in1 18ก. แพค 24ซอง (โอวัลติน 3in1 18ก. แพค 24ซ)","U00001117","7612100061428","U00001117","","","","","","",""
"SKU-663-1690","663","1690","โอวัลติน 3in1 18ก. แพค 24ซอง (โอวัลติน 3in1 18ก. หีบx10 แพค24ซ)","U00001117","17612100061432","U00001117","","","","","","",""
"SKU-664-1691","664","1691","เบอร์ดี้ แดง โรบัสต้า 170 มล.หีบx30กป (เบอร์ดี้ แดง โรบัสต้า 180 มล.หีบx30กป)","U00001118","8850250370369","U00001118","","","","","","",""
"SKU-665-1692","665","1692","เบอร์ดี้ เขียว เอสเปรสโซ 170 มล.หีบx30กป (เบอร์ดี้ เขียว เอสเปรสโซ 170 มล.หีบx30กป)","U00001119","8850250336020","U00001119","","","","","","",""
"SKU-666-1693","666","1693","เนสกาแฟ กป.เขียว เอสเปรสโซ่ 170มล หีบx30 (เนสกาแฟ กป.เขียว เอสเปรสโซ่ 170มล หีบx30)","U00001120","98851012103709","U00001120","","","","","","",""
"SKU-667-1694","667","1694","อิชิตัน ชาเขียว 280 มล.ต้นตำรับ หีบx24 (อิชิตัน ชาเขียว 280 มล.ต้นตำรับ หีบx24)","U00001121","8858891307485","U00001121","","","","","","",""
"SKU-668-2751","668","2751","อิชิตัน ชาเขียวน้ำผึ้งมะนาว 280มล หีบx24 (อิชิตัน ชาเขียวน้ำผึ้งมะนาว 280มล)","U00001122","8858891301872","U00001122","","","","","","",""
"SKU-668-2776","668","2776","อิชิตัน ชาเขียวน้ำผึ้งมะนาว 280มล หีบx24 (อิชิตัน ชาเขียวน้ำผึ้งมะนาว 280มล แพค6)","U00001122","8858891301889","U00001122","","","","","","",""
"SKU-668-1695","668","1695","อิชิตัน ชาเขียวน้ำผึ้งมะนาว 280มล หีบx24 (อิชิตัน ชาเขียวน้ำผึ้งมะนาว 280มล หีบx24)","U00001122","8858891303524","U00001122","","","","","","",""
"SKU-669-1696","669","1696","อิชิตัน ชาเขียว280 มล. ข้าวญี่ปุ่น หีบx24 (อิชิตัน ชาเขียว280 มล. ข้าวญี่ปุ่น หีบx24)","U00001123","8858891303517","U00001123","","","","","","",""
"SKU-670-1697","670","1697","อิชิตัน ชาเขียว 280 มล.องุ่นเคียวโฮ หีบx24 (อิชิตัน ชาเขียว 280 มล.องุ่นเคียวโฮ หีบx24)","U00001124","8858891306068","U00001124","","","","","","",""
"SKU-671-1699","671","1699","กาโตะ น้ำส้ม25%+วุ้นมะพร้าว 250มล  (กาโตะ น้ำส้ม25%+วุ้นมะพร้าว 250มล แพค6)","U00001125","8850624293317","U00001125","","","","","","",""
"SKU-671-1698","671","1698","กาโตะ น้ำส้ม25%+วุ้นมะพร้าว 250มล  (กาโตะ น้ำส้ม25%+วุ้นมะพร้าว 250มล หีบx8แพค6)","U00001125","8850624863299","U00001125","","","","","","",""
"SKU-672-2000","672","2000","กาโตะ น้ำสตรอ25%+วุ้นมะพร้าว 250มล  (กาโตะ น้ำสตรอ25%+วุ้นมะพร้าว 250มล แพค6)","U00001126","-","U00001126","","","","","","",""
"SKU-672-1700","672","1700","กาโตะ น้ำสตรอ25%+วุ้นมะพร้าว 250มล  (กาโตะ น้ำสตรอ25%+วุ้นมะพร้าว 250มล หีบx8 แพค6)","U00001126","-","U00001126","","","","","","",""
"SKU-673-1999","673","1999","กาโตะ น้ำองุ่น25%+วุ้นมะพร้าว 250มล  (กาโตะ น้ำองุ่น25%+วุ้นมะพร้าว 250มล แพค6)","U00001127","-","U00001127","","","","","","",""
"SKU-673-1701","673","1701","กาโตะ น้ำองุ่น25%+วุ้นมะพร้าว 250มล  (กาโตะ น้ำองุ่น25%+วุ้นมะพร้าว 250มล หีบx8 แพค6)","U00001127","8850624395271","U00001127","","","","","","",""
"SKU-674-1998","674","1998","กาโตะ น้ำลิ้นจี่25%+วุ้นมะพร้าว 250มล  (กาโตะ น้ำลิ้นจี่25%+วุ้นมะพร้าว 250มล แพค6)","U00001128","8850624293324","U00001128","","","","","","",""
"SKU-674-1702","674","1702","กาโตะ น้ำลิ้นจี่25%+วุ้นมะพร้าว 250มล  (กาโตะ น้ำลิ้นจี่25%+วุ้นมะพร้าว 250มล หีบx8 แพค6)","U00001128","8850624940990","U00001128","","","","","","",""
"SKU-675-1997","675","1997","กาโตะ น้ำแตงโม25%+วุ้นมะพร้าว 250มล  (กาโตะ น้ำแตงโม25%+วุ้นมะพร้าว 250มล  แพค6)","U00001129","8850624756362","U00001129","","","","","","",""
"SKU-675-1703","675","1703","กาโตะ น้ำแตงโม25%+วุ้นมะพร้าว 250มล  (กาโตะ น้ำแตงโม25%+วุ้นมะพร้าว 250มล  หีบX8แพค6)","U00001129","8850624756386","U00001129","","","","","","",""
"SKU-676-1996","676","1996","กาโตะ น้ำองุ่นเคียวโฮ25%+วุ้นมะพร้าว 250มล  (กาโตะ น้ำองุ่นเคียวโฮ25%+วุ้นมะพร้าว 250มล  แพค6)","U00001130","8850624041918","U00001130","","","","","","",""
"SKU-676-1704","676","1704","กาโตะ น้ำองุ่นเคียวโฮ25%+วุ้นมะพร้าว 250มล  (กาโตะ น้ำองุ่นเคียวโฮ25%+วุ้นมะพร้าว 250มล หีบx8 แพค6)","U00001130","8850624041932","U00001130","","","","","","",""
"SKU-677-1995","677","1995","กาโตะ ราสเบอรี่25%+วุ้นมะพร้าว 250มล (กาโตะราสเบอรี่25%+วุ้นมะพร้าว 250มล แพค6)","U00001131","-","U00001131","","","","","","",""
"SKU-677-1705","677","1705","กาโตะ ราสเบอรี่25%+วุ้นมะพร้าว 250มล (กาโตะราสเบอรี่25%+วุ้นมะพร้าว 250มล หีบx8 แพค6)","U00001131","-","U00001131","","","","","","",""
"SKU-678-1994","678","1994","กาโตะ น้ำเมลอน25%+วุ้นมะพร้าว 250มล  (กาโตะ น้ำเมลอน25%+วุ้นมะพร้าว 250มล )","U00001132","8850624756485","U00001132","","","","","","",""
"SKU-678-1706","678","1706","กาโตะ น้ำเมลอน25%+วุ้นมะพร้าว 250มล  (กาโตะ น้ำเมลอน25%+วุ้นมะพร้าว 250มล หีบx8 แพค6)","U00001132","8850624756508","U00001132","","","","","","",""
"SKU-679-1707","679","1707","เป๊ปซี่ เครื่องดื่มอัดลม 345 มล.  (เป๊ปซี่ เครื่องดื่มอัดลม 345 มล. แพค24)","-","-","-","","","","","","",""
"SKU-680-1708","680","1708","เป๊ปซี่ เครื่องดื่มอัดลม 250 มล. 10บ.  (เป๊ปซี่ เครื่องดื่มอัดลม 250 มล. 10บ. แพค24)","-","-","-","","","","","","",""
"SKU-681-1709","681","1709","โอวัลติน มอลต์ พาวเวอร์ 165มล. หีบx9แพค 4 (โอวัลติน มอลต์ พาวเวอร์ 165มล. หีบx9แพค 4)","U00001135","48850086141698","U00001135","4885008614169","","","","","",""
"SKU-682-1711","682","1711","ไมโล นมยูเอชที 165 มล รสช็อคมอลต์ หีบx48 (ไมโล นมยูเอชที 165 มล รสช็อคมอลต์ หีบx6 แพค8)","U00001136","8850125010185","U00001136","885012501018","","","","","",""
"SKU-683-1712","683","1712","เลย์คลาสสิค มันฝรั่งทอด  13ก แพค12 (เลย์คลาสสิค มันฝรั่งทอด  13ก แพค12)","U00001137","8850718701155","U00001137","","","","","","",""
"SKU-683-1713","683","1713","เลย์คลาสสิค มันฝรั่งทอด  13ก แพค12 (เลย์คลาสสิค มันฝรั่งทอด  13ก หีบx12 แพค12)","U00001137","8850718909957","U00001137","","","","","","",""
"SKU-684-1715","684","1715","เลย์ มันฝรั่งทอด รสโนริสาหร่าย 13ก แพค12 (เลย์ มันฝรั่งทอด รสโนริสาหร่าย 13ก แพค12)","U00001138","8850718701872","U00001138","","","","","","",""
"SKU-684-1714","684","1714","เลย์ มันฝรั่งทอด รสโนริสาหร่าย 13ก แพค12 (เลย์ มันฝรั่งทอด รสโนริสาหร่าย 13ก หีบ x12แพค12)","U00001138","8850718909940","U00001138","","","","","","",""
"SKU-685-1716","685","1716","เลย์ มันฝรั่งทอด รสเมี่ยงคำ13ก แพค12 (เลย์ มันฝรั่งทอด รสเมี่ยงคำ 13ก แพค12)","U00001139","8850718707676","U00001139","","","","","","",""
"SKU-685-1718","685","1718","เลย์ มันฝรั่งทอด รสเมี่ยงคำ13ก แพค12 (เลย์ มันฝรั่งทอด รสเมี่ยงคำ13ก หีบ x12แพค12)","U00001139","8850718910045","U00001139","","","","","","",""
"SKU-686-1719","686","1719","เลย์ มันฝรั่งทอด รสไข่เค็ม13ก แพค12 (เลย์ มันฝรั่งทอด รสไข่เค็ม13ก แพค12)","U00001141","8850718716593","U00001141","","","","","","",""
"SKU-686-1720","686","1720","เลย์ มันฝรั่งทอด รสไข่เค็ม13ก แพค12 ( เลย์ มันฝรั่งทอด รสไข่เค็ม13ก หีบx12 แพค12)","U00001141","8850718926329","U00001141","","","","","","",""
"SKU-688-1721","688","1721","เลย์ร็อค มันฝรั่งทอด รสBBQ13ก แพค12 (เลย์ร็อค มันฝรั่งทอด รสBBQ13ก แพค12)","U00001140","8850718701070","U00001140","","","","","","",""
"SKU-688-1722","688","1722","เลย์ร็อค มันฝรั่งทอด รสBBQ13ก แพค12 (เลย์ร็อค มันฝรั่งทอด รสBBQ13ก หีบ x12แพค12)","U00001140","8850718909964","U00001140","","","","","","",""
"SKU-689-1723","689","1723","เลย์ร็อค มันฝรั่งทอด รสหมึกย่าง13ก แพค12 (เลย์ร็อค มันฝรั่งทอด รสหมึกย่าง13ก แพค12)","U00001142","8850718703555","U00001142","","","","","","",""
"SKU-689-1724","689","1724","เลย์ร็อค มันฝรั่งทอด รสหมึกย่าง13ก แพค12 (เลย์ร็อค มันฝรั่งทอด รสหมึกย่าง13ก หีบ x12แพค12)","U00001142","8850718909971","U00001142","","","","","","",""
"SKU-690-1725","690","1725","เลย์ร็อค มันฝรั่งทอด รสมันฝรั่งแท้13ก แพค12 (เลย์ร็อค มันฝรั่งทอด รสมันฝรั่งแท้13ก แพค12)","U00001143","8850718701063","U00001143","","","","","","",""
"SKU-690-1726","690","1726","เลย์ร็อค มันฝรั่งทอด รสมันฝรั่งแท้13ก แพค12 (เลย์ร็อค มันฝรั่งทอด รสมันฝรั่งแท้13ก หีบx12แพค12)","U00001143","8850718909995","U00001143","","","","","","",""
"SKU-691-1727","691","1727","เลย์ร็อค มันฝรั่งทอด รสกุ้งเผา13ก แพค12 (เลย์ร็อค มันฝรั่งทอด รสกุ้งเผา13ก แพค12)","-","-","-","","","","","","",""
"SKU-691-1728","691","1728","เลย์ร็อค มันฝรั่งทอด รสกุ้งเผา13ก แพค12 (เลย์ร็อค มันฝรั่งทอด รสกุ้งเผา13ก หีบx12แพค12)","-","-","-","","","","","","",""
"SKU-692-1730","692","1730","ไวตามิลค์ ทูโก ขวด 300มล รุ่นแพค	 (ไวตามิลค์ ทูโก ขวด 300มล รุ่นแพค 6)","U00001162","-","U00001162","","","","","","",""
"SKU-692-1729","692","1729","ไวตามิลค์ ทูโก ขวด 300มล รุ่นแพค	 (ไวตามิลค์ ทูโก ขวด 300มล รุ่นแพค  หีบx4 แพค 6)","U00001162","-","U00001162","","","","","","",""
"SKU-693-1732","693","1732","ไวตามิลค์ งาดำ กล่อง 300มล	 (ไวตามิลค์ งาดำ กล่อง 300มล แพค3)","U00001163","-","U00001163","","","","","","",""
"SKU-693-1731","693","1731","ไวตามิลค์ งาดำ กล่อง 300มล	 (ไวตามิลค์ งาดำ กล่อง 300มล	หีบx12 แพค3)","U00001163","-","U00001163","","","","","","",""
"SKU-694-1902","694","1902","ดัชมิลล์ นมเปรี้ยว 180มล ส้ม (ดัชมิลล์ นมเปรี้ยว 180มล ส้ม แพค4)","U00001164","8851717049026","U00001164","","","","","","",""
"SKU-694-1733","694","1733","ดัชมิลล์ นมเปรี้ยว 180มล ส้ม (ดัชมิลล์ นมเปรี้ยว 180มล ส้ม หีบx 12แพค4)","U00001164","18851717040020","U00001164","","","","","","",""
"SKU-695-1934","695","1934","ดัชมิลล์ นมเปรี้ยว 180มล ผลไม้รวม  (ดัชมิลล์ นมเปรี้ยว 180มล ผลไม้รวม เขียว แพค4)","U00001165","8851717049033","U00001165","","","","","","",""
"SKU-695-1734","695","1734","ดัชมิลล์ นมเปรี้ยว 180มล ผลไม้รวม  (ดัชมิลล์ นมเปรี้ยว 180มล ผลไม้รวม เขียว	หีบx12 แพค4)","U00001165","18851717040037","U00001165","","","","","","",""
"SKU-696-1933","696","1933","ดัชมิลล์ นมเปรี้ยว 180มล สตรอเบอรี่ (ดัชมิลล์ นมเปรี้ยว 180มล สตรอเบอรี่	แพค4)","U00001166","8851717049019","U00001166","","","","","","",""
"SKU-696-1735","696","1735","ดัชมิลล์ นมเปรี้ยว 180มล สตรอเบอรี่ (ดัชมิลล์ นมเปรี้ยว 180มล สตรอเบอรี่	หีบx12 แพค4)","U00001166","18851717040013","U00001166","","","","","","",""
"SKU-697-1736","697","1736","ดัชมิลล์ นมเปรี้ยว 180มล เบอร์รี่รวม (ดัชมิลค์ นมเปรี้ยว 180มล เบอร์รี่รวม	หีบx12 แพค4)","U00001167","18853002302042","U00001167","","","","","","",""
"SKU-697-1932","697","1932","ดัชมิลล์ นมเปรี้ยว 180มล เบอร์รี่รวม (ดัชมิลล์ นมเปรี้ยว 180มล เบอร์รี่รวม แพค4)","U00001167","8853002302045","U00001167","","","","","","",""
"SKU-698-1931","698","1931","ดัชมิลล์ นมเปรี้ยว 180มล บลูเบอร์รี่ (ดัชมิลล์ นมเปรี้ยวUHT 180มล บลูเบอร์รี่ แพค4)","U00001168","-","U00001168","","","","","","",""
"SKU-698-1737","698","1737","ดัชมิลล์ นมเปรี้ยว 180มล บลูเบอร์รี่ (ดัชมิลล์ นมเปรี้ยวUHT 180มล บลูเบอร์รี่	หีบx12 แพค4)","U00001168","18851717040242","U00001168","","","","","","",""
"SKU-699-1739","699","1739","ดีน่า งาดำ 180มล (ดีน่า งาดำ 180มล แพค4)","U00001169","-","U00001169","","","","","","",""
"SKU-699-1738","699","1738","ดีน่า งาดำ 180มล (ดีน่า งาดำ 180มล	หีบx12 แพค4)","U00001169","8853002080073","U00001169","","","","","","",""
"SKU-700-1741","700","1741","ดีน่า จมูกข้าวญี่ปุ่น 180มล (ดีน่า จมูกข้าวญี่ปุ่น 180มล	แพค4)","U00001170","-","U00001170","","","","","","",""
"SKU-700-1740","700","1740","ดีน่า จมูกข้าวญี่ปุ่น 180มล (ดีน่า จมูกข้าวญี่ปุ่น 180มล	หีบx12 แพค4)","U00001170","-","U00001170","","","","","","",""
"SKU-701-1743","701","1743","คาราบาว เครื่องดื่มชูกำลัง 150มล (คาราบาว เครื่องดื่มชูกำลัง 150มล แพค10)","U00001172","-","U00001172","","","","","","",""
"SKU-701-1742","701","1742","คาราบาว เครื่องดื่มชูกำลัง 150มล (คาราบาว เครื่องดื่มชูกำลัง 150มล หีบx5แพค10)","U00001172","18855790000018","U00001172","","","","","","",""
"SKU-702-1745","702","1745","เฮลซ์บลูบอย น้ำหวานเข้มข้น กลิ่นสละ 710มล (เฮลซ์บลูบอย กลิ่นสละ 710มล หีบx12)","U00001173","8850423001090","U00001173","","","","","","",""
"SKU-702-1744","702","1744","เฮลซ์บลูบอย น้ำหวานเข้มข้น กลิ่นสละ 710มล (เฮลซ์บลูบอย น้ำหวานเข้มข้น กลิ่นสละ 710มล)","U00001173","-","U00001173","","","","","","",""
"SKU-703-1746","703","1746","เนสกาแฟ เบลนด์&บรู น้ำตาลน้อย ม่วง 15ก. 27ซอง (เนสกาแฟ เบลนด์&บรู น้ำตาลน้อย ม่วง 15ก. 27ซอง)","U00001174","8850125078925","U00001174","","","","","","",""
"SKU-703-1747","703","1747","เนสกาแฟ เบลนด์&บรู น้ำตาลน้อย ม่วง 15ก. 27ซอง (เนสกาแฟ เบลนด์&บรู น้ำตาลน้อย(ม่วง)15ก. 27ซอง หีบx24)","U00001174","-","U00001174","","","","","","",""
"SKU-704-1748","704","1748","เนสที ชานมเย็น โรยัลมิลค์ที 33ก.x13ซอง (เนสที ชานมเย็น โรยัลมิลค์ที 33ก.x13ซอง)","U00001171","8850127061604","U00001171","","","","","","",""
"SKU-705-1749","705","1749","เนสที ชามิกซ์เบอรี่ 12.5ก.x18ซอง (เนสที ชามิกซ์เบอรี่ 12.5ก. แพค18ซอง)","U00001175","8850127006766","U00001175","","","","","","",""
"SKU-707-1752","707","1752","มาม่าชุด10ซ. หมูสับต้มยำ 60 ก. แพ็ค10ซอง (มาม่าชุด10ซ. หมูสับต้มยำ 60 ก. แพ็ค10ซอง)","U00001176","-","U00001176","","","","","","",""
"SKU-708-1753","708","1753","มาม่าชุด10ซ. เย็นตาโฟหม้อไฟ 60 ก. แพ็ค10ซอง (มาม่าชุด10ซ. เย็นตาโฟหม้อไฟ 60 ก. แพ็ค10ซอง)","U00001177","-","U00001177","","","","","","",""
"SKU-709-1754","709","1754","มาม่า โอเค 85ก.ซอง รสฮอตโคเรียน แพค4ซอง (มาม่า โอเค 85ก.ซอง รสฮอตโคเรียน แพคx4)","U00001178","8850987148248","U00001178","","","","","","",""
"SKU-710-1755","710","1755","มาม่า โอเค 85ก.ซอง รสฮอตแอนสไปซี่ (มาม่า โอเค 85ก.ซอง รสฮอตแอนสไปซี่  	แพคx4)","U00001179","8850987131158","U00001179","","","","","","",""
"SKU-711-1756","711","1756","มาม่า โอเค 85ก.ซอง รสผัดไข่เค็ม   (มาม่า โอเค 85ก.ซอง รสผัดไข่เค็ม  )","U00001180","8850987148699","U00001180","","","","","","",""
"SKU-712-1757","712","1757","มาม่า โอเค 85ก.ซอง รสคาโบนาร่าเบคอน   (มาม่า โอเค 85ก.ซอง รสคาโบนาร่าเบคอน  แพคx4)","U00001181","8850987150104","U00001181","","","","","","",""
"SKU-713-1758","713","1758","มาม่า โอเค 85ก.ซอง รสกุ้งผัดซอสต้มยำ   (มาม่า โอเค 85ก.ซอง รสกุ้งซอสต้มยำ  แพคx4)","U00001182","8850987148293","U00001182","","","","","","",""
"SKU-714-1759","714","1759","มาม่า โอเค 85ก.ซอง แห้งกลิ่นเห็ดทรัฟเฟิล   (มาม่า โอเค 85ก.ซอง แห้งกลิ่นเห็ดทรัฟเฟิล  แพคx4)","-","-","-","","","","","","",""
"SKU-715-2150","715","2150","มาม่า โอเค 85ก.ซอง รสหมาล่าเนื้อ   (มาม่า โอเค 85ก.ซอง รสหมาล่าเนื้อ  )","U00001184","-","U00001184","","","","","","",""
"SKU-715-1760","715","1760","มาม่า โอเค 85ก.ซอง รสหมาล่าเนื้อ   (มาม่า โอเค 85ก.ซอง รสหมาล่าเนื้อ  แพคx4)","U00001184","8850987151286","U00001184","","","","","","",""
"SKU-716-2149","716","2149","มาม่า โอเค 85ก.ซอง รสพะแนงเนื้อ   (มาม่า โอเค 85ก.ซอง รสพะแนงเนื้อ  )","U00001185","-","U00001185","","","","","","",""
"SKU-716-1761","716","1761","มาม่า โอเค 85ก.ซอง รสพะแนงเนื้อ   (มาม่า โอเค 85ก.ซอง รสพะแนงเนื้อ  แพคx4)","U00001185","8850987193125","U00001185","","","","","","",""
"SKU-717-1762","717","1762","มาม่า โอเค 85ก.ซอง รสทาโกะยากิ   (มาม่า โอเค 85ก.ซอง รสทาโกะยากิ  แพคx4)","U00001186","8850987193095","U00001186","","","","","","",""
"SKU-718-1763","718","1763","ยำยำสูตรเด็ด 80ก.ซอง รสต้มยำกุ้ง   	 (ยำยำสูตรเด็ด 80ก.ซอง รสต้มยำกุ้ง   แพคx5)","U00001187","-","U00001187","","","","","","",""
"SKU-719-1764","719","1764","ยำยำสูตรเด็ด 75ก.ซอง รสผัดฉ่าทะเล    (ยำยำสูตรเด็ด 75ก.ซอง รสผัดฉ่าทะเล แพคx5)","U00001188","8850250014171","U00001188","","","","","","",""
"SKU-720-1765","720","1765","ยำยำสูตรเด็ด 75ก.ซอง รสสไปซี่หอยเชลล์    (ยำยำสูตรเด็ด 75ก.ซอง รสสไปซี่หอยเชลล์  แพคx5)","U00001189","8850250014706","U00001189","","","","","","",""
"SKU-721-1766","721","1766","ยำยำสูตรเด็ด 80ก.ซอง รสต้มยำกุ้งน้ำข้น    (ยำยำสูตรเด็ด 75ก.ซอง รสต้มยำกุ้งน้ำข้น แพคx5)","U00001190","8850250014119","U00001190","","","","","","",""
"SKU-722-1767","722","1767","ยำยำสูตรเด็ด 75ก.ซอง รสทรัฟเฟิลซอสครีมปู    (ยำยำสูตรเด็ด 75ก.ซอง รสทรัฟเฟิลซอสปู แพคx5)","U00001191","8850250014218","U00001191","","","","","","",""
"SKU-723-1768","723","1768","ยำยำสูตรเด็ด 75ก.ซอง รสสไปซี่ล็อบสเตอร์    (ยำยำสูตรเด็ด 75ก.ซอง รสสไปซี่ล็อบสเตอร์ แพคx5)","U00001192","8850250014133","U00001192","","","","","","",""
"SKU-725-1772","725","1772","เบนโตะ ปลาหมึกอบ 4ก ปรุงรส (นง.) (เบนโตะ ปลาหมึกอบ 4ก ปรุงรส(นง) หีบx 24แผง12ซ)","U00001193","8850157400497","U00001193","","","","","","",""
"SKU-725-1770","725","1770","เบนโตะ ปลาหมึกอบ 4ก ปรุงรส (นง.) (เบนโตะ ปลาหมึกอบ 4ก ปรุงรส แผงx12ซ)","U00001193","8850157400039","U00001193","","","","","","",""
"SKU-726-1775","726","1775","เบนโตะ ปลาหมึกอบ 4ก รสทรงเครื่อง (แดง) (เบนโตะ ปลาหมึกอบ 4ก รสทรงเครื่อง(แดง) หีบx 24แผง12ซ)","U00001194","8850157400480","U00001194","","","","","","",""
"SKU-726-1774","726","1774","เบนโตะ ปลาหมึกอบ 4ก รสทรงเครื่อง (แดง) (เบนโตะ ปลาหมึกอบ 4ก รสทรงเครื่อง แผงx12ซ)","U00001194","8850157400114","U00001194","","","","","","",""
"SKU-727-1776","727","1776","เบนโตะ ปลาหมึกอบ 4ก รสน้ำพริกตำรับไทย (ส้ม) (เบนโตะ ปลาหมึกอบ 4ก รสน้ำพริกตำรับไทย ส้ม แผง12ซ)","U00001195","-","U00001195","","","","","","",""
"SKU-727-1777","727","1777","เบนโตะ ปลาหมึกอบ 4ก รสน้ำพริกตำรับไทย (ส้ม) (เบนโตะ ปลาหมึกอบ 4ก รสน้ำพริกตำรับไทย	หีบx 24แผง12ซ)","U00001195","-","U00001195","","","","","","",""
"SKU-728-1778","728","1778","เบนโตะ ปลาหมึกอบ 4ก รสซีฟู้ดส์จัดจ้าน เขียว (เบนโตะ ปลาหมึกอบ 4ก รสซีฟู้ดส์จัดจ้าน เขียว แผง12ซ)","U00001196","8850157403658","U00001196","","","","","","",""
"SKU-728-1779","728","1779","เบนโตะ ปลาหมึกอบ 4ก รสซีฟู้ดส์จัดจ้าน เขียว (เบนโตะ ปลาหมึกอบ 4ก รสซีฟู้ดส์จัดจ้าน หีบx 24แผง12ซ)","U00001196","8850157403665","U00001196","","","","","","",""
"SKU-730-1782","730","1782","โก๋แก่ ถั่วลิสงอบกรอบ รสกะทิ 75ก. (โก๋แก่ ถั่วลิสงอบกรอบ รสกะทิ 75ก. แพค3)","-","-","-","","","","","","",""
"SKU-731-1783","731","1783","โก๋แก่ ถั่วเคลือบรสวาซาบิ 75 ก. (โก๋แก่ ถั่วเคลือบรสวาซาบิ 75 ก. แพค3)","-","-","-","","","","","","",""
"SKU-732-1784","732","1784","โก๋แก่ ถั่วลิสง ฝักอบกรอบ 100ก. (โก๋แก่ ถั่วลิสง ฝักอบกรอบ 100ก.แพค3)","-","-","-","","","","","","",""
"SKU-734-1786","734","1786","ยำยำสูตรเด็ด 75ก.ซอง รสสไปซี่ทริปเปิ้ลชีส (ยำยำสูตรเด็ด 80ก.ซอง รสสไปซี่ทริปเปิ้ลชีส แพค5)","U00001201","8850250014669","U00001201","","","","","","",""
"SKU-735-1787","735","1787","โลตัส ขนมขาไก่ รสทรงเครื่อง 20 ก. (โลตัส ขนมขาไก่ รสทรงเครื่อง 20 ก.แพค12)","U00001202","850157511773","U00001202","","","","","","",""
"SKU-735-1788","735","1788","โลตัส ขนมขาไก่ รสทรงเครื่อง 20 ก. (โลตัส ขนมขาไก่ รสทรงเครื่อง 20 ก.หีบx 12แพค12)","U00001202","8850157513005","U00001202","","","","","","",""
"SKU-736-1789","736","1789","โลตัส ขนมน่องไก่ รสบาร์บีคิว 15 ก. (โลตัส ขนมน่องไก่ รสบาร์บีคิว 15 ก.แพค12)","U00001203","-","U00001203","","","","","","",""
"SKU-736-1790","736","1790","โลตัส ขนมน่องไก่ รสบาร์บีคิว 15 ก. (โลตัส ขนมน่องไก่ รสบาร์บีคิว 15 ก.หีบx 12แพค12)","U00001203","-","U00001203","","","","","","",""
"SKU-737-1792","737","1792","เปา ผงซักฟอก ซุปเปอร์ไวท์ 1800ก (เปา ผงซักฟอก ซุปเปอร์ไวท์ 1800ก)","U00001204","-","U00001204","","","","","","",""
"SKU-737-1791","737","1791","เปา ผงซักฟอก ซุปเปอร์ไวท์ 1800ก (เปา ผงซักฟอก ซุปเปอร์ไวท์ 1800ก หีบx6)","U00001204","-","U00001204","","","","","","",""
"SKU-738-1794","738","1794","เปา ผงซักฟอก ซุปเปอร์ซอฟท์ 1800ก (เปา ผงซักฟอก ซุปเปอร์ซอฟท์ 1800ก)","U00001205","-","U00001205","","","","","","",""
"SKU-738-1793","738","1793","เปา ผงซักฟอก ซุปเปอร์ซอฟท์ 1800ก (เปา ผงซักฟอก ซุปเปอร์ซอฟท์ 1800ก หีบx6)","U00001205","-","U00001205","","","","","","",""
"SKU-739-1795","739","1795","ซี-วิท เครื่องดื่มวิตามินซี 140 มล. รสเลมอน  (ซี-วิท เครื่องดื่มวิตามินซี 140 มล. รสเลมอน แพค10)","U00001206","8851123237017","U00001206","","","","","","",""
"SKU-739-1796","739","1796","ซี-วิท เครื่องดื่มวิตามินซี 140 มล. รสเลมอน  (ซี-วิท เครื่องดื่มวิตามินซี 140 มล. รสเลมอน	หีบx 3แพค10)","U00001206","8851123237024","U00001206","","","","","","",""
"SKU-740-1797","740","1797","ซี-วิท เครื่องดื่มวิตามินซี 140 มล. รสส้ม (ซี-วิท เครื่องดื่มวิตามินซี 140 มล. รสส้ม แพค10)","U00001207","8851123237048","U00001207","","","","","","",""
"SKU-740-1798","740","1798","ซี-วิท เครื่องดื่มวิตามินซี 140 มล. รสส้ม (ซี-วิท เครื่องดื่มวิตามินซี 140 มล. รสส้ม	หีบ x3แพค10)","U00001207","8851123237055","U00001207","","","","","","",""
"SKU-741-1799","741","1799","ซี-วิท เครื่องดื่มวิตามินซี 140 มล. รสทับทิม (ซี-วิท เครื่องดื่มวิตามินซี 140 มล. รสทับทิม แพค10)","U00001208","8851123237079","U00001208","","","","","","",""
"SKU-741-1800","741","1800","ซี-วิท เครื่องดื่มวิตามินซี 140 มล. รสทับทิม (ซี-วิท เครื่องดื่มวิตามินซี 140 มล. รสทับทิม หีบx3แพค10)","U00001208","8851123237086","U00001208","","","","","","",""
"SKU-742-1801","742","1801","เกสร น้ำมันปาล์ม ขวด 250มล (เกสร น้ำมันปาล์ม ขวด 250มล แพค12)","U00001209","8851494127566","U00001209","","","","","","",""
"SKU-742-1802","742","1802","เกสร น้ำมันปาล์ม ขวด 250มล (เกสร น้ำมันปาล์ม ขวด 250มล	หีบx4 แพค12)","U00001209","28851494007565","U00001209","","","","","","",""
"SKU-743-1803","743","1803","แจ็กซ์ มันฝรั่งแท่งทอดกรอบ w/ซอสมะเขือเทศ 12 ก. (แจ็กซ์ มันฝรั่งแท่งทอดกรอบ w/ซอสมะเขือเทศ 12 ก. แพค12)","-","-","-","","","","","","",""
"SKU-743-1804","743","1804","แจ็กซ์ มันฝรั่งแท่งทอดกรอบ w/ซอสมะเขือเทศ 12 ก. (แจ็กซ์ มันฝรั่งแท่งทอดกรอบ w/ซอสมะเขือเทศ 12 ก.	หีบx8 แพค12)","-","-","-","","","","","","",""
"SKU-745-1807","745","1807","ตราหมี อิ่มดี เครื่องดื่มธัญญาหาร อิ่มดี 20 ก. (ตราหมี อิ่มดี เครื่องดื่มธัญญาหาร อิ่มดี 20 ก.แพค15)","U00001211","8850125077935","U00001211","","","","","","",""
"SKU-746-1808","746","1808","เย็นเย็น จับเลี้ยง 315 มล. (เย็นเย็น เครื่องดื่ม จับเลี้ยง 315 มล. หีบx24)","U00001212","8858891302480","U00001212","","","","","","",""
"SKU-747-1809","747","1809","รีจอยส์ แชมพู 60มล  ริช ซอฟท์ สมูท  (รีจอยส์ แชมพู 60มล  ริช ซอฟท์ สมูท แพค6)","U00001216","4902430459679","U00001216","","","","","","",""
"SKU-747-1810","747","1810","รีจอยส์ แชมพู 60มล  ริช ซอฟท์ สมูท  (รีจอยส์ แชมพู 60มล  ริช ซอฟท์สมูท หีบx8แพค6)","U00001216","-","U00001216","","","","","","",""
"SKU-748-1812","748","1812","เนสท์เล่ เพียวไลฟ์ น้ำดื่ม 6 ล. (เนสท์เล่ เพียวไลฟ์ น้ำดื่ม 6 ล.)","-","-","-","","","","","","",""
"SKU-749-1816","749","1816","แจ็กซ์ มันฝรั่งแท่งทอดกรอบ w/ซอสพริก 12 ก. (แจ็กซ์ มันฝรั่งแท่งทอดกรอบ w/ซอสพริก 12 ก. แพค12)","-","-","-","","","","","","",""
"SKU-749-1817","749","1817","แจ็กซ์ มันฝรั่งแท่งทอดกรอบ w/ซอสพริก 12 ก. (แจ็กซ์ มันฝรั่งแท่งทอดกรอบ w/ซอสพริก 12 ก. หีบx8แพค12)","-","-","-","","","","","","",""
"SKU-750-1818","750","1818","บันบัน ขนมถั่วลันเตาอบกรอบ รสดั้งเดิม 14 ก. (บันบัน ขนมถั่วลันเตาอบกรอบ รสดั้งเดิม 14 ก.แพค12)","U00001214","-","U00001214","","","","","","",""
"SKU-750-1819","750","1819","บันบัน ขนมถั่วลันเตาอบกรอบ รสดั้งเดิม 14 ก. (บันบัน ขนมถั่วลันเตาอบกรอบ รสดั้งเดิม 14 ก. หีบx8แพค12)","U00001214","-","U00001214","","","","","","",""
"SKU-751-1820","751","1820","คาลบี้ ข้าวเกรียบกุ้ง รสดั้งเดิม 12 ก. (คาลบี้ ข้าวเกรียบกุ้ง รสดั้งเดิม 12 ก. แพค12)","U00001215","-","U00001215","","","","","","",""
"SKU-751-1821","751","1821","คาลบี้ ข้าวเกรียบกุ้ง รสดั้งเดิม 12 ก. (คาลบี้ ข้าวเกรียบกุ้ง รสดั้งเดิม 12 ก.	หีบx8 แพค12)","U00001215","-","U00001215","","","","","","",""
"SKU-753-1823","753","1823","เบงเบง เวเฟอร์สอดไส้ช็อก 20ก (เบงเบง เวเฟอร์สอดไส้ช็อก 20ก แพค12)","U00001217","8850580200060","U00001217","","","","","","",""
"SKU-753-1824","753","1824","เบงเบง เวเฟอร์สอดไส้ช็อก 20ก (เบงเบง เวเฟอร์สอดไส้ช็อก 20ก หีบx12แพค12)","U00001217","18850580200067","U00001217","","","","","","",""
"SKU-754-1826","754","1826","เนสกาแฟ เรดคัพ กาแฟสำเร็จรูป 40 ก. (เนสกาแฟ เรดคัพ กาแฟสำเร็จรูป 40 ก กล่องx24)","U00001218","8850128000114","U00001218","","","","","","",""
"SKU-754-1827","754","1827","เนสกาแฟ เรดคัพ กาแฟสำเร็จรูป 40 ก. (เนสกาแฟ เรดคัพ กาแฟสำเร็จรูป 40 ก.	หีบx4กล่อง24)","U00001218","8850128000121","U00001218","","","","","","",""
"SKU-755-1828","755","1828","ไฮยีน ปรับผ้านุ่ม 110มล ไลฟ์เซ้นท์ ซันคิส น้ำเงินอควา  (ไฮยีน ปรับผ้านุ่ม 110มล ไลฟ์เซ้นท์ ซันคิส น้ำเงิน แพค3)","U00001221","8850092294229","U00001221","","","","","","",""
"SKU-755-1829","755","1829","ไฮยีน ปรับผ้านุ่ม 110มล ไลฟ์เซ้นท์ ซันคิส น้ำเงินอควา  (ไฮยีน ปรับผ้านุ่ม 110มล ไลฟ์เซ้นท์ ซันคิส น้ำเงิน 	หีบx16แพค3)","U00001221","48850092294210","U00001221","","","","","","",""
"SKU-756-1831","756","1831","ไฮยีน ปรับผ้านุ่ม 110มล ไลฟ์เซ้นท์ เลิฟลี่ ชมพู  (ไฮยีน ปรับผ้านุ่ม 110มล ไลฟ์เซ้นท์ เลิฟลี่ ชมพู แพค3)","U00001222","8850092292225","U00001222","","","","","","",""
"SKU-756-1830","756","1830","ไฮยีน ปรับผ้านุ่ม 110มล ไลฟ์เซ้นท์ เลิฟลี่ ชมพู  (ไฮยีน ปรับผ้านุ่ม 110มล ไลฟ์เซ้นท์ เลิฟลี่ ชมพู หีบx16แพค3)","U00001222","48850092292223","U00001222","","","","","","",""
"SKU-757-1832","757","1832","ไฮยีน ปรับผ้านุ่ม 110มล ไลฟ์เซ้นท์ แองเจิลบลูม แดง  (ไฮยีน ปรับผ้านุ่ม 110มล ไลฟ์เซ้นท์ แองเจิลบลูม แดง แพค3)","U00001223","8850092291464","U00001223","","","","","","",""
"SKU-757-1833","757","1833","ไฮยีน ปรับผ้านุ่ม 110มล ไลฟ์เซ้นท์ แองเจิลบลูม แดง  (ไฮยีน ปรับผ้านุ่ม 110มล ไลฟ์เซ้นท์ แองเจิลบลูม แดง หีบx16แพค3)","U00001223","48850092291462","U00001223","","","","","","",""
"SKU-758-1834","758","1834","ไฮยีน ปรับผ้านุ่ม 110มล ฟอร์เอฟเวอร์ บลูม ชมพู  (ไฮยีน ปรับผ้านุ่ม 110มล ฟอร์เอฟเวอร์ บลูม ชมพู แพค3)","U00001224","8850092313104","U00001224","","","","","","",""
"SKU-758-1835","758","1835","ไฮยีน ปรับผ้านุ่ม 110มล ฟอร์เอฟเวอร์ บลูม ชมพู  (ไฮยีน ปรับผ้านุ่ม 110มล ฟอร์เอฟเวอร์ บลูม ชมพู หีบx16แพค3)","U00001224","48850092313102","U00001224","","","","","","",""
"SKU-759-1836","759","1836","ไฮยีน ปรับผ้านุ่ม 110มล ฟอร์เอฟเวอร์ ไทม์เลสบลูม  ฟ้า (ไฮยีน ปรับผ้านุ่ม 110มล ฟอร์เอฟเวอร์ ไทม์เลสบลูม  ฟ้า แพค3)","U00001225","-","U00001225","","","","","","",""
"SKU-759-1837","759","1837","ไฮยีน ปรับผ้านุ่ม 110มล ฟอร์เอฟเวอร์ ไทม์เลสบลูม  ฟ้า (ไฮยีน ปรับผ้านุ่ม 110มล ฟอร์เอฟเวอร์ ไทม์เลสบลูม  ฟ้า หีบx16แพค3)","U00001225","-","U00001225","","","","","","",""
"SKU-760-1838","760","1838","ไฮยีน ปรับผ้านุ่ม 110มล เนเจอร์ ซันไรส์คิส ชมพูอ่อน  (ไฮยีน ปรับผ้านุ่ม 110มล เนเจอร์ ซันไรส์คิส ชมพูอ่อน แพค3)","U00001226","8850092275228","U00001226","","","","","","",""
"SKU-760-1839","760","1839","ไฮยีน ปรับผ้านุ่ม 110มล เนเจอร์ ซันไรส์คิส ชมพูอ่อน  (ไฮยีน ปรับผ้านุ่ม 110มล เนเจอร์ ซันไรส์คิส ชมพูอ่อน หีบx16แพค3)","U00001226","48850092275226","U00001226","","","","","","",""
"SKU-761-1841","761","1841","ไฮยีน ปรับผ้านุ่ม 110มล เนเจอร์ แอรี่สกาย ฟ้าอ่อน  (ไฮยีน ปรับผ้านุ่ม 110มล เนเจอร์ แอรี่สกาย ฟ้าอ่อน )","U00001227","-","U00001227","","","","","","",""
"SKU-761-1840","761","1840","ไฮยีน ปรับผ้านุ่ม 110มล เนเจอร์ แอรี่สกาย ฟ้าอ่อน  (ไฮยีน ปรับผ้านุ่ม 110มล เนเจอร์ แอรี่สกาย ฟ้าอ่อน แพค3)","U00001227","-","U00001227","","","","","","",""
"SKU-762-1842","762","1842","เนสกาแฟ เรดคัพ กาแฟสำเร็จรูป 80 ก. (เนสกาแฟ เรดคัพ กาแฟสำเร็จรูป 80 ก.)","U00001219","8850124022981","U00001219","","","","","","",""
"SKU-762-2777","762","2777","เนสกาแฟ เรดคัพ กาแฟสำเร็จรูป 80 ก. (เนสกาแฟ เรดคัพ กาแฟสำเร็จรูป 80 ก.แพค6)","U00001219","8850124023612","U00001219","","","","","","",""
"SKU-763-1843","763","1843","เนสกาแฟ เรดคัพ เอสเปรสโซโรสท์ 70 ก. (เนสกาแฟ เรดคัพ เอสเปรสโซโรสท์ 70 ก.)","-","-","-","","","","","","",""
"SKU-764-1844","764","1844","ควิกไวไว ต้มยำพริกเผา (ถ้วย) 60 ก. (ควิกไวไว ต้มยำพริกเผา (ถ้วย) 60 ก. แพค6)","-","-","-","","","","","","",""
"SKU-765-1845","765","1845","ควิกไวไว ต้มยำมันกุ้ง (ถ้วย) 60 ก. (ควิกไวไว ต้มยำมันกุ้ง (ถ้วย) 60 ก.แพค6)","-","-","-","","","","","","",""
"SKU-766-1846","766","1846","ควิกไวไว กุ้งนึ่งมะนาว (ถ้วย) 60 ก. (ควิกไวไว กุ้งนึ่งมะนาว (ถ้วย) 60 ก.แพค6)","U00001231","-","U00001231","","","","","","",""
"SKU-767-1847","767","1847","นิสชิน บะหมี่กึ่งสำเร็จรูป ซอสครีมต้มยำมันกุ้ง 71 ก. (นิสชิน บะหมี่กึ่งสำเร็จรูป ซอสครีมต้มยำมันกุ้ง 71 ก.แพค5)","U00001232","-","U00001232","","","","","","",""
"SKU-768-1849","768","1849","ไมโล 3in1 แอคทีฟโก 23ก 13ซอง (ไมโล 3in1 แอคทีฟโก 23ก 13ซอง	หีบx18แพค)","U00001241","8850127009347","U00001241","","","","","","",""
"SKU-768-1848","768","1848","ไมโล 3in1 แอคทีฟโก 23ก 13ซอง (ไมโล 3in1 แอคทีฟโก 23ก แพค13ซอง)","U00001241","8850127009330","U00001241","","","","","","",""
"SKU-769-1850","769","1850","ไวไว 7บ บะหมี่ปรุงสำเร็จ 57 ก. กล่อง30ซ (ไวไว 7บ บะหมี่ปรุงสำเร็จ 57 ก. กล่อง30ซ)","U00001243","8850100110114","U00001243","","","","","","",""
"SKU-769-1851","769","1851","ไวไว 7บ บะหมี่ปรุงสำเร็จ 57 ก. กล่อง30ซ (ไวไว 7บ บะหมี่ปรุงสำเร็จ 57 ก. กล่อง30ซ	หีบx6กล่อง)","U00001243","28850100000013","U00001243","","","","","","",""
"SKU-770-1852","770","1852","ไวไว บะหมี่ 60ก  หอยลายผัดฉ่า แพค10ซอง (ไวไว บะหมี่ 60ก  หอยลายผัดฉ่า แพค10ซอง)","U00001244","-","U00001244","","","","","","",""
"SKU-771-1853","771","1853","ไวไว บะหมี่ 60ก เป็ดพะโล้ แพค10ซอง   (ไวไว บะหมี่ 60ก เป็ดพะโล้ แพค10ซอง  )","-","-","-","","","","","","",""
"SKU-772-1854","772","1854","ไวไว บะหมี่ 60ก ต้มยำกุ้งน้ำข้น แพค10ซอง  (ไวไว บะหมี่ 60ก ต้มยำกุ้งน้ำข้น แพค10ซอง )","U00001246","-","U00001246","","","","","","",""
"SKU-773-1855","773","1855","ไวไว บะหมี่ 60ก หมูสับต้มยำ แพค10ซอง  (ไวไว บะหมี่ 60ก หมูสับต้มยำ แพค10ซอง )","U00001247","-","U00001247","","","","","","",""
"SKU-774-1856","774","1856","หมึกกรุบ เส้นบุกปรุงรส 18ก หมาล่าดั้งเดิม กล่อง20ซ (หมึกกรุบ เส้นบุกปรุงรส 18ก หมาล่าดั้งเดิม ส้ม กล่อง20ซ)","U00001248","8859745200358","U00001248","","","","","","",""
"SKU-775-1857","775","1857","เนสวิต้า เครื่องดื่มธัญญาหาร รสดั้งเดิม 25ก แพค12ซ (เนสวิต้า เครื่องดื่มธัญญาหาร รสดั้งเดิม 25ก แพค12ซ)","U00001249","8850127003505","U00001249","","","","","","",""
"SKU-776-1858","776","1858","ภูเขาทอง ซอสพริกเผ็ดน้อย 230 ก (ภูเขาทอง ซอสพริกเผ็ดน้อย 230 ก แพค6)","U00001250","-","U00001250","","","","","","",""
"SKU-776-1859","776","1859","ภูเขาทอง ซอสพริกเผ็ดน้อย 230 ก (ภูเขาทอง ซอสพริกเผ็ดน้อย 230 ก	หีบx4แพค6)","U00001250","-","U00001250","","","","","","",""
"SKU-777-1860","777","1860","โคล่าแม็กซ์ น้ำผลไม้25% 450มล ผลไม้รวม (โคล่าแม็กซ์ น้ำผลไม้25% 450มล ผลไม้รวม แพค12)","U00001233","8859567300366","U00001233","","","","","","",""
"SKU-778-1861","778","1861","โคล่าแม็กซ์ น้ำผลไม้25% 450มล เลมอน (โคล่าแม็กซ์ น้ำผลไม้25% 450มล เลมอน แพค12)","U00001234","8859567300397","U00001234","","","","","","",""
"SKU-779-1862","779","1862","โคล่าแม็กซ์ น้ำผลไม้25% 450มล ส้ม (โคล่าแม็กซ์ น้ำผลไม้25% 450มล ส้ม แพค12)","U00001235","8859567300373","U00001235","","","","","","",""
"SKU-780-1863","780","1863","โคล่าแม็กซ์ น้ำผลไม้25% 450มล ลิ้นจี่ (โคล่าแม็กซ์ น้ำผลไม้25% 450มล ลิ้นจี่ แพค12)","U00001236","18859567350023","U00001236","","","","","","",""
"SKU-781-1864","781","1864","โตเกียวเยลลี่ น้ำผลไม้25% 450มล ผลไม้รวม (โตเกียวเยลลี่ น้ำผลไม้25% 450มล ผลไม้รวม แพค12)","U00001237","-","U00001237","","","","","","",""
"SKU-782-1865","782","1865","โตเกียวเยลลี่ น้ำผลไม้25% 450มล เลมอน (โตเกียวเยลลี่ น้ำผลไม้25% 450มล เลมอน	แพค12)","U00001238","18859567350009","U00001238","","","","","","",""
"SKU-783-3736","783","3736","ภูเขาทอง ซอสพริกเผ็ดน้อย 680 ก  (ภูเขาทอง ซอสพริกเผ็ดน้อย 680 ก)","U00001251","8851954103512","U00001251","","","","","","",""
"SKU-783-1866","783","1866","ภูเขาทอง ซอสพริกเผ็ดน้อย 680 ก  (ภูเขาทอง ซอสพริกเผ็ดน้อย 680 ก แพค3)","U00001251","-","U00001251","","","","","","",""
"SKU-783-2191","783","2191","ภูเขาทอง ซอสพริกเผ็ดน้อย 680 ก  (ภูเขาทอง ซอสพริกเผ็ดน้อย 680 มล หีบx12)","U00001251","48851954103510","U00001251","","","","","","",""
"SKU-784-1867","784","1867","ภูเขาทอง ซอสปรุงรส ฝาเขียว 500 มล (ภูเขาทอง ซอสปรุงรส ฝาเขียว 500 มล แพค6)","U00001252","-","U00001252","","","","","","",""
"SKU-784-2019","784","2019","ภูเขาทอง ซอสปรุงรส ฝาเขียว 500 มล (ภูเขาทอง ซอสปรุงรส ฝาเขียว 500 มล หีบx4แพค6)","U00001252","-","U00001252","","","","","","",""
"SKU-785-1868","785","1868","ภูเขาทอง ซอสปรุงรส ฝาเขียว 1 ลิตร (ภูเขาทอง ซอสปรุงรส ฝาเขียว 1 ลิตร แพค3)","U00001253","-","U00001253","","","","","","",""
"SKU-785-3096","785","3096","ภูเขาทอง ซอสปรุงรส ฝาเขียว 1 ลิตร (ภูเขาทอง ซอสปรุงรส ฝาเขียว 1 ลิตร หีบx12)","U00001253","48851954101233","U00001253","","","","","","",""
"SKU-786-1869","786","1869","ภูเขาทอง ซีอิ๊วขาว 600มล (ภูเขาทอง ซีอิ๊วขาว 600มล แพค3)","U00001254","8851954107817","U00001254","","","","","","",""
"SKU-786-2021","786","2021","ภูเขาทอง ซีอิ๊วขาว 600มล (ภูเขาทอง ซีอิ๊วขาว 600มล หีบx4แพค3)","U00001254","88851954107813","U00001254","","","","","","",""
"SKU-787-1870","787","1870","ภูเขาทอง ซอสปรุงรส ฝาน้ำตาล 600มล แพค3+1 (ภูเขาทอง ซอสปรุงรส ฝาน้ำตาล 600มล แพค3+1)","U00001255","8851954196378","U00001255","","","","","","",""
"SKU-787-1873","787","1873","ภูเขาทอง ซอสปรุงรส ฝาน้ำตาล 600มล แพค3+1 (ภูเขาทอง ซอสปรุงรส ฝาน้ำตาล 600มล แพค3+1 หีบx4p)","U00001255","38851954196379","U00001255","","","","","","",""
"SKU-788-1871","788","1871","เนสวิต้า เครื่องดื่มธัญญาหาร รสข้าวโพด 23ก แพค12ซ (เนสวิต้า เครื่องดื่มธัญญาหาร รสข้าวโพด 23ก แพค12ซ)","U00001256","8850127061918","U00001256","","","","","","",""
"SKU-789-1872","789","1872","เนสวิต้า เครื่องดื่มธัญญาหาร น้ำตาลน้อย 25ก แพค12ซ (เนสวิต้า เครื่องดื่มธัญญาหาร น้ำตาลน้อย 25ก แพค12ซ)","U00001257","8850127003574","U00001257","","","","","","",""
"SKU-790-1874","790","1874","โฟร์โมสต์ โอเมก้า รสจืด 180 มล (โฟรโมสต์ โอเมก้า รสจืด 180 มล หีบx9แพค4)","U00001262","38850188800052","U00001262","3885018880005","","หีบ","","","",""
"SKU-791-1875","791","1875","โตเกียวเยลลี่ น้ำผลไม้25% 450มล ส้ม (โตเกียวเยลลี่ น้ำผลไม้25% 450มล ส้ม แพค12)","U00001239","18859567340000","U00001239","","","","","","",""
"SKU-792-1876","792","1876","โตเกียวเยลลี่ น้ำผลไม้25% 450มล ลิ้นจี่ (โตเกียวเยลลี่ น้ำผลไม้25% 450มล ลิ้นจี่ แพค12)","U00001240","18859567350016","U00001240","","","","","","",""
"SKU-793-1880","793","1880","ไฮยีน ปรับผ้านุ่ม 110มล. พีโอนี่บลูม ดำ  (ไฮยีน ปรับผ้านุ่ม 110มล. พีโอนี่ ดำ แพค3)","U00001264","8850092298227","U00001264","","","","","","",""
"SKU-793-1881","793","1881","ไฮยีน ปรับผ้านุ่ม 110มล. พีโอนี่บลูม ดำ  (ไฮยีน ปรับผ้านุ่ม 110มล. พีโอนี่ ดำ หีบx16แพค3)","U00001264","48850092298218","U00001264","","","","","","",""
"SKU-794-1882","794","1882","ไฮยีน ปรับผ้านุ่ม 110มล. มิลกี้ทัช ขาว  (ไฮยีน ปรับผ้านุ่ม 110มล. มิลกี้ทัช ขาว แพค3)","U00001265","8850092280222","U00001265","","","","","","",""
"SKU-794-1883","794","1883","ไฮยีน ปรับผ้านุ่ม 110มล. มิลกี้ทัช ขาว  (ไฮยีน ปรับผ้านุ่ม 110มล. มิลกี้ทัช ขาว หีบx16แพค3)","U00001265","48850092280220","U00001265","","","","","","",""
"SKU-795-1884","795","1884","ไฮยีน ปรับผ้านุ่ม 110มล. มอร์นิ่งเฟรช ฟ้า (ไฮยีน ปรับผ้านุ่ม 110มล. มอร์นิ่งเฟรช ฟ้า แพค3)","U00001266","8850092283209","U00001266","","","แพ็ค","","","",""
"SKU-795-1885","795","1885","ไฮยีน ปรับผ้านุ่ม 110มล. มอร์นิ่งเฟรช ฟ้า (ไฮยีน ปรับผ้านุ่ม 110มล. มอร์นิ่งเฟรช ฟ้าหีบx16แพค3)","U00001266","48850092283207","U00001266","","","หีบ","","","",""
"SKU-796-1887","796","1887","ไฮยีน ปรับผ้านุ่ม 110มล. เลิฟทัช โอโรส (ฮยีน ปรับผ้านุ่ม 110มล. เลิฟทัช โอโรส หีบx16แพค3)","U00001267","48850092287205","U00001267","","","","","","",""
"SKU-796-1886","796","1886","ไฮยีน ปรับผ้านุ่ม 110มล. เลิฟทัช โอโรส (ไฮยีน ปรับผ้านุ่ม 110มล. เลิฟทัช โอโรส แพค3)","U00001267","8850092287207","U00001267","","","","","","",""
"SKU-797-1888","797","1888","มาม่า โอเค 85ก.ซอง รสทงคตสึ	 (มาม่า โอเค 85ก.ซอง รสทงคตสึ	แพค4)","U00001268","8850987194979","U00001268","","","","","","",""
"SKU-798-1889","798","1889","มาม่า โอเค 85ก.ซอง รสกิมจิซีฟู้ด (มาม่า โอเค 85ก.ซอง รสกิมจิซีฟู้ด แพค4)","U00001269","8850987195006","U00001269","","","","","","",""
"SKU-799-1890","799","1890","มาม่า โอเค 85ก.ซอง รสหมูแดง (มาม่า โอเค 85ก.ซอง รสหมูแดง แพค4)","U00001270","8850987195181","U00001270","","","","","","",""
"SKU-800-1891","800","1891","นิสชิน บะหมี่ซอง รสเอ็กซ์ตรีมไก่เผ็ด 60 ก.	 (นิสชิน บะหมี่ซอง รสเอ็กซ์ตรีมไก่เผ็ด 60 ก.	แพค5)","U00001260","-","U00001260","","","","","","",""
"SKU-800-1985","800","1985","นิสชิน บะหมี่ซอง รสเอ็กซ์ตรีมไก่เผ็ด 60 ก.	 (นิสชิน บะหมี่ซอง รสเอ็กซ์ตรีมไก่เผ็ด 60 ก .หีบx36แพค)","U00001260","-","U00001260","","","","","","",""
"SKU-801-1892","801","1892","นิสชิน บะหมี่ซอง รสไก่เผ็ดเกาหลี 60 ก.	 (นิสชิน บะหมี่ซอง รสไก่เผ็ดเกาหลี 60 ก.	แพค5)","U00001258","-","U00001258","","","","","","",""
"SKU-801-1986","801","1986","นิสชิน บะหมี่ซอง รสไก่เผ็ดเกาหลี 60 ก.	 (นิสชิน บะหมี่ซอง รสไก่เผ็ดเกาหลี 60 ก.	หีบx36แพค5)","U00001258","-","U00001258","","","","","","",""
"SKU-802-1893","802","1893","นิสชิน บะหมี่ซอง รสไก่เผ็ดเกาหลีไข่เค็ม 60 ก. (นิสชิน บะหมี่ซอง รสไก่เผ็ดเกาหลีไข่เค็ม 60 ก.แพค5)","U00001259","-","U00001259","","","","","","",""
"SKU-802-1987","802","1987","นิสชิน บะหมี่ซอง รสไก่เผ็ดเกาหลีไข่เค็ม 60 ก. (นิสชิน บะหมี่ซอง รสไก่เผ็ดเกาหลีไข่เค็ม 60 ก. หีบx36แพค5)","U00001259","-","U00001259","","","","","","",""
"SKU-803-1894","803","1894","นิสชิน บะหมี่ซอง รสทงคัตสึราเมน 60 ก. (นิสชิน บะหมี่ซอง รสทงคัตสึราเมน 60 ก.แพค5)","U00001261","-","U00001261","","","","","","",""
"SKU-803-1988","803","1988","นิสชิน บะหมี่ซอง รสทงคัตสึราเมน 60 ก. (นิสชิน บะหมี่ซอง รสทงคัตสึราเมน 60 ก.หีบx36แพค5)","U00001261","-","U00001261","","","","","","",""
"SKU-804-1895","804","1895","โก๋แก่ ถั่วลิสงอบกรอบ รสไก่ 75ก. (โก๋แก่ ถั่วลิสงอบกรอบ รสไก่ 75ก.แพคx3)","U00001271","-","U00001271","","","","","","",""
"SKU-807-1903","807","1903","ซูกัส ลูกอมกลิ่นผลไม้ต่างๆ 100 ชิ้น (ซูกัส ลูกอมกลิ่นผลไม้ต่างๆ 100 ชิ้น)","U00001274","-","U00001274","","","","","","",""
"SKU-808-1904","808","1904","เด็กสมบูรณ์ ซอสหอยนางรมสูตรเข้มข้น 800ก 	 (เด็กสมบูรณ์ ซอสหอยนางรมสูตรเข้มข้น 800ก 	)","U00001263","8850206117512","U00001263","","","","","","",""
"SKU-808-2778","808","2778","เด็กสมบูรณ์ ซอสหอยนางรมสูตรเข้มข้น 800ก 	 (เด็กสมบูรณ์ ซอสหอยนางรมสูตรเข้มข้น 800ก 	แพค3)","U00001263","8850206900633","U00001263","","","","","","",""
"SKU-808-1905","808","1905","เด็กสมบูรณ์ ซอสหอยนางรมสูตรเข้มข้น 800ก 	 (เด็กสมบูรณ์ ซอสหอยนางรมสูตรเข้มข้น 800ก 	หีบx12)","U00001263","18850206117519","U00001263","","","","","","",""
"SKU-809-1906","809","1906","ควิกไวไว 7บ ต้มยำมันกุ้ง 60 ก. ซอง (ควิกไวไว 7บ ต้มยำมันกุ้ง 60 ก. กล่อง30ซ)","U00001242","-","U00001242","","","","","","",""
"SKU-810-1907","810","1907","เลย์คลาสสิค มันฝรั่งทอด รสมันฝรั่งแท้ 48ก. (เลย์ มันฝรั่งทอด รสมันฝรั่งแท้ 48ก. แพค6)","U00001145","8850718714919","U00001145","","","","","","",""
"SKU-810-1908","810","1908","เลย์คลาสสิค มันฝรั่งทอด รสมันฝรั่งแท้ 48ก. (เลย์ มันฝรั่งทอด รสมันฝรั่งแท้ 48ก. หีบx8แพค6)","U00001145","8850718923076","U00001145","","","","","","",""
"SKU-811-1909","811","1909","เลย์ มันฝรั่งทอด รสโนริสาหร่าย 48ก  (เลย์ มันฝรั่งทอด รสโนริสาหร่าย 48ก แพค6)","U00001146","8850718714926","U00001146","","","","","","",""
"SKU-811-1910","811","1910","เลย์ มันฝรั่งทอด รสโนริสาหร่าย 48ก  (เลย์ มันฝรั่งทอด รสโนริสาหร่าย 48ก หีบx8แพค6)","U00001146","8850718923083","U00001146","","","","","","",""
"SKU-812-1911","812","1911","เลย์ มันฝรั่งทอด รสเมี่ยงคำครบรส 48ก   (เลย์ มันฝรั่งทอด รสเมี่ยงคำครบรส 48ก แพค6)","U00001147","8850718714971","U00001147","","","","","","",""
"SKU-812-1912","812","1912","เลย์ มันฝรั่งทอด รสเมี่ยงคำครบรส 48ก   (เลย์ มันฝรั่งทอด รสเมี่ยงคำครบรส 48ก 	หีบx8 แพค6)","U00001147","8850718923137","U00001147","","","","","","",""
"SKU-813-1913","813","1913","เลย์ มันฝรั่งทอด รสซาวครีมหัวหอม 48ก  (เลย์ มันฝรั่งทอด รสซาวครีมหัวหอม 48ก แพค6)","U00001148","8850718714964","U00001148","","","","","","",""
"SKU-813-1914","813","1914","เลย์ มันฝรั่งทอด รสซาวครีมหัวหอม 48ก  (เลย์ มันฝรั่งทอด รสซาวครีมหัวหอม 48ก หีบx8 แพค6 )","U00001148","8850718923120","U00001148","","","","","","",""
"SKU-814-1915","814","1915","เลย์ มันฝรั่งทอด รสฮอตแอนด์สไปซี่ 48ก  (เลย์ มันฝรั่งทอด รสฮอตแอนด์สไปซี่ 48ก แพค6)","-","-","-","","","","","","",""
"SKU-814-1916","814","1916","เลย์ มันฝรั่งทอด รสฮอตแอนด์สไปซี่ 48ก  (เลย์ มันฝรั่งทอด รสฮอตแอนด์สไปซี่ 48ก 	หีบx8 แพค6)","-","-","-","","","","","","",""
"SKU-815-1917","815","1917","เลย์ มันฝรั่งทอด รสไข่เค็ม 44ก  (เลย์ มันฝรั่งทอด รสไข่เค็ม 44ก  แพค6)","U00001151","8850718716609","U00001151","","","","","","",""
"SKU-815-1918","815","1918","เลย์ มันฝรั่งทอด รสไข่เค็ม 44ก  (เลย์ มันฝรั่งทอด รสไข่เค็ม 44ก 	หีบx8 แพค6)","U00001151","8850718926336","U00001151","","","","","","",""
"SKU-816-1919","816","1919","เลย์ร็อค มันฝรั่งทอด รสมันฝรั่งแท้ 48ก  (เลย์ร็อค มันฝรั่งทอด รสมันฝรั่งแท้ 48ก  แพค6)","U00001152","8850718714902","U00001152","","","","","","",""
"SKU-816-1920","816","1920","เลย์ร็อค มันฝรั่งทอด รสมันฝรั่งแท้ 48ก  (เลย์ร็อค มันฝรั่งทอด รสมันฝรั่งแท้ 48ก 	หีบx8 แพค6)","U00001152","8850718923069","U00001152","","","","","","",""
"SKU-817-1921","817","1921","เลย์ร็อค มันฝรั่งทอด รสบาร์บีคิว 48ก   (เลย์ร็อค มันฝรั่งทอด รสบาร์บีคิว 48ก  แพค6)","U00001153","8850718714933","U00001153","","","","","","",""
"SKU-817-1922","817","1922","เลย์ร็อค มันฝรั่งทอด รสบาร์บีคิว 48ก   (เลย์ร็อค มันฝรั่งทอด รสบาร์บีคิว 48ก หีบx8 แพค6)","U00001153","8850718923090","U00001153","","","","","","",""
"SKU-818-1923","818","1923","เลย์ร็อค มันฝรั่งทอด รสหมึกย่างฮอตชิลลี่ 48ก 	 (เลย์ร็อค มันฝรั่งทอด รสหมึกย่างฮอตชิลลี่ 48ก  แพค6)","U00001154","8850718714940","U00001154","","","","","","",""
"SKU-818-1924","818","1924","เลย์ร็อค มันฝรั่งทอด รสหมึกย่างฮอตชิลลี่ 48ก 	 (เลย์ร็อค มันฝรั่งทอด รสหมึกย่างฮอตชิลลี่ 48ก 	หีบx8 แพค6)","U00001154","8850718923106","U00001154","","","","","","",""
"SKU-819-1925","819","1925","เลย์ร็อค มันฝรั่งทอด รสกุ้งเผาน้ำจิ้ม 48ก 	 (เลย์ร็อค มันฝรั่งทอด รสกุ้งเผาน้ำจิ้ม 48ก  แพค6)","U00001155","8850718714988","U00001155","","","","","","",""
"SKU-819-1926","819","1926","เลย์ร็อค มันฝรั่งทอด รสกุ้งเผาน้ำจิ้ม 48ก 	 (เลย์ร็อค มันฝรั่งทอด รสกุ้งเผาน้ำจิ้ม 48ก 	หีบx8 แพค6)","U00001155","8850718923144","U00001155","","","","","","",""
"SKU-820-1927","820","1927","นิสชิน คัพ บะหมี่กึ่งสำเร็จรูป ต้มยำกุ้งน้ำข้น 77 ก. (นิสชิน คัพ บะหมี่กึ่งสำเร็จรูป ต้มยำกุ้งน้ำข้น 77 ก. แพค6)","U00001275","-","U00001275","","","","","","",""
"SKU-820-1984","820","1984","นิสชิน คัพ บะหมี่กึ่งสำเร็จรูป ต้มยำกุ้งน้ำข้น 77 ก. (นิสชิน คัพ บะหมี่กึ่งสำเร็จรูป ต้มยำกุ้งน้ำข้น 77ก หีบx12แพค6)","U00001275","-","U00001275","","","","","","",""
"SKU-821-1928","821","1928","นิสชิน คัพ บะหมี่กึ่งสำเร็จรูป รสหมูสับ 77 ก. (นิสชิน คัพ บะหมี่กึ่งสำเร็จรูป รสหมูสับ 77 ก.	แพค6)","U00001276","-","U00001276","","","","","","",""
"SKU-821-1983","821","1983","นิสชิน คัพ บะหมี่กึ่งสำเร็จรูป รสหมูสับ 77 ก. (นิสชิน คัพ บะหมี่กึ่งสำเร็จรูป รสหมูสับ 77 ก.หีบx12แพค6)","U00001276","-","U00001276","","","","","","",""
"SKU-822-1929","822","1929","มาม่า คัพ 60 ก. เย็นตาโฟต้มยำ (มาม่าคัพ 60 ก. เย็นตาโฟต้มยำ	แพค6)","U00001278","-","U00001278","","","","","","",""
"SKU-822-2165","822","2165","มาม่า คัพ 60 ก. เย็นตาโฟต้มยำ (มาม่าคัพ 60 ก. เย็นตาโฟต้มยำ หีบx12แพค6)","U00001278","-","U00001278","","","","","","",""
"SKU-823-1930","823","1930","มาม่า คัพ 60 ก. หมูสับต้มยำน้ำข้น (มาม่าคัพ 60 ก. หมูสับต้มยำน้ำข้น	แพค6)","-","-","-","","","","","","",""
"SKU-823-2166","823","2166","มาม่า คัพ 60 ก. หมูสับต้มยำน้ำข้น (มาม่าคัพ 60 ก. หมูสับต้มยำน้ำข้น หีบx12แพค6)","-","-","-","","","","","","",""
"SKU-824-1935","824","1935","ไฮยีน เอ็กเพิร์ทแคร์ 470มล ซันไรส์คิส ชมพู (ไฮยีน เอ็กเพิร์ทแคร์ 470มล ซันไรส์คิส ชมพู แพค2+1)","U00001280","-","U00001280","","","","","","",""
"SKU-825-1936","825","1936","ไฮยีน เอ็กเพิร์ทแคร์ 480มล ดรีมมี่ฮัก ม่วงอ่อน	 (ไฮยีน เอ็กเพิร์ทแคร์ 480มล ดรีมมี่ฮัก ม่วงอ่อน	แพ็ค2+1)","U00001281","-","U00001281","","","","","","",""
"SKU-826-1937","826","1937","ไฮยีน เอ็กเพิร์ทแคร์ 480มล บลูมมิ่งทัช ชมพู (ไฮยีน เอ็กเพิร์ทแคร์ 480มล บลูมมิ่งทัช ชมพู แพค2+1)","U00001282","8850092281816","U00001282","","","","","","",""
"SKU-827-1938","827","1938","ไฮยีน เอ็กเพิร์ทแคร์ 480มล สวีท เบอร์รี่โทสต์ ชมพู (ไฮยีน เอ็กเพิร์ทแคร์ 480มล สวีท เบอร์รี่โทสต์ ชมพู แพค2+1)","U00001283","8850092310202","U00001283","","","","","","",""
"SKU-828-1939","828","1939","ไฮยีน เอ็กเพิร์ทแคร์ 480มล   ซันคิส นง. (ไฮยีน เอ็กเพิร์ทแคร์ 480มล   ซันคิส นง. แพค2+1)","-","8850092294816","-","","","","","","",""
"SKU-829-1940","829","1940","ไฮยีน เอ็กเพิร์ทแคร์ 480มล   พิโอนีบลูม ดำ (ไฮยีน เอ็กเพิร์ทแคร์ 480มล   พิโอนีบลูม ดำ แพค2+1)","U00001285","8850092298814","U00001285","","","","","","",""
"SKU-830-1941","830","1941","ไฮยีน เอ็กเพิร์ทแคร์ 480มล   มิลค์กี้ทัช ขาว (ไฮยีน เอ็กเพิร์ทแคร์ 480มล   มิลค์กี้ทัช ขาว แพค2+1)","U00001286","-","U00001286","","","","","","",""
"SKU-831-1942","831","1942","ไฮยีน เอ็กเพิร์ทแคร์ 480มล   มอร์นิ่งฮัก ฟ้า (ไฮยีน เอ็กเพิร์ทแคร์ 480มล   มอร์นิ่งฮัก ฟ้า แพค2+1)","U00001287","8850092288211","U00001287","","","","","","",""
"SKU-832-1943","832","1943","ไฮยีน เอ็กเพิร์ทแคร์ 480มล   เลิฟทัช โอโรส (ไฮยีน เอ็กเพิร์ทแคร์ 480มล   เลิฟทัช โอโรส แพค2+1)","U00001288","8850092287511","U00001288","","","","","","",""
"SKU-833-1944","833","1944","ไฮยีน เอ็กเพิร์ทแคร์ 480มล   เลิฟลี่บลูม ชมพู (ไฮยีน เอ็กเพิร์ทแคร์ 480มล   เลิฟลี่บลูม ชมพู แพค2+1)","U00001289","8850092292812","U00001289","","","","","","",""
"SKU-834-1945","834","1945","ไฮยีน เอ็กเพิร์ทแคร์ 480มล   แฮบปี้ ส้ม (ไฮยีน เอ็กเพิร์ทแคร์ 480มล   แฮบปี้ ส้ม แพค2+1)","U00001290","8850092285814","U00001290","","","","","","",""
"SKU-835-1946","835","1946","ไฮยีน น้ำยาซักผ้า 600 มล มิลค์กี้ทัช (ไฮยีน น้ำยาซักผ้า 600 มล มิลค์กี้ทัช ถุง)","U00001291","-","U00001291","","","","","","",""
"SKU-836-1947","836","1947","ยำยำสูตรเด็ด 75ก.ซอง สไปซี่ปูยักษ์ซอสโรเซ่ (ยำยำสูตรเด็ด 75ก.ซอง สไปซี่ปูยักษ์ซอสโรเซ่ แพค5ซอง)","U00001292","-","U00001292","","","","","","",""
"SKU-837-1948","837","1948","ซันซิล แชมพู 60มล.ชมพู  แพค6 (ซันซิล แชมพู 60มล.ชมพู 	แพค6)","U00001293","8851932354141","U00001293","","","","","","",""
"SKU-837-1949","837","1949","ซันซิล แชมพู 60มล.ชมพู  แพค6 (ซันซิล แชมพู 60มล.ชมพู  หีบx12แพค6)","U00001293","18851932356647","U00001293","","","","","","",""
"SKU-838-1950","838","1950","ซันซิล แชมพู  60มล. แดง	แพค6 (ซันซิล แชมพู  60มล. แดง	แพค6)","U00001294","8851932472722","U00001294","","","","","","",""
"SKU-838-1951","838","1951","ซันซิล แชมพู  60มล. แดง	แพค6 (ซันซิล แชมพู  60มล. แดง	หีบx12แพค6)","U00001294","18851932460344","U00001294","","","","","","",""
"SKU-839-1952","839","1952","ซันซิล แชมพู  60มล. ม่วง	แพค6 (ซันซิล แชมพู  60มล. ม่วง	แพค6)","U00001295","-","U00001295","","","","","","",""
"SKU-839-1953","839","1953","ซันซิล แชมพู  60มล. ม่วง	แพค6 (ซันซิล แชมพู  60มล. ม่วง	หีบx12แพค6)","U00001295","-","U00001295","","","","","","",""
"SKU-840-1954","840","1954","ซันซิล แชมพู  60มล. ส้ม แพค6 (ซันซิล แชมพู  60มล. ส้ม	แพค6)","U00001296","-","U00001296","","","","","","",""
"SKU-840-1955","840","1955","ซันซิล แชมพู  60มล. ส้ม แพค6 (ซันซิล แชมพู  60มล. ส้ม	หีบx12แพค6)","U00001296","-","U00001296","","","","","","",""
"SKU-841-1956","841","1956","ซันซิล แชมพู  60มล. เขียว	แพค6 (ซันซิล แชมพู  60มล. เขียว	แพค6)","U00001297","8851932354189","U00001297","","","","","","",""
"SKU-841-1957","841","1957","ซันซิล แชมพู  60มล. เขียว	แพค6 (ซันซิล แชมพู  60มล. เขียว หีบx12แพค6)","U00001297","18851932357019","U00001297","","","","","","",""
"SKU-843-1958","843","1958","ซันซิล แชมพู 60มล. ดำ แพค6 (ซันซิล แชมพู 60มล. ดำ แพค6)","U00001298","-","U00001298","","","","","","",""
"SKU-843-1959","843","1959","ซันซิล แชมพู 60มล. ดำ แพค6 (ซันซิล แชมพู 60มล. ดำ หีบx12แพค6)","U00001298","-","U00001298","","","","","","",""
"SKU-844-1960","844","1960","ซันซิล แชมพู  60มล. เหลือง	แพค6 (ซันซิล แชมพู  60มล. เหลือง	แพค6)","U00001299","8851932354134","U00001299","","","","","","",""
"SKU-844-1961","844","1961","ซันซิล แชมพู  60มล. เหลือง	แพค6 (ซันซิล แชมพู  60มล. เหลือง	หีบx12แพค6)","U00001299","18851932356579","U00001299","","","","","","",""
"SKU-845-1963","845","1963","ไฮยีน ปรับผ้านุ่ม 500มล.พิ้งค์ ชมพู แพค3 (ไฮยีน ปรับผ้านุ่ม 500มล.พิ้งค์ ชมพู แพค3)","U00001300","8850092262501","U00001300","","","","","","",""
"SKU-845-1964","845","1964","ไฮยีน ปรับผ้านุ่ม 500มล.พิ้งค์ ชมพู แพค3 (ไฮยีน ปรับผ้านุ่ม 500มล.พิ้งค์ ชมพู หีบx8แพค3)","U00001300","28850092262376","U00001300","","","","","","",""
"SKU-846-1965","846","1965","ไฮยีน ปรับผ้านุ่ม 500มล.ไวโอเล็ต ม่วง แพค3 (ไฮยีน ปรับผ้านุ่ม 500มล.ไวโอเล็ต ม่วง แพค3)","U00001301","8850092266509","U00001301","","","","","","",""
"SKU-846-1966","846","1966","ไฮยีน ปรับผ้านุ่ม 500มล.ไวโอเล็ต ม่วง แพค3 (ไฮยีน ปรับผ้านุ่ม 500มล.ไวโอเล็ต ม่วง หีบx8แพค3)","U00001301","28850092266374","U00001301","","","","","","",""
"SKU-847-1967","847","1967","ไฮยีน ปรับผ้านุ่ม 500มล.โอเชี่ยนบลู ฟ้า แพค3 (ไฮยีน ปรับผ้านุ่ม 500มล.โอเชี่ยนบลู ฟ้า แพค3)","U00001302","8850092264376","U00001302","","","","","","",""
"SKU-847-1968","847","1968","ไฮยีน ปรับผ้านุ่ม 500มล.โอเชี่ยนบลู ฟ้า แพค3 (ไฮยีน ปรับผ้านุ่ม 500มล.โอเชี่ยนบลู ฟ้า หีบx 8แพค3)","U00001302","28850092264370","U00001302","","","","","","",""
"SKU-848-1969","848","1969","ไฮยีน ปรับผ้านุ่ม 500มล.ซอฟท์ไวท์ ขาว แพค3  (ไฮยีน ปรับผ้านุ่ม 500มล.ซอฟท์ไวท์ ขาว แพค3 )","U00001303","8850092260385","U00001303","","","","","","",""
"SKU-848-1970","848","1970","ไฮยีน ปรับผ้านุ่ม 500มล.ซอฟท์ไวท์ ขาว แพค3  (ไฮยีน ปรับผ้านุ่ม 500มล.ซอฟท์ไวท์ ขาว หีบx8แพค3)","U00001303","28850092260389","U00001303","","","","","","",""
"SKU-849-1971","849","1971","ไฮยีน ปรับผ้านุ่ม 500มล.อโรมา แดง แพค3  (ไฮยีน ปรับผ้านุ่ม 500มล.อโรมา แดง แพค3 )","U00001304","8850092265502","U00001304","","","","","","",""
"SKU-849-1972","849","1972","ไฮยีน ปรับผ้านุ่ม 500มล.อโรมา แดง แพค3  (ไฮยีน ปรับผ้านุ่ม 500มล.อโรมา แดง หีบx8แพค3 )","U00001304","28850092265377","U00001304","","","","","","",""
"SKU-850-1973","850","1973","ไฮยีน ปรับผ้านุ่ม 500มล.กรีนเนเชอร์ เขียว แพค3  (ไฮยีน ปรับผ้านุ่ม 500มล.กรีนเนเชอร์ เขียว แพค3 )","U00001305","8850092263508","U00001305","","","","","","",""
"SKU-850-1974","850","1974","ไฮยีน ปรับผ้านุ่ม 500มล.กรีนเนเชอร์ เขียว แพค3  (ไฮยีน ปรับผ้านุ่ม 500มล.กรีนเนเชอร์ เขียว หีบx8แพค3)","U00001305","28850092263373","U00001305","","","","","","",""
"SKU-851-1975","851","1975","ไฮยีน ปรับผ้านุ่ม 500มล.การ์เด้น ชมพูเข้ม แพค3 (ไฮยีน ปรับผ้านุ่ม 500มล.การ์เด้น ชมพูเข้ม แพค3)","U00001306","8850092265373","U00001306","","","","","","",""
"SKU-851-1976","851","1976","ไฮยีน ปรับผ้านุ่ม 500มล.การ์เด้น ชมพูเข้ม แพค3 (ไฮยีน ปรับผ้านุ่ม 500มล.การ์เด้น ชมพูเข้ม หีบx8แพค3)","U00001306","28850092261379","U00001306","","","","","","",""
"SKU-852-1977","852","1977","เย็นเย็น  เก็กฮวยน้ำผึ้ง 315 มล. (เย็นเย็น เครื่องดื่ม เก็กฮวยน้ำผึ้ง 315 มล. หีบx24)","U00001310","8858891303012","U00001310","","","","","","",""
"SKU-853-1979","853","1979","ซันซิล แชมพู 120มล.+ครีมนวด50มล. ส้ม	แพค6+6 (ซันซิล แชมพู 120มล.+ครีมนวด50มล. ส้ม	แพค6+6)","U00001307","8851932462990","U00001307","","","","","","",""
"SKU-853-2194","853","2194","ซันซิล แชมพู 120มล.+ครีมนวด50มล. ส้ม	แพค6+6 (ซันซิล แชมพู 120มล.+ครีมนวด50มล. ส้ม	หีบx8แพค6)","U00001307","18851932451083","U00001307","","","","","","",""
"SKU-854-1980","854","1980","ซันซิล แชมพู 120มล.+ครีมนวด50มล. ชมพู	แพค6+6 (ซันซิล แชมพู 120มล.+ครีมนวด50มล. ชมพู	แพค6+6)","U00001308","8851932462976","U00001308","","","","","","",""
"SKU-854-1993","854","1993","ซันซิล แชมพู 120มล.+ครีมนวด50มล. ชมพู	แพค6+6 (ซันซิล แชมพู 120มล.+ครีมนวด50มล. ชมพู หีบx8แพค6)","U00001308","18851932451076","U00001308","","","","","","",""
"SKU-855-1981","855","1981","ซันซิล แชมพู 120มล.+ครีมนวด50มล. เขียว	แพค6+6 (ซันซิล แชมพู 120มล.+ครีมนวด50มล. เขียว	แพค6+6)","U00001309","-","U00001309","","","","","","",""
"SKU-855-1992","855","1992","ซันซิล แชมพู 120มล.+ครีมนวด50มล. เขียว	แพค6+6 (ซันซิล แชมพู 120มล.+ครีมนวด50มล. เขียว หีบx8แพค6)","U00001309","-","U00001309","","","","","","",""
"SKU-856-1982","856","1982","ซันซิล แชมพู 120มล.+ครีมนวด50มล. แดง	แพค6+6 (ซันซิล แชมพู 120มล.+ครีมนวด50มล. แดง	แพค6+6)","U00001311","8851932481250","U00001311","","","","","","",""
"SKU-856-1991","856","1991","ซันซิล แชมพู 120มล.+ครีมนวด50มล. แดง	แพค6+6 (ซันซิล แชมพู 120มล.+ครีมนวด50มล. แดง	หีบx8แพค6)","U00001311","18851932467343","U00001311","","","","","","",""
"SKU-857-1989","857","1989","แพนทีน แชมพู 70 มล กันผมร่วง ชมพู	 (แพนทีน แชมพู 70 มล กันผมร่วง ชมพู แพค6)","U00001312","4902430413183","U00001312","","","","","","",""
"SKU-857-1990","857","1990","แพนทีน แชมพู 70 มล กันผมร่วง ชมพู	 (แพนทีน แชมพู 70 มล กันผมร่วง ชมพู	หีบx8แพค6)","U00001312","-","U00001312","","","","","","",""
"SKU-858-2001","858","2001","ยำยำ7บ.ต้มยำกุ้ง          แพค 10ซอง	 (ยำยำ7บ.ต้มยำกุ้ง          แพค 10ซอง	)","U00001322","-","U00001322","","","","","","",""
"SKU-858-2002","858","2002","ยำยำ7บ.ต้มยำกุ้ง          แพค 10ซอง	 (ยำยำ7บ.ต้มยำกุ้ง          แพค 10ซอง	หีบx18แพค)","U00001322","-","U00001322","","","","","","",""
"SKU-859-2003","859","2003","ยำยำ7บ.ต้มยำกุ้งน้ำข้น แพค 10ซอง	 (ยำยำ7บ.ต้มยำกุ้งน้ำข้น แพค 10ซอง)","U00001323","8850250005391","U00001323","","","","","","",""
"SKU-859-2004","859","2004","ยำยำ7บ.ต้มยำกุ้งน้ำข้น แพค 10ซอง	 (ยำยำ7บ.ต้มยำกุ้งน้ำข้น แพค 10ซอง	หีบx18แพค)","U00001323","8850250005438","U00001323","","","","","","",""
"SKU-860-2005","860","2005","ยำยำ7บ หมูสับ             แพค 10ซอง  (ยำยำ7บ หมูสับ             แพค 10ซอง)","U00001324","8850250000150","U00001324","","","","","","",""
"SKU-860-2006","860","2006","ยำยำ7บ หมูสับ             แพค 10ซอง  (ยำยำ7บ หมูสับ             แพค 10ซอง 	หีบx18แพค)","U00001324","-","U00001324","","","","","","",""
"SKU-861-2007","861","2007","เฮดแอนด์โชว์เดอร์ แชมพู สมูทแอนด์ซิลกี้ 65 มล.	 (เฮดแอนด์โชว์เดอร์ แชมพู สมูทแอนด์ซิลกี้ 65 มล.	แพค6)","U00001319","-","U00001319","","","","","","",""
"SKU-861-2008","861","2008","เฮดแอนด์โชว์เดอร์ แชมพู สมูทแอนด์ซิลกี้ 65 มล.	 (เฮดแอนด์โชว์เดอร์ แชมพู สมูทแอนด์ซิลกี้ 65 มล.	หีบx8แพค6)","U00001319","-","U00001319","","","","","","",""
"SKU-862-2009","862","2009","เฮดแอนด์โชว์เดอร์ แชมพู คูล เมนทอล 65 มล.	 (เฮดแอนด์โชว์เดอร์ แชมพู คูล เมนทอล 65 มล.	แพค6)","U00001320","4902430635097","U00001320","","","","","","",""
"SKU-862-2010","862","2010","เฮดแอนด์โชว์เดอร์ แชมพู คูล เมนทอล 65 มล.	 (เฮดแอนด์โชว์เดอร์ แชมพู คูล เมนทอล 65 มล.	หีบx8แพค6)","U00001320","14902430628195","U00001320","","","","","","",""
"SKU-863-2011","863","2011","เฮดแอนด์โชว์เดอร์ แชมพู แอปเปิ้ลเฟรช 65 มล.	 (เฮดแอนด์โชว์เดอร์ แชมพู แอปเปิ้ลเฟรช 65 มล.	แพค6)","U00001321","4902430635073","U00001321","","","","","","",""
"SKU-863-2012","863","2012","เฮดแอนด์โชว์เดอร์ แชมพู แอปเปิ้ลเฟรช 65 มล.	 (เฮดแอนด์โชว์เดอร์ แชมพู แอปเปิ้ลเฟรช 65 มล.	หีบx8แพค6)","U00001321","14902430628201","U00001321","","","","","","",""
"SKU-864-2013","864","2013","เฮดแอนด์โชว์เดอร์ แชมพู สมูทแอนด์ซิลกี้  140 มล. 	 (เฮดแอนด์โชว์เดอร์ แชมพู สมูทแอนด์ซิลกี้  140 มล. 	แพค3)","U00001316","14987176122480","U00001316","","","","","","",""
"SKU-864-2014","864","2014","เฮดแอนด์โชว์เดอร์ แชมพู สมูทแอนด์ซิลกี้  140 มล. 	 (เฮดแอนด์โชว์เดอร์ แชมพู สมูทแอนด์ซิลกี้  140 มล. 	หีบx8แพค3)","U00001316","24987176122487","U00001316","","","","","","",""
"SKU-865-2015","865","2015","เฮดแอนด์โชว์เดอร์ แชมพู คูล เมนทอล 140 มล. (เฮดแอนด์โชว์เดอร์ แชมพู คูล เมนทอล 140 มล.	แพค3)","U00001317","4902430373418","U00001317","","","","","","",""
"SKU-865-2016","865","2016","เฮดแอนด์โชว์เดอร์ แชมพู คูล เมนทอล 140 มล. (เฮดแอนด์โชว์เดอร์ แชมพู คูล เมนทอล 140 มล.	หีบx8แพค3)","U00001317","14902430372920","U00001317","","","","","","",""
"SKU-866-2017","866","2017","เฮดแอนด์โชว์เดอร์ แชมพู แอปเปิ้ลเฟรช 140 มล.	 (เฮดแอนด์โชว์เดอร์ แชมพู แอปเปิ้ลเฟรช 140 มล.	แพค3)","U00001318","4902430373814","U00001318","","","","","","",""
"SKU-866-2018","866","2018","เฮดแอนด์โชว์เดอร์ แชมพู แอปเปิ้ลเฟรช 140 มล.	 (เฮดแอนด์โชว์เดอร์ แชมพู แอปเปิ้ลเฟรช 140 มล.	หีบx8แพค3)","U00001318","14902430373729","U00001318","","","","","","",""
"SKU-867-2022","867","2022","ซันไลต์ ล้างจาน เลมอน ถุง 300มล.  (ซันไลต์ ล้างจาน เลมอน ถุง 300มล. แพค3)","U00001325","8851932368551","U00001325","","","","","","",""
"SKU-867-2023","867","2023","ซันไลต์ ล้างจาน เลมอน ถุง 300มล.  (ซันไลต์ ล้างจาน เลมอน ถุง 300มล. หีบx12แพค3)","U00001325","18851932431870","U00001325","","","","","","",""
"SKU-868-2024","868","2024","ซันไลต์ ล้างจาน เลมอน ขวด150มล. (ซันไลต์ ล้างจาน เลมอน ขวด150มล.แพค6)","U00001326","-","U00001326","","","","","","",""
"SKU-868-2025","868","2025","ซันไลต์ ล้างจาน เลมอน ขวด150มล. (ซันไลต์ ล้างจาน เลมอน ขวด150มล.	หีบx8แพค6)","U00001326","-","U00001326","","","","","","",""
"SKU-869-2026","869","2026","*เบบี้เลิฟเดย์แพ้นท์ XXL-11ชิ้น  (เบบี้เลิฟเดย์แพ้นท์ XXL-11ชิ้น 	หีบx6)","-","-","-","","","","","","",""
"SKU-870-2027","870","2027","*เบบี้เลิฟเดย์แพ้นท์ XL -13ชิ้น  (เบบี้เลิฟเดย์ไนท์แพ้นท์ XL -11ชิ้น  	หีบx6)","U00001328","-","U00001328","","","","","","",""
"SKU-871-2028","871","2028","*เบบี้เลิฟเดย์แพ้นท์  L  -14ชิ้น 	หีบx6 (เบบี้เลิฟเดย์แพ้นท์  L  -14ชิ้น 	หีบx6)","U00001329","-","U00001329","","","","","","",""
"SKU-872-2029","872","2029","*เบบี้เลิฟเดย์แพ้นท์  M -17ชิ้น 	หีบx6 (เบบี้เลิฟเดย์แพ้นท์  M -17ชิ้น 	หีบx6)","-","-","-","","","","","","",""
"SKU-873-2030","873","2030","*เบบี้เลิฟเดย์แพ้นท์  S -19ชิ้น 	 (เบบี้เลิฟเดย์แพ้นท์  S -19ชิ้น หีบx6)","U00001331","-","U00001331","","","","","","",""
"SKU-874-2031","874","2031","ไฮยีน เอ็กเพิร์ทแคร์ 20มลx24 เลิฟลี่บลูม ชมพู 	 (ไฮยีน เอ็กเพิร์ทแคร์ 20มลx24 เลิฟลี่บลูม ชมพู 	หีบx15แพค)","U00001332","8850092292102","U00001332","","","","","","",""
"SKU-874-2032","874","2032","ไฮยีน เอ็กเพิร์ทแคร์ 20มลx24 เลิฟลี่บลูม ชมพู 	 (ไฮยีน เอ็กเพิร์ทแคร์ 20มลx24 เลิฟลี่บลูม ชมพู 	หีบx15แพค)","U00001332","18850092292024","U00001332","","","","","","",""
"SKU-875-2033","875","2033","ไฮยีน เอ็กเพิร์ทแคร์ 20มลx24 แฮปปี้ซัน ส้ม (ไฮยีน เอ็กเพิร์ทแคร์ 20มลx24 แฮปปี้ซัน ส้ม)","U00001333","8850092285104","U00001333","","","","","","",""
"SKU-875-2034","875","2034","ไฮยีน เอ็กเพิร์ทแคร์ 20มลx24 แฮปปี้ซัน ส้ม (ไฮยีน เอ็กเพิร์ทแคร์ 20มลx24 แฮปปี้ซัน ส้ม หีบx15แพค)","U00001333","18850092285187","U00001333","","","","","","",""
"SKU-876-2035","876","2035","ไฮยีน น้ำยาซักผ้า 30มล ซันคิสบลูมมิ่ง ฟ้า 	แพค12 (ไฮยีน น้ำยาซักผ้า 30มล ซันคิสบลูมมิ่ง ฟ้า 	แพค12)","U00001334","8850092256074","U00001334","","","","","","",""
"SKU-877-2036","877","2036","ไฮยีน น้ำยาซักผ้า 30มล ซันไรซ์คิส      ชมพู	 แพค12 (ไฮยีน น้ำยาซักผ้า 30มล ซันไรซ์คิส      ชมพู แพค12)","U00001335","8850092257071","U00001335","","","","","","",""
"SKU-878-2037","878","2037","ไฮยีน น้ำยาซักผ้า 30มล  ป้องกันสีตก 	แพค12 (ไฮยีน น้ำยาซักผ้า 30มล  ป้องกันสีตก 	แพค12)","U00001336","8850092250041","U00001336","","","","","","",""
"SKU-879-2038","879","2038","ไฮยีน น้ำยาซักผ้า 30มล ฟอเอเวอร์บลูม  บานเย็น	แพค12 (ไฮยีน น้ำยาซักผ้า 30มล ฟอเอเวอร์บลูม  บานเย็น	แพค12)","U00001337","8850092251420","U00001337","","","","","","",""
"SKU-880-2039","880","2039","ไฮยีน น้ำยาซักผ้า 30มล มิราเคิลบูม      ส้มเข้ม	แพค12 (ไฮยีน น้ำยาซักผ้า 30มล มิราเคิลบูม      ส้มเข้ม	แพค12)","U00001338","8850092251048","U00001338","","","","","","",""
"SKU-881-2040","881","2040","ไฮยีน น้ำยาซักผ้า 30มล มิลกี้ทัช    ขาว	แพค12 (ไฮยีน น้ำยาซักผ้า 30มล มิลกี้ทัช    ขาว	แพค12)","U00001339","8850092254032","U00001339","","","","","","",""
"SKU-882-2041","882","2041","ไฮยีน น้ำยาซักผ้า 30มล เลิฟลี่บลูม ชมพู	แพค12 (ไฮยีน น้ำยาซักผ้า 30มล เลิฟลี่บลูม ชมพู	แพค12)","U00001340","8850092252076","U00001340","","","","","","",""
"SKU-883-2042","883","2042","ไฮยีน น้ำยาซักผ้า 30มล สปริงแมกโนเลีย เขียว  	แพค12 (ไฮยีน น้ำยาซักผ้า 30มล สปริงแมกโนเลีย เขียว  	แพค12)","U00001341","8850092253073","U00001341","","","","","","",""
"SKU-884-2043","884","2043","ไฮยีน น้ำยาซักผ้า 30มล แฮบปี้ซัน   ส้ม	แพค12 (ไฮยีน น้ำยาซักผ้า 30มล แฮบปี้ซัน   ส้ม	แพค12)","U00001342","8850092257125","U00001342","","","","","","",""
"SKU-887-2046","887","2046","ดาวน์นี่ ปรับผ้านุ่ม 20มล.x24ซอง ม่วง 	แพค (ดาวน์นี่ ปรับผ้านุ่ม 20มล.x24ซอง ดำ 	แพค)","U00001345","-","U00001345","","","","","","",""
"SKU-889-2049","889","2049","โอโม่ ซันชายน์ 250ก ส้ม (โอโม่ ซันชายน์ 250ก. )","U00001347","8851932356565","U00001347","","","","","","",""
"SKU-889-2050","889","2050","โอโม่ ซันชายน์ 250ก ส้ม (โอโม่ ซันชายน์ 250ก. 	หีบx 36)","U00001347","18851932431511","U00001347","","","","","","",""
"SKU-890-2051","890","2051","โอโม ซันชายน์ 850ก ส้ม (โอโม ซันชายน์ 850ก )","U00001348","8851932478663","U00001348","","","","","","",""
"SKU-890-2052","890","2052","โอโม ซันชายน์ 850ก ส้ม (โอโม ซันชายน์ 850ก หีบx12)","U00001348","18851932465400","U00001348","","","","","","",""
"SKU-891-2053","891","2053","บรีสเอกเซล 75ก. เขียว	แพค12 (บรีสเอกเซล 75ก. เขียว	แพค12)","U00001349","8851932172028","U00001349","","","","","","",""
"SKU-891-2054","891","2054","บรีสเอกเซล 75ก. เขียว	แพค12 (บรีสเอกเซล 75ก. เขียว	หีบx12 แพค12)","U00001349","18851932181607","U00001349","","","","","","",""
"SKU-892-2055","892","2055","บรีสเอกเซล 75ก. ชมพู	แพค12 (บรีสเอกเซล 75ก. ชมพู	แพค12)","U00001350","-","U00001350","","","","","","",""
"SKU-892-2056","892","2056","บรีสเอกเซล 75ก. ชมพู	แพค12 (บรีสเอกเซล 75ก. ชมพู	หีบx12แพค12)","U00001350","-","U00001350","","","","","","",""
"SKU-893-2057","893","2057","แอทแทคอีซี่ผง แฮปปี้สวีท ชมพู 110ก.  (แอทแทคอีซี่ผง แฮปปี้สวีท ชมพู 110ก.แพค12 )","U00001351","8851818720985","U00001351","","","","","","",""
"SKU-893-2058","893","2058","แอทแทคอีซี่ผง แฮปปี้สวีท ชมพู 110ก.  (แอทแทคอีซี่ผง แฮปปี้สวีท ชมพู 110ก. 	หีบx6แพค12)","U00001351","18851818209081","U00001351","","","","","","",""
"SKU-894-2059","894","2059","แอทแทคอีซี่ผง เซ็กซี่สวีท ม่วง   110ก. (แอทแทคอีซี่ผง เซ็กซี่สวีท ม่วง   110ก.	แพค12)","U00001352","8851818720114","U00001352","","","","","","",""
"SKU-894-2060","894","2060","แอทแทคอีซี่ผง เซ็กซี่สวีท ม่วง   110ก. (แอทแทคอีซี่ผง เซ็กซี่สวีท ม่วง   110ก. หีบx6แพค12)","U00001352","18851818209111","U00001352","","","","","","",""
"SKU-895-2061","895","2061","แอทแทคอีซี่ผง ซอฟท์ตี้สวีท ฟ้า 110ก.	 (แอทแทคอีซี่ผง ซอฟท์ตี้สวีท ฟ้า 110ก.	แพค12)","U00001353","-","U00001353","","","","","","",""
"SKU-895-2062","895","2062","แอทแทคอีซี่ผง ซอฟท์ตี้สวีท ฟ้า 110ก.	 (แอทแทคอีซี่ผง ซอฟท์ตี้สวีท ฟ้า 110ก.  หีบx6แพ็ค12)","U00001353","-","U00001353","","","","","","",""
"SKU-896-2063","896","2063","แอทแทคอีซี่ผง กลิ่นซากุระ  ขาว 110ก. 	 (แอทแทคอีซี่ผง กลิ่นซากุระ  ขาว 110ก. 	แพค12)","U00001354","8851818720947","U00001354","","","","","","",""
"SKU-896-2064","896","2064","แอทแทคอีซี่ผง กลิ่นซากุระ  ขาว 110ก. 	 (แอทแทคอีซี่ผง กลิ่นซากุระ  ขาว 110ก. 	หีบx6แพค12)","U00001354","18851818209142","U00001354","","","","","","",""
"SKU-897-2065","897","2065","แอทแทคอีซี่ผง แฮปปี้สวีท ชมพู 250ก.	 (แอทแทคอีซี่ผง แฮปปี้สวีท ชมพู 250ก.	แพค3)","U00001355","-","U00001355","","","","","","",""
"SKU-897-2066","897","2066","แอทแทคอีซี่ผง แฮปปี้สวีท ชมพู 250ก.	 (แอทแทคอีซี่ผง แฮปปี้สวีท ชมพู 250ก.	หีบx8แพค3)","U00001355","-","U00001355","","","","","","",""
"SKU-898-2067","898","2067","แอทแทคอีซี่ผง เซ็กซี่สวีท  ม่วง  250ก.  (แอทแทคอีซี่ผง เซ็กซี่สวีท  ม่วง  250ก. 	แพค3)","U00001356","-","U00001356","","","","","","",""
"SKU-898-2068","898","2068","แอทแทคอีซี่ผง เซ็กซี่สวีท  ม่วง  250ก.  (แอทแทคอีซี่ผง เซ็กซี่สวีท  ม่วง  250ก. 	หีบx8แพค3)","U00001356","-","U00001356","","","","","","",""
"SKU-899-2069","899","2069","แอทแทคอีซี่ผง ซอฟท์ตี้สวีท ฟ้า 240ก.	 (แอทแทคอีซี่ผง ซอฟท์ตี้สวีท ฟ้า 240ก.	แพค3)","-","-","-","","","","","","",""
"SKU-899-2070","899","2070","แอทแทคอีซี่ผง ซอฟท์ตี้สวีท ฟ้า 240ก.	 (แอทแทคอีซี่ผง ซอฟท์ตี้สวีท ฟ้า 240ก.	หีบx8แพค3)","-","-","-","","","","","","",""
"SKU-900-2071","900","2071","แอทแทคอีซี่ผง ซากุระสวีท ขาว 250ก. (แอทแทคอีซี่ผง ซากุระสวีท ขาว 250ก.	แพค3)","U00001358","-","U00001358","","","","","","",""
"SKU-900-2072","900","2072","แอทแทคอีซี่ผง ซากุระสวีท ขาว 250ก. (แอทแทคอีซี่ผง ซากุระสวีท ขาว 250ก.	หีบx8แพค3)","U00001358","-","U00001358","","","","","","",""
"SKU-901-2073","901","2073","แอทแทคอีซี่ผง แมชชีนเลิฟลี่ ฟ้า 240ก. (แอทแทคอีซี่ผง แมชชีนเลิฟลี่ ฟ้า 240ก.	แพค3)","U00001359","8851818801585","U00001359","","","","","","",""
"SKU-901-2074","901","2074","แอทแทคอีซี่ผง แมชชีนเลิฟลี่ ฟ้า 240ก. (แอทแทคอีซี่ผง แมชชีนเลิฟลี่ ฟ้า 240ก.	หีบx8แพค3)","U00001359","18851818801582","U00001359","","","","","","",""
"SKU-905-2076","905","2076","เปา ผงซักฟอก ซุปเปอร์คัลเลอร์1800ก	 (เปา ผงซักฟอก ซุปเปอร์คัลเลอร์1800ก	)","U00001392","-","U00001392","","","","","","",""
"SKU-905-2077","905","2077","เปา ผงซักฟอก ซุปเปอร์คัลเลอร์1800ก	 (เปา ผงซักฟอก ซุปเปอร์คัลเลอร์1800ก	หีบx6)","U00001392","-","U00001392","","","","","","",""
"SKU-907-2078","907","2078","แพนทีน แชมพู 70 มล โททอล ม่วง	 (แพนทีน แชมพู 70 มล โททอล ม่วง	แพค6)","U00001313","4902430413800","U00001313","","","","","","",""
"SKU-907-2079","907","2079","แพนทีน แชมพู 70 มล โททอล ม่วง	 (แพนทีน แชมพู 70 มล โททอล ม่วง	หีบx8แพค6)","U00001313","-","U00001313","","","","","","",""
"SKU-908-2080","908","2080","แพนทีน แชมพู 70 มล เดลี่มอยเจอร์ ทอง (แพนทีน แชมพู 70 มล เดลี่มอยเจอร์ ทอง แพค6)","U00001314","4902430538688","U00001314","","","","","","",""
"SKU-908-2081","908","2081","แพนทีน แชมพู 70 มล เดลี่มอยเจอร์ ทอง (แพนทีน แชมพู 70 มล เดลี่มอยเจอร์ ทอง หีบx8แพค6)","U00001314","-","U00001314","","","","","","",""
"SKU-909-2082","909","2082","แพนทีน แชมพู 70 มล ซิลกี้ เขียว (แพนทีน แชมพู 70 มล ซิลกี้ เขียว แพค6)","U00001315","4902430413169","U00001315","","","","","","",""
"SKU-909-2083","909","2083","แพนทีน แชมพู 70 มล ซิลกี้ เขียว (แพนทีน แชมพู 70 มล ซิลกี้ เขียว	หีบx8แพค6)","U00001315","-","U00001315","","","","","","",""
"SKU-910-2084","910","2084","โชกุบุสซึ ครีมอาบน้ำ ไชนีสมิลค์ ผิวนุ่ม ขวด 500มล.  (โชกุบุสซึ ครีมอาบน้ำ ไชนีสมิลค์ ผิวนุ่ม ขวด 500มล. )","U00001360","8850002851665","U00001360","","","","","","",""
"SKU-910-2085","910","2085","โชกุบุสซึ ครีมอาบน้ำ ไชนีสมิลค์ ผิวนุ่ม ขวด 500มล.  (โชกุบุสซึ ครีมอาบน้ำ ไชนีสมิลค์ ผิวนุ่ม ขวด 500มล. 	หีบx12)","U00001360","8850002851665","U00001360","","","","","","",""
"SKU-913-2086","913","2086","โชกุบุสซึ ครีมอาบน้ำ คาเมลเลีย ขวด 500มล. (โชกุบุสซึ ครีมอาบน้ำ คาเมลเลีย ขวด 500มล.)","U00001361","8850002033726","U00001361","","","","","","",""
"SKU-913-2087","913","2087","โชกุบุสซึ ครีมอาบน้ำ คาเมลเลีย ขวด 500มล. (โชกุบุสซึ ครีมอาบน้ำ คาเมลเลีย ขวด 500มล. หีบx12)","U00001361","18850002033723","U00001361","","","","","","",""
"SKU-914-2088","914","2088","ลอรีเอะซอฟท์&เซฟ มีปีกกลางคืน 30ซม. 4ชิ้น 	(12+1) (ลอรีเอะซอฟท์&เซฟ กลางคืน 30ซม. 4ชิ้น แพค12+1)","U00001362","8851818828766","U00001362","","","","","","",""
"SKU-914-2089","914","2089","ลอรีเอะซอฟท์&เซฟ มีปีกกลางคืน 30ซม. 4ชิ้น 	(12+1) (ลอรีเอะซอฟท์&เซฟ กลางคืน 30ซม. 4ชิ้น 	หีบx6แพค12+1)","U00001362","-","U00001362","","","","","","",""
"SKU-915-2090","915","2090","ลอรีเอะซอฟท์&เซฟ กลางคืน 30ซม. 16ชิ้น  (ลอรีเอะซอฟท์&เซฟ กลางคืน 30ซม. 16ชิ้น )","U00001363","851818191921","U00001363","","","","","","",""
"SKU-915-2091","915","2091","ลอรีเอะซอฟท์&เซฟ กลางคืน 30ซม. 16ชิ้น  (ลอรีเอะซอฟท์&เซฟ กลางคืน 30ซม. 16ชิ้น 	หีบx18)","U00001363","18851818191928","U00001363","","","","","","",""
"SKU-916-2092","916","2092","ลอรีเอะ ซอฟท์&เซฟ สลิมปีก 22 ซม. 4 ชิ้น  แพค12+กลางคืน1ห่อ (ลอรีเอะ ซอฟท์&เซฟ สลิมปีก 22 ซม. 4 ชิ้น แพค12+1 )","U00001364","8851818719125","U00001364","","","","","","",""
"SKU-916-2093","916","2093","ลอรีเอะ ซอฟท์&เซฟ สลิมปีก 22 ซม. 4 ชิ้น  แพค12+กลางคืน1ห่อ (ลอรีเอะ ซอฟท์&เซฟ สลิมปีก 22 ซม. 4 ชิ้น 	หีบx10แพค12+1 )","U00001364","18851818191775","U00001364","","","","","","",""
"SKU-917-2094","917","2094","โซฟีขอบปกป้องสลิม มีปีก 4ชิ้น  (โซฟีขอบปกป้องสลิม มีปีก 4ชิ้น  แพค12+1)","U00001365","8851111101191","U00001365","","","","","","",""
"SKU-917-2095","917","2095","โซฟีขอบปกป้องสลิม มีปีก 4ชิ้น  (โซฟีขอบปกป้องสลิม มีปีก 4ชิ้น  	หีบx10แพค12+1)","U00001365","8851111101191","U00001365","","","","","","",""
"SKU-918-2096","918","2096","โซฟี กระชับ  กลางคืน 29ซม. 4ชิ้น  (โซฟี กระชับ กลางคืน 29ซม. 4ชิ้น แพค12+1 )","U00001366","8851111105229","U00001366","","","","","","",""
"SKU-918-2097","918","2097","โซฟี กระชับ  กลางคืน 29ซม. 4ชิ้น  (โซฟี กระชับ กลางคืน 29ซม. 4ชิ้น  หีบx6แพค12+1 )","U00001366","-","U00001366","","","","","","",""
"SKU-919-2098","919","2098","แพรอท สบู่ก้อน กลิ่นพฤกษา เขียว 55 ก, แพค6  (แพรอท สบู่ก้อน กลิ่นพฤกษา เขียว 55 ก, แพค6 )","U00001376","-","U00001376","","","","","","",""
"SKU-919-2099","919","2099","แพรอท สบู่ก้อน กลิ่นพฤกษา เขียว 55 ก, แพค6  (แพรอท สบู่ก้อน กลิ่นพฤกษา เขียว 55 ก.	หีบx24แพค6 )","U00001376","-","U00001376","","","","","","",""
"SKU-920-2100","920","2100","แพรอท สบู่ก้อน กลิ่นมะลิ เหลือง 55 ก. แพค 6 (แพรอท สบู่ก้อน กลิ่นมะลิ เหลือง 55 ก. แพค 6)","U00001377","8851929010142","U00001377","","","","","","",""
"SKU-920-2101","920","2101","แพรอท สบู่ก้อน กลิ่นมะลิ เหลือง 55 ก. แพค 6 (แพรอท สบู่ก้อน กลิ่นมะลิ เหลือง 55 ก. หีบx24แพค 6)","U00001377","68851929010144","U00001377","","","","","","",""
"SKU-921-2102","921","2102","แพรอท สบู่ก้อน กลิ่นทานาคา ส้ม 55 ก. แพค 6 (แพรอท สบู่ก้อน กลิ่นทานาคา ส้ม 55 ก. แพค 6)","U00001378","-","U00001378","","","","","","",""
"SKU-921-2103","921","2103","แพรอท สบู่ก้อน กลิ่นทานาคา ส้ม 55 ก. แพค 6 (แพรอท สบู่ก้อน กลิ่นทานาคา ส้ม 55 ก. หีบx24แพค6 )","U00001378","-","U00001378","","","","","","",""
"SKU-922-2104","922","2104","แพรอท สบู่ก้อน กลิ่นบุปผชาติ แดง 55 ก. แพค 6 (แพรอท สบู่ก้อน กลิ่นบุปผชาติ แดง 55 ก. แพค 6)","U00001379","8851929006336","U00001379","","","","","","",""
"SKU-922-2105","922","2105","แพรอท สบู่ก้อน กลิ่นบุปผชาติ แดง 55 ก. แพค 6 (แพรอท สบู่ก้อน กลิ่นบุปผชาติ แดง 55 ก. หีบx24แพค6)","U00001379","68851929006338","U00001379","","","","","","",""
"SKU-923-2106","923","2106","แพรอท สบู่ก้อน กลิ่นไม้หอม น้ำเงิน 55 ก. แพค6  (แพรอท สบู่ก้อน กลิ่นไม้หอม น้ำเงิน 55 ก. แพค6)","U00001380","-","U00001380","","","","","","",""
"SKU-923-2107","923","2107","แพรอท สบู่ก้อน กลิ่นไม้หอม น้ำเงิน 55 ก. แพค6  (แพรอท สบู่ก้อน กลิ่นไม้หอม น้ำเงิน 55 ก. หีบx24แ)","U00001380","-","U00001380","","","","","","",""
"SKU-924-2108","924","2108","แพรอท สบู่ก้อน กลิ่นลีลาวดี ม่วง  55 ก. แพค6  (แพรอท สบู่ก้อน กลิ่นลีลาวดี ม่วง  55 ก. แพค6 )","U00001381","-","U00001381","","","","","","",""
"SKU-924-2109","924","2109","แพรอท สบู่ก้อน กลิ่นลีลาวดี ม่วง  55 ก. แพค6  (แพรอท สบู่ก้อน กลิ่นลีลาวดี ม่วง 55 ก. หีบx24แพค6)","U00001381","-","U00001381","","","","","","",""
"SKU-925-2110","925","2110","แพรอท สบู่ก้อน กลิ่นกุหลาบ ชมพู 55 ก. แพค 6 (แพรอท สบู่ก้อน กลิ่นกุหลาบ ชมพู 55 ก. แพค 6)","U00001382","-","U00001382","","","","","","",""
"SKU-925-2111","925","2111","แพรอท สบู่ก้อน กลิ่นกุหลาบ ชมพู 55 ก. แพค 6 (แพรอท สบู่ก้อน กลิ่นกุหลาบ ชมพู 55 ก. หีบx24แพค 6)","U00001382","-","U00001382","","","","","","",""
"SKU-930-2112","930","2112","เซอร์เทนตี้ ผ้าอ้อมผู้ใหญ่ แบบเทป M 34ชิ้น  (เซอร์เทนตี้ ผ้าอ้อมผู้ใหญ่ แบบเทป M 34ชิ้น )","U00001367","8850709300015","U00001367","","","","","","",""
"SKU-930-2113","930","2113","เซอร์เทนตี้ ผ้าอ้อมผู้ใหญ่ แบบเทป M 34ชิ้น  (เซอร์เทนตี้ ผ้าอ้อมผู้ใหญ่ แบบเทป M 34ชิ้น หีบx4)","U00001367","18850709400200","U00001367","","","","","","",""
"SKU-933-2114","933","2114","เซอร์เทนตี้ ผ้าอ้อมผู้ใหญ่ แบบเทป L 30ชิ้น  (เซอร์เทนตี้ ผ้าอ้อมผู้ใหญ่ แบบเทป L 30ชิ้น )","U00001368","8850709300022","U00001368","","","","","","",""
"SKU-933-2115","933","2115","เซอร์เทนตี้ ผ้าอ้อมผู้ใหญ่ แบบเทป L 30ชิ้น  (เซอร์เทนตี้ ผ้าอ้อมผู้ใหญ่ แบบเทป L 30ชิ้น หีบx4)","U00001368","18850709400217","U00001368","","","","","","",""
"SKU-934-2116","934","2116","เซอร์เทนตี้ ผ้าอ้อมผู้ใหญ่ แบบเทป XL-XXL 24ชิ้น  (เซอร์เทนตี้ ผ้าอ้อมผู้ใหญ่ แบบเทป XL-XXL 24ชิ้น )","U00001369","8850709300206","U00001369","","","","","","",""
"SKU-934-2117","934","2117","เซอร์เทนตี้ ผ้าอ้อมผู้ใหญ่ แบบเทป XL-XXL 24ชิ้น  (เซอร์เทนตี้ ผ้าอ้อมผู้ใหญ่ แบบเทป XL-XXL 24ชิ้น หีบx4)","U00001369","18850709300210","U00001369","","","","","","",""
"SKU-935-2118","935","2118","ไฮยีน ปรับผ้านุ่ม 110มล แฮปปี้ซันชายน์ ส้ม (ไฮยีน ปรับผ้านุ่ม 110มล แฮปปี้ซันชายน์ ส้ม แพค3)","U00001393","8850092285227","U00001393","","","","","","",""
"SKU-935-2119","935","2119","ไฮยีน ปรับผ้านุ่ม 110มล แฮปปี้ซันชายน์ ส้ม (ไฮยีน ปรับผ้านุ่ม 110มล แฮปปี้ซันไชน์ ส้ม หีบx16แพค3)","U00001393","48850092285225","U00001393","","","","","","",""
"SKU-936-2120","936","2120","เซอร์เทนตี้ ผ้าอ้อมผู้ใหญ่ แบบเทป M 10ชิ้น  (เซอร์เทนตี้ ผ้าอ้อมผู้ใหญ่ แบบเทป M 10ชิ้น )","U00001370","-","U00001370","","","","","","",""
"SKU-936-2121","936","2121","เซอร์เทนตี้ ผ้าอ้อมผู้ใหญ่ แบบเทป M 10ชิ้น  (เซอร์เทนตี้ ผ้าอ้อมผู้ใหญ่ แบบเทป M 10ชิ้น หีบx8)","U00001370","-","U00001370","","","","","","",""
"SKU-937-2122","937","2122","เซอร์เทนตี้ ผ้าอ้อมผู้ใหญ่ แบบเทป L 9ชิ้น  (เซอร์เทนตี้ ผ้าอ้อมผู้ใหญ่ แบบเทป L 9ชิ้น )","U00001371","8850709230039","U00001371","","","","","","",""
"SKU-937-2123","937","2123","เซอร์เทนตี้ ผ้าอ้อมผู้ใหญ่ แบบเทป L 9ชิ้น  (เซอร์เทนตี้ ผ้าอ้อมผู้ใหญ่ แบบเทป L 9ชิ้น หีบx8)","U00001371","18850709300029","U00001371","","","","","","",""
"SKU-938-2125","938","2125","เซอร์เทนตี้ ผ้าอ้อมผู้ใหญ่ แบบเทป XL-XXL 8ชิ้น  (เซอร์เทนตี้ ผ้าอ้อมผู้ใหญ่ แบบเทป XL-XXL 8ชิ้น )","U00001372","8850709300176","U00001372","","","","","","",""
"SKU-938-2126","938","2126","เซอร์เทนตี้ ผ้าอ้อมผู้ใหญ่ แบบเทป XL-XXL 8ชิ้น  (เซอร์เทนตี้ ผ้าอ้อมผู้ใหญ่ แบบเทป XL-XXL 8ชิ้น หีบx8แพค)","U00001372","18850709300166","U00001372","","","","","","",""
"SKU-939-2128","939","2128","มามี่โพโค แพ้นท์ แฮปปี้  XXL11ชิ้น หีบx8 (มามี่โพโค แพ้นท์ แฮปปี้  XXL11ชิ้น	)","U00001373","8851111421022","U00001373","","","","","","",""
"SKU-939-2127","939","2127","มามี่โพโค แพ้นท์ แฮปปี้  XXL11ชิ้น หีบx8 (มามี่โพโค แพ้นท์ แฮปปี้  XXL11ชิ้น	หีบx8)","U00001373","88851111421028","U00001373","","","","","","",""
"SKU-940-2130","940","2130","มามี่โพโค แพ้นท์ แฮปปี้ XL13ชิ้น หีบx8 (มามี่โพโค แพ้นท์ แฮปปี้ XL13ชิ้น  )","U00001374","8851111420230","U00001374","","","","","","",""
"SKU-940-2129","940","2129","มามี่โพโค แพ้นท์ แฮปปี้ XL13ชิ้น หีบx8 (มามี่โพโค แพ้นท์ แฮปปี้ XL13ชิ้น  หีบx8)","U00001374","88851111420236","U00001374","","","","","","",""
"SKU-942-2132","942","2132","มามี่โพโค แพ้นท์ แฮปปี้  L14ชิ้น หีบx8 (มามี่โพโค แพ้นท์ แฮปปี้ L14ชิ้น	)","U00001375","8851111419265","U00001375","","","","","","",""
"SKU-942-2131","942","2131","มามี่โพโค แพ้นท์ แฮปปี้  L14ชิ้น หีบx8 (มามี่โพโค แพ้นท์ แฮปปี้ L14ชิ้น  หีบx8)","U00001375","88851111419261","U00001375","","","","","","",""
"SKU-943-2133","943","2133","แคร์ แป้งเด็ก คลาสสิค สีฟ้า 50ก. 	แพค12  (แคร์ แป้งเด็ก คลาสสิค สีฟ้า 50ก. 	แพค12 )","U00001394","-","U00001394","","","","","","",""
"SKU-943-2134","943","2134","แคร์ แป้งเด็ก คลาสสิค สีฟ้า 50ก. 	แพค12  (แคร์ แป้งเด็ก คลาสสิค สีฟ้า 50ก. 	หีบx6แพค12 )","U00001394","-","U00001394","","","","","","",""
"SKU-944-2135","944","2135","แคร์ แป้งเด็ก พิงค์ซอฟท์ ชมพู 50ก. แพค12  (แคร์ แป้งเด็ก พิงค์ซอฟท์ ชมพู 50ก. แพค12 )","U00001395","8850006923641","U00001395","","","","","","",""
"SKU-944-2136","944","2136","แคร์ แป้งเด็ก พิงค์ซอฟท์ ชมพู 50ก. แพค12  (แคร์ แป้งเด็ก พิงค์ซอฟท์ ชมพู 50ก. หีบx6แพค12 )","U00001395","18850006598457","U00001395","","","","","","",""
"SKU-945-2137","945","2137","เบบี้มายด์ แป้งเด็ก สวีทตี้พิงค์ 45 ก. 	แพค6 (เบบี้มายด์ แป้งเด็ก สวีทตี้พิงค์ 45 ก. 	แพค6)","U00001396","8851123706513","U00001396","","","","","","",""
"SKU-945-2138","945","2138","เบบี้มายด์ แป้งเด็ก สวีทตี้พิงค์ 45 ก. 	แพค6 (เบบี้มายด์ แป้งเด็ก สวีทตี้พิงค์ 45 ก. 	หีบx8แพค6)","U00001396","48851123706504","U00001396","","","","","","",""
"SKU-946-2139","946","2139","เบบี้มายด์ แป้งเด็ก ดับเบิ้ลมิลค์ โปรตีน 45 ก.	แพค6 (เบบี้มายด์ แป้งเด็ก ดับเบิ้ลมิลค์ โปรตีน 45 ก.	แพค6)","U00001397","8851123706476","U00001397","","","","","","",""
"SKU-946-2140","946","2140","เบบี้มายด์ แป้งเด็ก ดับเบิ้ลมิลค์ โปรตีน 45 ก.	แพค6 (เบบี้มายด์ แป้งเด็ก ดับเบิ้ลมิลค์ โปรตีน 45 ก.	หีบ8xแพค6)","U00001397","48851123706467","U00001397","","","","","","",""
"SKU-947-2141","947","2141","เบบี้มายด์ แป้งเด็ก ไวท์ ซากุระ 45 ก.	แพค6 (เบบี้มายด์ แป้งเด็ก ไวท์ ซากุระ 45 ก.	แพค6)","U00001398","8851123740586","U00001398","","","","","","",""
"SKU-947-2142","947","2142","เบบี้มายด์ แป้งเด็ก ไวท์ ซากุระ 45 ก.	แพค6 (เบบี้มายด์ แป้งเด็ก ไวท์ ซากุระ 45 ก.	หีบx8แพค6)","U00001398","48851123740577","U00001398","","","","","","",""
"SKU-948-2144","948","2144","เบบี้มายด์ แป้งเด็ก ไบโอแกนิค เขียว 45 ก.	แพค6 (เบบี้มายด์ แป้งเด็ก ไบโอแกนิค เขียว 45 ก. แพค6)","U00001399","8851123740418","U00001399","","","","","","",""
"SKU-948-2143","948","2143","เบบี้มายด์ แป้งเด็ก ไบโอแกนิค เขียว 45 ก.	แพค6 (เบบี้มายด์ แป้งเด็ก ไบโอแกนิค เขียว 45 ก. 	หีบ8xแพค6)","U00001399","48851123740409","U00001399","","","","","","",""
"SKU-949-2145","949","2145","แคมปัส ขนมอบกรอบรสช็อก 12 ก   (แคมปัส ขนมอบกรอบรสช็อก 12 ก  แพค12)","U00001383","8851004203605","U00001383","","","","","","",""
"SKU-949-2146","949","2146","แคมปัส ขนมอบกรอบรสช็อก 12 ก   (แคมปัส ขนมอบกรอบรสช็อก 12 ก  หีบx12แพค12)","U00001383","18851004299919","U00001383","","","","","","",""
"SKU-950-2147","950","2147","สแน็คแจ๊ค ถั่วลันเตาอบกรอบ รสต้นตำรับ 15 ก.   (สแน็คแจ๊ค ถั่วลันเตาอบกรอบ รสต้นตำรับ 15 ก.)","U00001384","8852052420105","U00001384","","","","","","",""
"SKU-950-2148","950","2148","สแน็คแจ๊ค ถั่วลันเตาอบกรอบ รสต้นตำรับ 15 ก.   (สแน็คแจ๊ค ถั่วลันเตาอบกรอบ รสต้นตำรับ 15 ก.  	หีบX6แพค12)","U00001384","68852052220103","U00001384","","","","","","",""
"SKU-951-2151","951","2151","เฮดแอนด์โชว์เดอร์ แชมพู แอปเปิ้ล 370 มล  แพค1+1 (เฮดแอนด์โชว์เดอร์ แชมพู แอปเปิ้ล 370 มล  แพค1+1)","U00001385","4902430955737","U00001385","","","","","","",""
"SKU-951-2152","951","2152","เฮดแอนด์โชว์เดอร์ แชมพู แอปเปิ้ล 370 มล  แพค1+1 (เฮดแอนด์โชว์เดอร์ แชมพู แอปเปิ้ล 370 มล 	หีบx3 แพค1+1)","U00001385","14902430955734","U00001385","","","","","","",""
"SKU-952-2153","952","2153","เฮดแอนด์โชว์เดอร์ แชมพู คูลเมนทอล 370 มล  แพค1+1 (เฮดแอนด์โชว์เดอร์ แชมพู คูลเมนทอล 370 มล 	แพค1+1)","U00001386","4902430955942","U00001386","","","","","","",""
"SKU-952-2154","952","2154","เฮดแอนด์โชว์เดอร์ แชมพู คูลเมนทอล 370 มล  แพค1+1 (เฮดแอนด์โชว์เดอร์ แชมพู คูลเมนทอล 370 มล 	หีบx3 แพค1+1)","U00001386","14902430955949","U00001386","","","","","","",""
"SKU-953-2155","953","2155","เฮดแอนด์โชว์เดอร์ แชมพู สมูท&ซิลกี้ 370 มล แพค1+1 (เฮดแอนด์โชว์เดอร์ แชมพู สมูท&ซิลกี้ 370 มล แพค1+1)","U00001387","4987176133939","U00001387","","","","","","",""
"SKU-953-2156","953","2156","เฮดแอนด์โชว์เดอร์ แชมพู สมูท&ซิลกี้ 370 มล แพค1+1 (เฮดแอนด์โชว์เดอร์ แชมพู สมูท&ซิลกี้ 370 มล หีบx3 แพค1+1)","U00001387","14987176133936","U00001387","","","","","","",""
"SKU-954-2157","954","2157","รีจอยส์ แชมพู+ครีมนวด แอนตี้ แดนดรัฟ 370 มล แพค1+1 (รีจอยส์ แชมพู+ครีมนวด แอนตี้ แดนดรัฟ 370 มล แพค1+1)","U00001388","-","U00001388","","","","","","",""
"SKU-954-2158","954","2158","รีจอยส์ แชมพู+ครีมนวด แอนตี้ แดนดรัฟ 370 มล แพค1+1 (รีจอยส์ แชมพู+ครีมนวด แอนตี้ แดนดรัฟ 370 มล หีบx3 แพค1+1)","U00001388","-","U00001388","","","","","","",""
"SKU-955-2159","955","2159","รีจอยส์ แชมพู+ครีมนวด ริช 370 มล 	แพค1+1 (รีจอยส์ แชมพู+ครีมนวด ริช 370 มล 	แพค1+1)","U00001389","-","U00001389","1498717612155","","","","","",""
"SKU-955-2160","955","2160","รีจอยส์ แชมพู+ครีมนวด ริช 370 มล 	แพค1+1 (รีจอยส์ แชมพู+ครีมนวด ริช 370 มล 	หีบx3 แพค1+1)","U00001389","-","U00001389","1498717612155","","","","","",""
"SKU-956-2161","956","2161","รีจอยส์ แชมพู+ครีมนวด เจจูโรส 370 มล  แพค1+1 (รีจอยส์ แชมพู+ครีมนวด เจจูโรส 370 มล  แพค1+1)","U00001390","-","U00001390","","","","","","",""
"SKU-956-2162","956","2162","รีจอยส์ แชมพู+ครีมนวด เจจูโรส 370 มล  แพค1+1 (รีจอยส์ แชมพู+ครีมนวด เจจูโรส 370 มล 	หีบx3 แพค1+1)","U00001390","-","U00001390","","","","","","",""
"SKU-957-2163","957","2163","รีจอยส์ แชมพู+ครีมนวด ลาเวนเดอร์ 370 มล แพค1+1 (รีจอยส์ แชมพู+ครีมนวด ลาเวนเดอร์ 370 มล แพค1+1)","U00001391","-","U00001391","","","","","","",""
"SKU-957-2164","957","2164","รีจอยส์ แชมพู+ครีมนวด ลาเวนเดอร์ 370 มล แพค1+1 (รีจอยส์ แชมพู+ครีมนวด ลาเวนเดอร์ 370 มล หีบx3 แพค1+1)","U00001391","-","U00001391","","","","","","",""
"SKU-958-2167","958","2167","เทสโต มันฝรั่งทอด แผ่นหยัก รสปูผัดผงกะหรี่ 11ก	แพค12 (เทสโต มันฝรั่งทอด แผ่นหยัก รสปูผัดผงกะหรี่ 11ก	แพค12)","U00001407","-","U00001407","","","","","","",""
"SKU-959-2168","959","2168","เทสโต มันฝรั่งทอด แผ่นหยัก รสมันฝรั่งแท้  11ก	แพค12 (เทสโต มันฝรั่งทอด แผ่นหยัก รสมันฝรั่งแท้  11ก	แพค12)","-","-","-","","","","","","",""
"SKU-961-2169","961","2169","เทสโต มันฝรั่งทอด แผ่นหยัก  รสปลาสามรส 11ก 	แพค12 (เทสโต มันฝรั่งทอด แผ่นหยัก  รสปลาสามรส 11ก 	แพค12)","U00001409","-","U00001409","","","","","","",""
"SKU-962-2170","962","2170","ตะวัน ข้าวเกรียบ 14ก รสกุ้งกรอบ 	แพค12 (ตะวัน ข้าวเกรียบ 14ก รสกุ้งกรอบ 	แพค12)","U00001410","8850718701919","U00001410","","","","","","",""
"SKU-962-2171","962","2171","ตะวัน ข้าวเกรียบ 14ก รสกุ้งกรอบ 	แพค12 (ตะวัน ข้าวเกรียบ 14ก รสกุ้งกรอบ 	หีบx8แพค12)","U00001410","8850718901913","U00001410","","","","","","",""
"SKU-963-2172","963","2172","ไฮยีน ปรับผ้านุ่ม 110มล เนเจอร์ ซันสกาย ชมพู  (ไฮยีน ปรับผ้านุ่ม 110มล เนเจอร์ ซันสกาย ชมพู แพค3	)","U00001411","-","U00001411","","","","","","",""
"SKU-963-2238","963","2238","ไฮยีน ปรับผ้านุ่ม 110มล เนเจอร์ ซันสกาย ชมพู  (ไฮยีน ปรับผ้านุ่ม 110มล เนเจอร์ ซันสกาย ชมพู หีบx16แพค3)","U00001411","-","U00001411","","","","","","",""
"SKU-964-3279","964","3279","เบนเนท สบู่วิตามิน ซี&อี สีส้ม 130ก (เบนเนท สบู่วิตามิน ซี&อี สีส้ม 130ก )","U00001400","8850784994796","U00001400","","","","","","",""
"SKU-964-3280","964","3280","เบนเนท สบู่วิตามิน ซี&อี สีส้ม 130ก (เบนเนท สบู่วิตามิน ซี&อี สีส้ม 130ก แพค12)","U00001400","-","U00001400","","","","","","",""
"SKU-964-2173","964","2173","เบนเนท สบู่วิตามิน ซี&อี สีส้ม 130ก (เบนเนท สบู่วิตามิน ซี&อี สีส้ม 130ก แพค4)","U00001400","-","U00001400","","","","","","",""
"SKU-965-2174","965","2174","เบนเนท สบู่สมุนไพรกลั่น มะละกอ 160ก	แพค4 (เบนเนท สบู่สมุนไพรกลั่น มะละกอ 160ก	แพค4)","U00001401","-","U00001401","","","","","","",""
"SKU-966-2176","966","2176","มอคโคน่า ทรีโอ ริชแอนด์สมูท 15.8ก แพค27ซ (มอคโคน่า ทรีโอ ริชแอนด์สมูท 15.8ก 27ซ	หีบx18แพค)","U00001402","98851753099057","U00001402","","","","","","",""
"SKU-966-2175","966","2175","มอคโคน่า ทรีโอ ริชแอนด์สมูท 15.8ก แพค27ซ (มอคโคน่า ทรีโอ ริชแอนด์สมูท 15.8ก แพค27ซ)","U00001402","8851753099054","U00001402","","","","","","",""
"SKU-967-2177","967","2177","ดราก้อนทังค์ โคล่า 22ก แพค12ซ (ดราก้อนทังค์ โคล่า 20ก แพค12ซ)","U00001403","-","U00001403","","","","","","",""
"SKU-967-2182","967","2182","ดราก้อนทังค์ โคล่า 22ก แพค12ซ (ดราก้อนทังค์ โคล่า 20ก แพค12	หีบx12แพค)","U00001403","-","U00001403","","","","","","",""
"SKU-968-2178","968","2178","ดราก้อนทังค์ เรนโบว์เพนซิล 22ก แพค12	 (ดราก้อนทังค์ เรนโบว์เพนซิล 22ก แพค12	)","U00001406","-","U00001406","","","","","","",""
"SKU-968-2179","968","2179","ดราก้อนทังค์ เรนโบว์เพนซิล 22ก แพค12	 (ดราก้อนทังค์ เรนโบว์เพนซิล 22ก หีบx12แพค)","U00001406","-","U00001406","","","","","","",""
"SKU-969-2180","969","2180","ดราก้อนทังค์ สตรอ 20ก แพค12 (ดราก้อนทังค์ สตรอ 20ก แพค12)","U00001404","-","U00001404","","","","","","",""
"SKU-969-2181","969","2181","ดราก้อนทังค์ สตรอ 20ก แพค12 (ดราก้อนทังค์ สตรอ หีบx12แพค)","U00001404","-","U00001404","","","","","","",""
"SKU-970-2183","970","2183","ดราก้อนทังค์ องุ่น 20ก แพค12 (ดราก้อนทังค์ องุ่น 20ก แพค12)","U00001405","-","U00001405","","","","","","",""
"SKU-970-2184","970","2184","ดราก้อนทังค์ องุ่น 20ก แพค12 (ดราก้อนทังค์ องุ่น หีบx12แพค)","U00001405","-","U00001405","","","","","","",""
"SKU-971-2185","971","2185","มิตรผล น้ำตาลดีเมอเรร่า 1กก (มิตรผล น้ำตาลดีเมอเรร่า 1กก)","U00001412","8850256512060","U00001412","","","","","","",""
"SKU-971-2186","971","2186","มิตรผล น้ำตาลดีเมอเรร่า 1กก (มิตรผล น้ำตาลดีเมอเรร่า 1กก	กระสอบx25)","U00001412","98850256512063","U00001412","","","","","","",""
"SKU-972-2187","972","2187","พีอาร์ ข้าวเกรียบ 80 ก รสสาหร่าย แพค3 (พีอาร์ ข้าวเกรียบ 80 ก รสสาหร่าย แพค3)","-","-","-","","","","","","",""
"SKU-972-2188","972","2188","พีอาร์ ข้าวเกรียบ 80 ก รสสาหร่าย แพค3 (พีอาร์ ข้าวเกรียบ 80 ก รสสาหร่าย หีบx12แพค3)","-","-","-","","","","","","",""
"SKU-973-2189","973","2189","พีอาร์ ข้าวเกรียบ 80 ก รสกุ้งสไปซี่ แพค3 (พีอาร์ ข้าวเกรียบ 80 ก รสกุ้งสไปซี่ แพค3)","U00001414","-","U00001414","","","","","","",""
"SKU-973-2190","973","2190","พีอาร์ ข้าวเกรียบ 80 ก รสกุ้งสไปซี่ แพค3 (พีอาร์ ข้าวเกรียบ 80 ก รสกุ้งสไปซี่ หีบx12แพค3)","U00001414","-","U00001414","","","","","","",""
"SKU-975-2192","975","2192","ไฮยีน เอ็กเพิร์ทแคร์ 480มล ไลฟ์เซ้น อควา นง. (ไฮยีน เอ็กเพิร์ทแคร์ 480มล ไลฟ์เซ้น สีอควา	แพค2+1)","U00001415","-","U00001415","","","","","","",""
"SKU-976-2193","976","2193","ไฮยีน เอ็กเพิร์ทแคร์ 480มล มอร์นิ่งเฟรช ฟ้า (ไฮยีน เอ็กเพิร์ทแคร์ 480มล มอร์นิ่งเฟรช ฟ้า แพค2+1)","U00001416","8850092283810","U00001416","","","","","","",""
"SKU-977-2195","977","2195","ซอฟเฟล โลชั่นทากันยุง 8 มล กลิ่นฟลอร่า แพค24ซ (ซอฟเฟล โลชั่นทากันยุง 8 มล กลิ่นฟลอร่า แพค24ซ)","U00001417","8992772054409","U00001417","","","","","","",""
"SKU-978-2196","978","2196","ซอฟเฟล โลชั่นทากันยุง 8 มล กลิ่นเฟรช แพค24ซ (ซอฟเฟล โลชั่นทากันยุง 8 มล กลิ่นเฟรช แพค24ซ)","U00001418","8992772054416","U00001418","","","","","","",""
"SKU-979-2197","979","2197","ป๊อกกี้ บิสกิตแท่ง รสช็อก 10ก.แพค12	 (ป๊อกกี้ บิสกิตแท่ง รสช็อก 10ก.แพค12)","U00001419","8851019910529","U00001419","","","","","","",""
"SKU-980-2198","980","2198","ป๊อกกี้ บิสกิตแท่ง รสคุกกี้ครีม 11ก.แพค12 (ป๊อกกี้ บิสกิตแท่ง รสคุกกี้ครีม 11ก.แพค12)","U00001420","8851019910512","U00001420","","","","","","",""
"SKU-981-2199","981","2199","ป๊อกกี้ บิสกิตแท่ง รสสตรอ 9ก.แพค12 (ป๊อกกี้ บิสกิตแท่ง รสสตรอ 9ก.แพค12)","U00001421","8851019910536","U00001421","","","","","","",""
"SKU-982-2200","982","2200","ป๊อกกี้ บิสกิตแท่ง รสช็อกโกบานาน่า 25ก (ป๊อกกี้ บิสกิตแท่ง รสช็อกโกบานาน่า 25ก.แพคx10)","U00001422","8851019011271","U00001422","","","","","","",""
"SKU-983-2201","983","2201","โปเต้ มันฝรั่งกรอบ 12ก (โปเต้ มันฝรั่งกรอบ 12ก แพค12)","U00001423","-","U00001423","","","","","","",""
"SKU-984-2202","984","2202","คอนเน่ ข้าวโพดกรอบ 11ก	 (คอนเน่ ข้าวโพดกรอบ 11ก	แพค12)","U00001424","-","U00001424","","","","","","",""
"SKU-985-2203","985","2203","สแน็คแจ๊ค ถั่วลันเตา รสหอยเชลล์สไปซี่ 15 ก.   (สแน็คแจ๊ค ถั่วลันเตา รสหอยเชลล์สไปซี่ 15 ก.  แพค12)","U00001426","-","U00001426","","","","","","",""
"SKU-986-2204","986","2204","คอนเน่ ข้าวโพดกรอบ รสชีส  11ก (คอนเน่ ข้าวโพดกรอบ รสชีส  11ก แพค12)","-","-","-","","","","","","",""
"SKU-987-2205","987","2205","สแน็คแจ๊ค ถั่วลันเตา รสกุ้งคั่วพริกเกลือ 15 ก.   (สแน็คแจ๊ค ถั่วลันเตา รสกุ้งคั่วพริกเกลือ 15 ก. แพค12)","U00001427","-","U00001427","","","","","","",""
"SKU-988-2206","988","2206","ปาปริก้า มันฝรั่งกรอบ 12ก (ปาปริก้า มันฝรั่งกรอบ 12ก แพค12)","U00001428","-","U00001428","","","","","","",""
"SKU-989-2207","989","2207","คาราด้า รสปลาหมึก 14ก (คาราด้า รสปลาหมึก 14ก แพค12)","U00001429","-","U00001429","","","","","","",""
"SKU-990-2208","990","2208","ทวิสตี้ ข้าวกรอบ 15ก รสเอ็กตรีมชีส (ทวิสตี้ ข้าวกรอบ 15ก รสเอ็กตรีมชีส แพค12)","U00001430","-","U00001430","","","","","","",""
"SKU-991-2209","991","2209","ทวิสตี้ ทไวส์สอดไส้ช็อค 15ก (ทวิสตี้ ทไวส์สอดไส้ช็อค 15ก แพค12)","U00001431","-","U00001431","","","","","","",""
"SKU-992-2210","992","2210","ตะวัน ข้าวเกรียบ 16ก รสสาหร่ายทรงเครื่อง  (ตะวัน ข้าวเกรียบ 16ก รสสาหร่ายทรงเครื่อง แพค12)","U00001432","8850718707706","U00001432","","","","","","",""
"SKU-993-2211","993","2211","มโนราห์ ข้าวเกรียบกุ้ง10ก (มโนราห์ ข้าวเกรียบกุ้ง10ก แพค12)","U00001433","-","U00001433","","","","","","",""
"SKU-994-2212","994","2212","โชกี้โชกี้ ช็อคโกแลตผสมเม็ดมะม่วงฯ 16ก (โชกี้โชกี้ ช็อคโกแลตผสมเม็ดมะม่วงฯ 16ก แพค12)","U00001434","-","U00001434","","","","","","",""
"SKU-995-2213","995","2213","ลอตเต้ โคอะลามาร์ช ไส้ชอคโก 37ก (ลอตเต้ โคอะลามาร์ช ไส้ชอคโก 37ก)","U00001435","8852008300000","U00001435","","","","","","",""
"SKU-995-2214","995","2214","ลอตเต้ โคอะลามาร์ช ไส้ชอคโก 37ก (ลอตเต้ โคอะลามาร์ช ไส้ชอคโก 37ก แพค6)","U00001435","-","U00001435","","","","","","",""
"SKU-996-2215","996","2215","ลอตเต้ โคอะลามาร์ช ไส้สตรอเบอรี่ 37ก (ลอตเต้ โคอะลามาร์ช ไส้สตรอเบอรี่ 37ก)","U00001436","8852008300031","U00001436","","","","","","",""
"SKU-996-2216","996","2216","ลอตเต้ โคอะลามาร์ช ไส้สตรอเบอรี่ 37ก (ลอตเต้ โคอะลามาร์ช ไส้สตรอเบอรี่ 37ก แพค6)","U00001436","8852008300048","U00001436","","","","","","",""
"SKU-997-2217","997","2217","ยูปี้ 2บ กัมมี่ พิชชา 8ก (ยูปี้ กัมมี่ พิชชา 8ก กล่องx24)","U00001437","8992741981415","U00001437","","","","","","",""
"SKU-998-2218","998","2218","ซันไบทส์ ขนมอบกรอบ รสดั้งเดิม เขียว 15ก (ซันไบทส์ ขนมอบกรอบ รสดั้งเดิม เขียว 15ก แพค12)","U00001438","-","U00001438","","","","","","",""
"SKU-999-2219","999","2219","ซันไบทส์ ขนมอบกรอบ รสบาร์บีคิว 15ก (ซันไบทส์ ขนมอบกรอบ รสบาร์บีคิว 15ก แพค12)","U00001439","-","U00001439","","","","","","",""
"SKU-1000-2220","1000","2220","กุ๊ก น้ำมันถั่วเหลือง ขวด1ลิตร (กุ๊ก น้ำมันถั่วเหลือง ขวด1ลิตร)","U00001440","8850180010045","U00001440","","","","","","",""
"SKU-1000-2221","1000","2221","กุ๊ก น้ำมันถั่วเหลือง ขวด1ลิตร (กุ๊ก น้ำมันถั่วเหลือง ขวด1ลิตร หีบx12)","U00001440","18850180010042","U00001440","","","","","","",""
"SKU-1001-2224","1001","2224","เปา ผงซักฟอก ซุปเปอร์ไวท์ 2700ก (เปา ผงซักฟอก ซุปเปอร์ไวท์ 2700ก)","U00001441","8850002001022","U00001441","","","","","","",""
"SKU-1001-2225","1001","2225","เปา ผงซักฟอก ซุปเปอร์ไวท์ 2700ก (เปา ผงซักฟอก ซุปเปอร์ไวท์ 2700ก	หีบx4)","U00001441","8850002001022","U00001441","","","","","","",""
"SKU-1002-2226","1002","2226","เปา ผงซักฟอก ซุปเปอร์ซอฟท์ 2700ก (เปา ผงซักฟอก ซุปเปอร์ซอฟท์ 2700ก)","U00001442","-","U00001442","","","","","","",""
"SKU-1002-2227","1002","2227","เปา ผงซักฟอก ซุปเปอร์ซอฟท์ 2700ก (เปา ผงซักฟอก ซุปเปอร์ซอฟท์ 2700ก หีบx4)","U00001442","-","U00001442","","","","","","",""
"SKU-1003-2228","1003","2228","เปา ผงซักฟอก ซุปเปอร์คัลเลอร์ 2700ก (เปา ผงซักฟอก ซุปเปอร์คัลเลอร์ 2700ก)","U00001443","8850002001121","U00001443","","","","","","",""
"SKU-1003-2229","1003","2229","เปา ผงซักฟอก ซุปเปอร์คัลเลอร์ 2700ก (เปา ผงซักฟอก ซุปเปอร์คัลเลอร์ 2700ก หีบx4)","U00001443","-","U00001443","","","","","","",""
"SKU-1004-2232","1004","2232","จู๊ซ่า เครื่องดื่มโซดา น้ำองุ่นขาว10% 325 มล (จู๊ซ่า เครื่องดื่มโซดา น้ำองุ่นขาว10% 325 มล)","U00001444","8857129085041","U00001444","","","","","","",""
"SKU-1004-2239","1004","2239","จู๊ซ่า เครื่องดื่มโซดา น้ำองุ่นขาว10% 325 มล (จู๊ซ่า เครื่องดื่มโซดา น้ำองุ่นขาว10% 325 มล แพค6)","U00001444","8857129085119","U00001444","","","","","","",""
"SKU-1004-2240","1004","2240","จู๊ซ่า เครื่องดื่มโซดา น้ำองุ่นขาว10% 325 มล (จู๊ซ่า เครื่องดื่มโซดา น้ำองุ่นขาว10% 325 มล หีบx24)","U00001444","18857129085048","U00001444","","","","","","",""
"SKU-1005-2233","1005","2233","จู๊ซ่า เครื่องดื่มโซดา น้ำลิ้นจี่สัปปะรด10% 325 มล (จู๊ซ่า เครื่องดื่มโซดา น้ำลิ้นจี่สัปปะรด10% 325 มล)","U00001445","8857129085058","U00001445","","","","","","",""
"SKU-1005-2241","1005","2241","จู๊ซ่า เครื่องดื่มโซดา น้ำลิ้นจี่สัปปะรด10% 325 มล (จู๊ซ่า เครื่องดื่มโซดา น้ำลิ้นจี่สัปปะรด10% 325 มล แพค6)","U00001445","8857129085126","U00001445","","","","","","",""
"SKU-1005-2242","1005","2242","จู๊ซ่า เครื่องดื่มโซดา น้ำลิ้นจี่สัปปะรด10% 325 มล (จู๊ซ่า เครื่องดื่มโซดา น้ำลิ้นจี่สัปปะรด10% 325 มล หีบx24)","U00001445","18857129085055","U00001445","","","","","","",""
"SKU-1006-2234","1006","2234","จู๊ซ่า เครื่องดื่มโซดา น้ำส้มเลมอนยูซุ 5% 325 มล (จู๊ซ่า เครื่องดื่มโซดา น้ำส้มเลมอนยูซุ 5% 325 มล)","-","-","-","","","","","","",""
"SKU-1006-2243","1006","2243","จู๊ซ่า เครื่องดื่มโซดา น้ำส้มเลมอนยูซุ 5% 325 มล (จู๊ซ่า เครื่องดื่มโซดา น้ำส้มเลมอนยูซุ 5% 325 มล แพค6)","-","-","-","","","","","","",""
"SKU-1006-2244","1006","2244","จู๊ซ่า เครื่องดื่มโซดา น้ำส้มเลมอนยูซุ 5% 325 มล (จู๊ซ่า เครื่องดื่มโซดา น้ำส้มเลมอนยูซุ 5% 325 มล หีบx24)","-","-","-","","","","","","",""
"SKU-1007-2251","1007","2251","แฮปปี้ซี เครื่องดื่มเยลลี่กลิ่นส้ม ผสมวิตามินซีสูง 320มล (แฮปปี้ซี เครื่องดื่มเยลลี่กลิ่นส้ม ผสมวิตามินซีสูง 320มล แพค6)","U00001447","8857129085188","U00001447","","","","","","",""
"SKU-1007-2237","1007","2237","แฮปปี้ซี เครื่องดื่มเยลลี่กลิ่นส้ม ผสมวิตามินซีสูง 320มล (แฮปปี้ซี เครื่องดื่มเยลลี่กลิ่นส้ม ผสมวิตามินซีสูง 320มล หีบx24)","U00001447","(01)18857129085147","U00001447","","","","","","",""
"SKU-1008-2245","1008","2245","เจ้าสัว ข้าวตังหน้าหมูหยอง 80 ก (เจ้าสัว ข้าวตังหน้าหมูหยอง 80 ก)","U00001448","8852240010026","U00001448","","","","","","",""
"SKU-1008-3372","1008","3372","เจ้าสัว ข้าวตังหน้าหมูหยอง 80 ก (เจ้าสัว ข้าวตังหน้าหมูหยอง 80 ก ชุดx4ถุง)","U00001448","-","U00001448","","","","","","",""
"SKU-1008-2246","1008","2246","เจ้าสัว ข้าวตังหน้าหมูหยอง 80 ก (เจ้าสัว ข้าวตังหน้าหมูหยอง 80 ก หีบx30)","U00001448","18852240010023","U00001448","","","","","","",""
"SKU-1009-2247","1009","2247","เจ้าสัว ข้าวตังหน้าหมูหยองพริกเผา 80 ก (เจ้าสัว ข้าวตังหน้าหมูหยองพริกเผา 80 ก)","U00001449","8852240010514","U00001449","","","","","","",""
"SKU-1009-3371","1009","3371","เจ้าสัว ข้าวตังหน้าหมูหยองพริกเผา 80 ก (เจ้าสัว ข้าวตังหน้าหมูหยองพริกเผา 80 ก ชุดx4ถุง)","U00001449","-","U00001449","","","","","","",""
"SKU-1009-2248","1009","2248","เจ้าสัว ข้าวตังหน้าหมูหยองพริกเผา 80 ก (เจ้าสัว ข้าวตังหน้าหมูหยองพริกเผา 80 ก หีบx30)","U00001449","18852240170048","U00001449","","","","","","",""
"SKU-1010-2249","1010","2249","เจ้าสัว ข้าวตังหน้าหมูหยอง ผสมไรซเบอร์รี่ 75 ก (เจ้าสัว ข้าวตังหน้าหมูหยอง ผสมไรซเบอร์รี่ 75 ก)","-","-","-","","","","","","",""
"SKU-1010-2250","1010","2250","เจ้าสัว ข้าวตังหน้าหมูหยอง ผสมไรซเบอร์รี่ 75 ก (เจ้าสัว ข้าวตังหน้าหมูหยอง ผสมไรซเบอร์รี่ 75 ก หีบx30)","-","-","-","","","","","","",""
"SKU-1011-2252","1011","2252","เวลเนส ไออนไนซ์ น้ำดื่มเกลือแร่วิตามิน เลมอนไลม์ 500มล (ไออนไนซ์ น้ำดื่มเกลือแร่วิตามิน กลิ่นน้ำผึ้งเลมอน 500มล)","U00001451","8857129085164","U00001451","","","","","","",""
"SKU-1011-2253","1011","2253","เวลเนส ไออนไนซ์ น้ำดื่มเกลือแร่วิตามิน เลมอนไลม์ 500มล (ไออนไนซ์ น้ำดื่มเกลือแร่วิตามิน กลิ่นน้ำผึ้งเลมอน 500มล แพค12)","U00001451","8857129085171","U00001451","","","","","","",""
"SKU-1012-2254","1012","2254","ไฮเตอร์ ซักผ้าขาว สีฟ้า 250 มล (ไฮเตอร์ ซักผ้าขาว สีฟ้า 250 มล แพค6)","U00001452","8851818825390","U00001452","","","","","","",""
"SKU-1012-2256","1012","2256","ไฮเตอร์ ซักผ้าขาว สีฟ้า 250 มล (ไฮเตอร์ ซักผ้าขาว สีฟ้า 250 มล	หีบx8แพค6)","U00001452","18851818602301","U00001452","","","","","","",""
"SKU-1013-2255","1013","2255","ไฮเตอร์ ซักผ้าขาว สีชมพู 250 มล (ไฮเตอร์ ซักผ้าขาว สีชมพู 250 มล แพค6)","U00001453","8851818825499","U00001453","","","","","","",""
"SKU-1013-2257","1013","2257","ไฮเตอร์ ซักผ้าขาว สีชมพู 250 มล (ไฮเตอร์ ซักผ้าขาว สีชมพู 250 มล	หีบx8แพค6)","U00001453","18851818612300","U00001453","","","","","","",""
"SKU-1014-2258","1014","2258","ว้าว ล้างจาน 400,450 มล กลิ่นมะนาว (ว้าว ล้างจาน 400,450 มล กลิ่นมะนาว แพค3)","U00001454","8859333712447","U00001454","","","","","","",""
"SKU-1014-2259","1014","2259","ว้าว ล้างจาน 400,450 มล กลิ่นมะนาว (ว้าว ล้างจาน 400,450 มล กลิ่นมะนาว หีบx8แพค3)","U00001454","18859333712444","U00001454","","","","","","",""
"SKU-1015-2260","1015","2260","วังขนาย น้ำตาลดีเมอเรร่า 1กก. (วังขนาย น้ำตาลดีเมอเรร่า 1กก.)","U00001455","8850456202051","U00001455","","","","","","",""
"SKU-1015-2261","1015","2261","วังขนาย น้ำตาลดีเมอเรร่า 1กก. (วังขนาย น้ำตาลดีเมอเรร่า 1กก. กระสอบx25)","U00001455","18850456202058","U00001455","","","","","","",""
"SKU-1016-2262","1016","2262","เป๊ปซี่ เครื่องดื่มอัดลม 300 มล. แพค24 (เป๊ปซี่ เครื่องดื่มอัดลม 300 มล. แพค24)","U00001456","-","U00001456","","","","","","",""
"SKU-1017-2263","1017","2263","เป๊ปซี่ เครื่องดื่มอัดลม 545 มล. แพค24 (เป๊ปซี่ เครื่องดื่มอัดลม 545 มล. แพค24)","U00001457","-","U00001457","","","","","","",""
"SKU-1018-2265","1018","2265","ซันไลต์ เลมอน 750มล ถุง (ซันไลต์ เลมอน 750มล ถุง)","U00001458","8851932227193","U00001458","","","","","","",""
"SKU-1018-2439","1018","2439","ซันไลต์ เลมอน 750มล ถุง (ซันไลต์ เลมอน 750มล ถุง แพค4)","U00001458","18851932413616","U00001458","","","","","","",""
"SKU-1018-2264","1018","2264","ซันไลต์ เลมอน 750มล ถุง (ซันไลต์ เลมอน 750มล แพค4ถุง)","U00001458","8851932408745","U00001458","","","","","","",""
"SKU-1019-2266","1019","2266","รสดี ซุปก๋วยเตี๋ยวน้ำใส 350ก (รสดี ซุปก๋วยเตี๋ยวน้ำใส 350ก)","U00001459","-","U00001459","","","","","","",""
"SKU-1019-2267","1019","2267","รสดี ซุปก๋วยเตี๋ยวน้ำใส 350ก (รสดี ซุปก๋วยเตี๋ยวน้ำใส 350ก แพค3)","U00001459","-","U00001459","","","","","","",""
"SKU-1020-2268","1020","2268","ดาวน์นี่ ปรับผ้านุ่ม แพชชั่น แดง 100มล.แพค3 (ดาวน์นี่ ปรับผ้านุ่ม แพชชั่น แดง 100มล.แพค3)","U00001460","4902430805605","U00001460","","","","","","",""
"SKU-1021-2269","1021","2269","ดาวน์นี่ ปรับผ้านุ่ม สวนดอกไม้ผลิ ชมพู 110มล.แพค3 (ดาวน์นี่ ปรับผ้านุ่ม สวนดอกไม้ผลิ ชมพู 110มล.แพค3)","U00001461","4902430805582","U00001461","","","","","","",""
"SKU-1022-2270","1022","2270","ดาวน์นี่ ปรับผ้านุ่ม หอมสดชื่นยามเช้า ฟ้า 110มล.แพค3 (ดาวน์นี่ ปรับผ้านุ่ม หอมสดชื่นยามเช้า ฟ้า 110มล.แพค3)","U00001462","4902430748308","U00001462","","","","","","",""
"SKU-1023-2271","1023","2271","ดาวน์นี่ ปรับผ้านุ่ม หอมละมุนคอตตอน ขาว 100มล.แพค4+1 (ดาวน์นี่ ปรับผ้านุ่ม หอมละมุนคอตตอน ขาว 100มล.แพค4+1)","U00001463","-","U00001463","","","","","","",""
"SKU-1024-2272","1024","2272","ดาวน์นี่ ปรับผ้านุ่ม หอมช่อดอกไม้ ฟ้า 100มล.แพค3 (ดาวน์นี่ ปรับผ้านุ่ม หอมช่อดอกไม้ ฟ้า 100มล.แพค3)","U00001465","4902430429856","U00001465","","","","","","",""
"SKU-1025-2273","1025","2273","ดาวน์นี่ ปรับผ้านุ่ม ตากผ้าในร่ม 470 มล เขียว แพค2+1 (ดาวน์นี่ ปรับผ้านุ่ม ตากผ้าในร่ม 470 มล เขียว แพค2+1)","U00001464","-","U00001464","","","","","","",""
"SKU-1026-2274","1026","2274","ซันไลต์ เลมอน 485 มล ขวด (ซันไลต์ เลมอน 485 มล ขวด)","U00001466","-","U00001466","","","","","","",""
"SKU-1026-2275","1026","2275","ซันไลต์ เลมอน 485 มล ขวด (ซันไลต์ เลมอน 485 มล แพค6ข)","U00001466","-","U00001466","","","","","","",""
"SKU-1026-2276","1026","2276","ซันไลต์ เลมอน 485 มล ขวด (ซันไลต์ เลมอน 485 มล หีบx4แพค6)","U00001466","-","U00001466","","","","","","",""
"SKU-1027-2277","1027","2277","ซันไลต์ เลมอน 3.2ล แกลลอน (ซันไลต์ เลมอน 3.2ล แกลลอน)","U00001467","-","U00001467","","","","","","",""
"SKU-1027-2278","1027","2278","ซันไลต์ เลมอน 3.2ล แกลลอน (ซันไลต์ เลมอน 3.2ล แกลลอน หีบx4)","U00001467","-","U00001467","","","","","","",""
"SKU-1028-2279","1028","2279","เด็กสมบูรณ์ ซีอิ๊วดำสูตร5 940มล  (เด็กสมบูรณ์ ซีอิ๊วดำสูตร5 940มล แพค3)","U00001468","-","U00001468","","","","","","",""
"SKU-1028-2280","1028","2280","เด็กสมบูรณ์ ซีอิ๊วดำสูตร5 940มล  (เด็กสมบูรณ์ ซีอิ๊วดำสูตร5 940มล หีบx12)","U00001468","-","U00001468","","","","","","",""
"SKU-1029-2281","1029","2281","ดาวน์นี่ ปรับผ้านุ่ม มิสทิค ม่วง 100มล.แพค3 (ดาวน์นี่ ปรับผ้านุ่ม มิสทิค ม่วง 100มล.แพค3)","U00001469","4902430748339","U00001469","","","","","","",""
"SKU-1030-2282","1030","2282","ดาวน์นี่ ปรับผ้านุ่ม ตากในร่ม เขียว 100มล.แพค3 (ดาวน์นี่ ปรับผ้านุ่ม ตากในร่ม เขียว 100มล.แพค3)","U00001470","4902430901680","U00001470","","","","","","",""
"SKU-1031-2283","1031","2283","ดาวน์นี่ ปรับผ้านุ่ม 23มล. X24 ตากในร่ม เขียว (ดาวน์นี่ ปรับผ้านุ่ม  ตากในร่ม เขียว 23มล. X24)","U00001471","-","U00001471","","","","","","",""
"SKU-1032-2284","1032","2284","มาจิคลีน ถูพื้น ลิลลี่บูเก้ ชมพู ถุง750มล (มาจิคลีน ถูพื้น ลิลลี่บูเก้ ชมพู ถุง750มล)","U00001472","-","U00001472","","","","","","",""
"SKU-1032-2285","1032","2285","มาจิคลีน ถูพื้น ลิลลี่บูเก้ ชมพู ถุง750มล (มาจิคลีน ถูพื้น ลิลลี่บูเก้ ชมพู ถุง750มล แพค3)","U00001472","-","U00001472","","","","","","",""
"SKU-1033-2286","1033","2286","มาจิคลีน ถูพื้น ลาเวนเดอร์ ม่วง ถุง750มล (มาจิคลีน ถูพื้น ลาเวนเดอร์ ม่วง ถุง750มล)","U00001473","-","U00001473","","","","","","",""
"SKU-1033-2287","1033","2287","มาจิคลีน ถูพื้น ลาเวนเดอร์ ม่วง ถุง750มล (มาจิคลีน ถูพื้น ลาเวนเดอร์ ม่วง ถุง750มล แพค3)","U00001473","-","U00001473","","","","","","",""
"SKU-1034-2288","1034","2288","ลอตเต้ โคอะลามาร์ช ไส้นมไวท์มิลค์ 33ก (ลอตเต้ โคอะลามาร์ช ไส้นมไวท์มิลค์ 33ก)","U00001474","8852008304879","U00001474","","","","","","",""
"SKU-1034-2289","1034","2289","ลอตเต้ โคอะลามาร์ช ไส้นมไวท์มิลค์ 33ก (ลอตเต้ โคอะลามาร์ช ไส้นมไวท์มิลค์ 33ก แพค6)","U00001474","8852008304886","U00001474","","","","","","",""
"SKU-1035-2290","1035","2290","คนอร์ ผงมะนาว 400ก (คนอร์ ผงมะนาว 400ก)","U00001475","8850144214601","U00001475","","","","","","",""
"SKU-1035-2291","1035","2291","คนอร์ ผงมะนาว 400ก (คนอร์ ผงมะนาว 400ก หีบx15)","U00001475","18850144214998","U00001475","","","","","","",""
"SKU-1036-2292","1036","2292","เป๊ปซี่ เครื่องดื่มอัดลม 325 มล. กป.แพค6 (เป๊ปซี่ เครื่องดื่มอัดลม 325 มล. กป.แพค6)","U00001476","-","U00001476","","","","","","",""
"SKU-1037-2293","1037","2293","โค้ก เครื่องดื่มอัดลม ออริจินัล 1.25ล (โค้ก น้ำอัดลม ออริจินัล 1.25ล แพค12)","U00001477","8851959444016","U00001477","","","","","","",""
"SKU-1038-2295","1038","2295","ดาวน์นี่ ปรับผ้านุ่ม หอมช่อแสนน่ารัก ชมพู 100มล.แพค3 (ดาวน์นี่ ปรับผ้านุ่ม หอมช่อแสนน่ารัก ชมพู 100มล.แพค3)","U00001482","-","U00001482","","","","","","",""
"SKU-1039-3540","1039","3540","ซันไลต์ เลมอน 500มล  (ซันไลต์ ล้างจานเลมอน 500มล แพค3)","U00001483","-","U00001483","","","","","","",""
"SKU-1039-2296","1039","2296","ซันไลต์ เลมอน 500มล  (ซันไลต์ ล้างจานเลมอน 500มล แพค4)","U00001483","-","U00001483","","","","","","",""
"SKU-1039-2438","1039","2438","ซันไลต์ เลมอน 500มล  (ซันไลต์ ล้างจานเลมอน 500มล หีบx24)","U00001483","-","U00001483","","","","","","",""
"SKU-1040-2297","1040","2297","ภูเขาทอง ซอสปรุงรสอาหาร 700มล ฝาส้ม (ภูเขาทอง ซอสปรุงรสอาหาร 700มล)","U00001478","-","U00001478","","","","","","",""
"SKU-1041-2298","1041","2298","คนแบกกุ้ง น้ำปลาเพท 700มล (คนแบกกุ้ง น้ำปลาเพท 700มล)","U00001479","-","U00001479","","","","","","",""
"SKU-1041-2712","1041","2712","คนแบกกุ้ง น้ำปลาเพท 700มล (คนแบกกุ้ง น้ำปลาเพท 700มล	หีบx12)","U00001479","-","U00001479","","","","","","",""
"SKU-1042-2299","1042","2299","ไฮนซ์ ซอสมะเขือเทศ600ก (ไฮนซ์ ซอสมะเขือเทศ600ก)","U00001480","-","U00001480","","","","","","",""
"SKU-1043-2300","1043","2300","โรซ่า ซอสมะเขือเทศ 300ก (โรซ่า ซอสมะเขือเทศ 300ก)","U00001481","-","U00001481","","","","","","",""
"SKU-1044-2301","1044","2301","สามแม่ครัว ปลาซาร์ดีนฝาดึงแดงเหลือง 155ก. (สามแม่ครัว ปลาซาร์ดีนฝาดึงแดงเหลือง 155ก. แพค10)","U00001484","-","U00001484","","","","","","",""
"SKU-1044-2302","1044","2302","สามแม่ครัว ปลาซาร์ดีนฝาดึงแดงเหลือง 155ก. (สามแม่ครัว ปลาซาร์ดีนฝาดึงแดงเหลือง 155ก. หีบx10 แพค10)","U00001484","-","U00001484","","","","","","",""
"SKU-1045-2303","1045","2303","ซันซิล แชมพู+แชมพู 325+325 มล ส้ม (ซันซิล แชมพู+แชมพู 325+325 มล ส้ม)","U00001485","8851932403818","U00001485","","","","","","",""
"SKU-1045-2321","1045","2321","ซันซิล แชมพู+แชมพู 325+325 มล ส้ม (ซันซิล แชมพู+แชมพู 325+325 มล ส้ม หีบx6)","U00001485","18851932410035","U00001485","","","","","","",""
"SKU-1046-2304","1046","2304","ซันซิล แชมพู+แชมพู 325+325 มล ชมพู (ซันซิล แชมพู+แชมพู 325+325 มล ชมพู)","U00001486","8851932403801","U00001486","","","","","","",""
"SKU-1046-2320","1046","2320","ซันซิล แชมพู+แชมพู 325+325 มล ชมพู (ซันซิล แชมพู+แชมพู 325+300 มล ชมพู หีบx6)","U00001486","18851932410028","U00001486","","","","","","",""
"SKU-1047-2305","1047","2305","ซันซิล แชมพู+แชมพู 325+325 มล ม่วง (ซันซิล แชมพู+แชมพู 325+325 มล ม่วง)","U00001487","-","U00001487","","","","","","",""
"SKU-1047-2319","1047","2319","ซันซิล แชมพู+แชมพู 325+325 มล ม่วง (ซันซิล แชมพู+แชมพู 325+325 มล ม่วง หีบx6)","U00001487","-","U00001487","","","","","","",""
"SKU-1048-2306","1048","2306","ซันซิล แชมพู+แชมพู 325+325 มล เหลือง (ซันซิล แชมพู+แชมพู 325+325 มล เหลือง)","U00001488","8851932414296","U00001488","","","","","","",""
"SKU-1048-2318","1048","2318","ซันซิล แชมพู+แชมพู 325+325 มล เหลือง (ซันซิล แชมพู+แชมพู 325+325 มล เหลือง หีบx6)","U00001488","18851932417591","U00001488","","","","","","",""
"SKU-1049-2307","1049","2307","ซันซิล แชมพู+แชมพู 325+325 มล ดำ (ซันซิล แชมพู+แชมพู 325+325 มล ดำ)","U00001489","8851932480338","U00001489","","","","","","",""
"SKU-1049-2317","1049","2317","ซันซิล แชมพู+แชมพู 325+325 มล ดำ (ซันซิล แชมพู+แชมพู 325+325 มล ดำ หีบx6)","U00001489","18851932466636","U00001489","","","","","","",""
"SKU-1050-2308","1050","2308","108 Shop 2600ก ผงซักฟอก (108 Shop ผงซักฟอก 2600ก)","U00001490","-","U00001490","","","","","","",""
"SKU-1050-2309","1050","2309","108 Shop 2600ก ผงซักฟอก (108 Shop ผงซักฟอก 2600ก)","U00001490","-","U00001490","","","","","","",""
"SKU-1051-2310","1051","2310","วังขนาย น้ำตาลทรายขาว 1กก. (วังขนาย น้ำตาลทรายขาว 1กก.)","U00001492","8850456100326","U00001492","","","","","","",""
"SKU-1051-2311","1051","2311","วังขนาย น้ำตาลทรายขาว 1กก. (วังขนาย น้ำตาลทรายขาว 1กก. กระสอบx25)","U00001492","18850456102174","U00001492","","","","","","",""
"SKU-1053-2314","1053","2314","ซันซิล แชมพู+แชมพู 325+325 มล เขียว (ซันซิล แชมพู+แชมพู 325+325 มล เขียว)","U00001493","8851932403825","U00001493","","","","","","",""
"SKU-1053-2316","1053","2316","ซันซิล แชมพู+แชมพู 325+325 มล เขียว (ซันซิล แชมพู+แชมพู 325+325 มล เขียว หีบx6)","U00001493","18851932410042","U00001493","","","","","","",""
"SKU-1054-2315","1054","2315","ลิปตัน ชาดำรสเลมอน 320 มล แพค12 (ลิปตัน ชาดำรสเลมอน 320 มล แพค12)","U00001494","-","U00001494","","","","","","",""
"SKU-1055-2322","1055","2322","ไฮยีน ปรับผ้านุ่ม 500มล ไวโอเล็ตซอฟท์ แพค3+1 ม่วง (ไฮยีน ปรับผ้านุ่ม 500มล ไวโอเล็ตซอฟท์ แพค3+1 ม่วง)","U00001495","-","U00001495","","","","","","",""
"SKU-1056-2323","1056","2323","ไฮยีน ปรับผ้านุ่ม 500มล การ์เด้นบลอสซั่ม แพค3+1 บานเย็น (ไฮยีน ปรับผ้านุ่ม 500มล การ์เด้นบลอสซั่ม แพค3+1 บานเย็น)","U00001496","-","U00001496","","","","","","",""
"SKU-1057-2324","1057","2324","คิคโคแมน ซอสถั่วเหลือง 150มล (คิคโคแมน ซอสถั่วเหลือง 150มล)","U00001497","-","U00001497","","","","","","",""
"SKU-1058-2325","1058","2325","คิคโคแมน ซอสถั่วเหลืองสูตรหอมพิเศษ 600มล (คิคโคแมน ซอสสูตรหอมพิเศษ 600มล)","U00001498","-","U00001498","","","","","","",""
"SKU-1059-2326","1059","2326","โบนัส น้ำมันปาล์ม ถุง1ลิตร (โบนัส น้ำมันปาล์ม ถุง1ลิตร)","U00001499","8858776300488","U00001499","","","","","","",""
"SKU-1059-2328","1059","2328","โบนัส น้ำมันปาล์ม ถุง1ลิตร (โบนัส น้ำมันปาล์ม ถุง1ลิตร แพค3)","U00001499","8858776300501","U00001499","","","","","","",""
"SKU-1059-2327","1059","2327","โบนัส น้ำมันปาล์ม ถุง1ลิตร (โบนัส น้ำมันปาล์ม ถุง1ลิตร หีบx12)","U00001499","18858776300492","U00001499","","","","","","",""
"SKU-1060-2329","1060","2329","ซันไลต์ ล้างจานเลมอนเขียว 300มล (ซันไลต์ ล้างจานเลมอนเขียว 300มล แพค3)","U00001500","8851932423311","U00001500","","","","","","",""
"SKU-1061-2330","1061","2330","สก๊อตช์-ไบรต์ ฝอยสเตนเลส 25 ก. x 6 (สก๊อตช์-ไบรต์ ฝอยสเตนเลส 25 ก. x 6)","U00001503","8850304018285","U00001503","","","","","","",""
"SKU-1062-2331","1062","2331","สก๊อตซ์-ไบรต์ ฟองน้ำตาข่าย พรีเมียม6ชิ้น (สก๊อตซ์-ไบรต์ ฟองน้ำตาข่าย พรีเมียม6ชิ้น)","U00001502","8850304076346","U00001502","","","","","","",""
"SKU-1063-2332","1063","2332","สก๊อตซ์-ไบรต์ ฟองน้ำ 3x4"" แพค3+1 (สก๊อตซ์-ไบรต์ ฟองน้ำ 3x4"" แพค3+1)","U00001504","8859272201477","U00001504","","","","","","",""
"SKU-1064-2335","1064","2335","เด็กสมบูรณ์ ซีอิ๊วขาวสูตร1 300มล (เด็กสมบูรณ์ ซีอิ๊วขาวสูตร1 300มล	)","U00001501","-","U00001501","","","","","","",""
"SKU-1064-2333","1064","2333","เด็กสมบูรณ์ ซีอิ๊วขาวสูตร1 300มล (เด็กสมบูรณ์ ซีอิ๊วขาวสูตร1 300มล แพค6)","U00001501","-","U00001501","","","","","","",""
"SKU-1064-2334","1064","2334","เด็กสมบูรณ์ ซีอิ๊วขาวสูตร1 300มล (เด็กสมบูรณ์ ซีอิ๊วขาวสูตร1 300มล	หีบx24)","U00001501","-","U00001501","","","","","","",""
"SKU-1065-2336","1065","2336","เอ็ม-150 เครื่องดื่มชูกำลัง คลาสสิค 150มล (เอ็ม-150 เครื่องดื่มชูกำลัง 150มล แพค10)","U00001505","8851123212045","U00001505","","","","","","",""
"SKU-1065-2337","1065","2337","เอ็ม-150 เครื่องดื่มชูกำลัง คลาสสิค 150มล (เอ็ม-150 เครื่องดื่มชูกำลัง 150มล	หีบx5แพค10)","U00001505","8851123212267","U00001505","","","","","","",""
"SKU-1066-2338","1066","2338","เบอร์ดี้ 3in1โรบัสต้า15ก 100ซ   (เบอร์ดี้ 3in1โรบัสต้า15ก 100ซ  )","U00001515","8850250016366","U00001515","","","","","","",""
"SKU-1066-2470","1066","2470","เบอร์ดี้ 3in1โรบัสต้า15ก 100ซ   (เบอร์ดี้ 3in1โรบัสต้า15ก 100ซ  )","U00001515","8850250016359","U00001515","","","","","","",""
"SKU-1067-2340","1067","2340","แลคตาซอย นมถั่วเหลือง 300มล หวาน   (แลคตาซอย นมถั่วเหลือง 300มล หวาน  แพค6)","U00001508","8850267117421","U00001508","","","","","","",""
"SKU-1067-2339","1067","2339","แลคตาซอย นมถั่วเหลือง 300มล หวาน   (แลคตาซอย นมถั่วเหลือง 300มล หวาน  หีบx36)","U00001508","18850267118227","U00001508","","","","","","",""
"SKU-1068-2341","1068","2341","ไมโล 3in1 แอคทีฟ 18ก แผง24ซ (ไมโล 3in1 แอคทีฟ 18ก แผง24ซ)","U00001506","-","U00001506","","","","","","",""
"SKU-1069-2342","1069","2342","ตะวัน รสลาบแซบ 14ก (ตะวัน รสลาบแซบ 14ก แพค12)","U00001509","8850718702008","U00001509","","","","","","",""
"SKU-1070-2343","1070","2343","ตะวัน รสไก่วิงซ์ซี้ด 16ก (ตะวัน รสไก่วิงซ์ซี้ด 16ก แพค12)","U00001510","8850718716876","U00001510","","","","","","",""
"SKU-1071-2344","1071","2344","ตะวัน รสปลาหมึกสามรส 14ก (ตะวัน รสปลาหมึกสามรส 14ก แพค12)","U00001511","8850718704750","U00001511","","","","","","",""
"SKU-1072-2345","1072","2345","ตะวัน รสต้นตำรับ 14ก (ตะวัน รสต้นตำรับ 14ก แพค12)","U00001512","8850718710928","U00001512","","","","","","",""
"SKU-1073-2346","1073","2346","ไฟน์ไลน์ ปรับผ้านุ่ม 470มล ชมพู	 (ไฟน์ไลน์ ปรับผ้านุ่ม 470มล ชมพู	แพค3)","U00001513","8851989930398","U00001513","","","","","","",""
"SKU-1073-2347","1073","2347","ไฟน์ไลน์ ปรับผ้านุ่ม 470มล ชมพู	 (ไฟน์ไลน์ ปรับผ้านุ่ม 470มล ชมพู	หีบx8แพค3)","U00001513","28851989034137","U00001513","2885198903413","","หีบ","","","",""
"SKU-1075-2348","1075","2348","ไฟน์ไลน์ ปรับผ้านุ่ม 470มล ขาว (ไฟน์ไลน์ ปรับผ้านุ่ม 470มล ขาว	แพค3)","U00001514","8851989930794","U00001514","","","","","","",""
"SKU-1075-2349","1075","2349","ไฟน์ไลน์ ปรับผ้านุ่ม 470มล ขาว (ไฟน์ไลน์ ปรับผ้านุ่ม 470มล ขาว หีบx8แพค3)","U00001514","28851989034212","U00001514","2885198903421","","หีบ","","","",""
"SKU-1076-2350","1076","2350","ไฟน์ไลน์ ปรับผ้านุ่ม 470มล ม่วง ไวโอเลต (ไฟน์ไลน์ ปรับผ้านุ่ม 470มล ม่วง ไวโอเลต แพค3)","U00001516","8851989930596","U00001516","","","","","","",""
"SKU-1076-2351","1076","2351","ไฟน์ไลน์ ปรับผ้านุ่ม 470มล ม่วง ไวโอเลต (ไฟน์ไลน์ ปรับผ้านุ่ม 470มล ม่วง ไวโอเลต หีบx8แพค3)","U00001516","28851989034144","U00001516","2885198903414","","หีบ","","","",""
"SKU-1077-2352","1077","2352","ไฟน์ไลน์ ปรับผ้านุ่ม 470มล ชมพูเข้ม มิราเคิล (ไฟน์ไลน์ ปรับผ้านุ่ม 470มล ชมพููเข้ม มิราเคิล แพค3)","U00001517","8851989932965","U00001517","","","","","","",""
"SKU-1077-2353","1077","2353","ไฟน์ไลน์ ปรับผ้านุ่ม 470มล ชมพูเข้ม มิราเคิล (ไฟน์ไลน์ ปรับผ้านุ่ม 470มล ชมพููเข้ม มิราเคิล หีบx8แพค3)","U00001517","28851989032966","U00001517","","","","","","",""
"SKU-1078-2354","1078","2354","ไฟน์ไลน์ ปรับผ้านุ่ม 470มล ฟ้า แคริ่งบลู (ไฟน์ไลน์ ปรับผ้านุ่ม 470มล ฟ้า แพค3)","U00001518","8851989930381","U00001518","","","","","","",""
"SKU-1078-2355","1078","2355","ไฟน์ไลน์ ปรับผ้านุ่ม 470มล ฟ้า แคริ่งบลู (ไฟน์ไลน์ ปรับผ้านุ่ม 470มล ฟ้า หีบx8แพค3)","U00001518","28851989034229","U00001518","2885198903422","","หีบ","","","",""
"SKU-1079-2356","1079","2356","ไฟน์ไลน์ ปรับผ้านุ่ม 470มล แดง เรดโรแมนซ์ (ไฟน์ไลน์ ปรับผ้านุ่ม 470มล แดง เรดโรแมนซ์ แพค3)","U00001519","8851989930763","U00001519","","","","","","",""
"SKU-1079-2357","1079","2357","ไฟน์ไลน์ ปรับผ้านุ่ม 470มล แดง เรดโรแมนซ์ (ไฟน์ไลน์ ปรับผ้านุ่ม 470มล แดง เรดโรแมนซ์ หีบx8แพค3)","U00001519","28851989034151","U00001519","2885198903415","","หีบ","","","",""
"SKU-1080-2358","1080","2358","คอลเกต ยาสีฟัน 35ก ยอดนิยม  (คอลเกต ยาสีฟัน 35ก ยอดนิยม แพค12)","U00001520","8850006911488","U00001520","","","","","","",""
"SKU-1081-2359","1081","2359","คอลเกต ยาสีฟัน 35ก เย็นซ่า (คอลเกต ยาสีฟัน 35ก เย็นซ่า แพค12)","U00001521","8850006911471","U00001521","","","","","","",""
"SKU-1082-2360","1082","2360","คอลเกต ยาสีฟัน 35ก ริ้วใส (คอลเกต ยาสีฟัน 35ก ริ้วใส แพค12)","U00001522","8850006911570","U00001522","","","","","","",""
"SKU-1083-2361","1083","2361","คอลเกต ยาสีฟัน 35ก เกลือสมุนไพร (คอลเกต ยาสีฟัน 35ก เกลือสมุนไพร แพค12)","U00001523","8850006917183","U00001523","","","","","","",""
"SKU-1084-2362","1084","2362","คอลเกต ยาสีฟัน 35ก เกลือเอ็กซ์ตร้าเฟรช (คอลเกต ยาสีฟัน 35ก เกลือเอ็กซ์ตร้าเฟรช แพค12)","U00001524","8850006926925","U00001524","","","","","","",""
"SKU-1085-2363","1085","2363","คอลเกต ยาสีฟัน 30ก แม็กซ์เฟรช (คอลเกต ยาสีฟัน 30ก แม็กซ์เฟรช แพค12)","U00001525","8850006920169","U00001525","","","","","","",""
"SKU-1086-2364","1086","2364","คอลเกต ยาสีฟัน 100ก ยอดนิยม (คอลเกต ยาสีฟัน 100ก ยอดนิยม แพค12)","U00001526","8850006946152","U00001526","","","","","","",""
"SKU-1087-2365","1087","2365","คอลเกต ยาสีฟัน 100ก เย็นซ่า (คอลเกต ยาสีฟัน 100ก เย็นซ่า แพค12)","U00001527","-","U00001527","","","","","","",""
"SKU-1089-2366","1089","2366","คอลเกต ยาสีฟัน 90ก ริ้วใส (คอลเกต ยาสีฟัน 90ก ริ้วใส แพค12)","U00001528","8850006946176","U00001528","","","","","","",""
"SKU-1090-2367","1090","2367","มอคโคน่า ทรีโอ ริชแอนด์สมูท 15.8ก 100ซ (มอคโคน่า ทรีโอ ริชแอนด์สมูท 15.8ก 100ซ)","U00001529","8851753099078","U00001529","","","","","","",""
"SKU-1091-2368","1091","2368","มอคโคน่า ซีเล็ค กาแฟ 40ก (มอคโคน่า ซีเล็ค กาแฟ 40ก แพค4)","U00001530","8851753095346","U00001530","","","","","","",""
"SKU-1092-2369","1092","2369","แม็กกี้ ซอสเหยาะจิ้ม 100มล (แม็กกี้ ซอสเหยาะจิ้ม 100มล แพค8)","U00001531","-","U00001531","","","","","","",""
"SKU-1092-3918","1092","3918","แม็กกี้ ซอสเหยาะจิ้ม 100มล (แม็กกี้ ซอสเหยาะจิ้ม 100มล หีบx24)","U00001531","-","U00001531","","","","","","",""
"SKU-1093-2386","1093","2386","เลย์สแต็คส์ มันฝรั่งแท้ 44 ก (เลย์สแต็คส์ มันฝรั่งแท้ 44 ก )","U00001533","-","U00001533","","","","","","",""
"SKU-1093-2370","1093","2370","เลย์สแต็คส์ มันฝรั่งแท้ 44 ก (เลย์สแต็คส์ มันฝรั่งแท้ 44 ก แพค6)","U00001533","-","U00001533","","","","","","",""
"SKU-1094-2371","1094","2371","เบอร์ดี้ 3in1 27ซ  ริชเบลนด์ม่วง (เบอร์ดี้ 3in1 27ซ  ริชเบลนด์ม่วง)","U00001507","-","U00001507","","","","","","",""
"SKU-1095-2373","1095","2373","เลย์สแต็คส์ ซาวครีมและหัวหอม 44ก (เลย์สแต็คส์ ซาวครีมและหัวหอม 44ก )","U00001534","-","U00001534","","","","","","",""
"SKU-1095-2372","1095","2372","เลย์สแต็คส์ ซาวครีมและหัวหอม 44ก (เลย์สแต็คส์ ซาวครีมและหัวหอม 44ก แพค6)","U00001534","-","U00001534","","","","","","",""
"SKU-1096-2374","1096","2374","เลย์สแต็คส์ กุ้งสไปซี่ 44ก (เลย์สแต็คส์ กุ้งสไปซี่ 44ก)","U00001535","-","U00001535","","","","","","",""
"SKU-1098-2375","1098","2375","ไฮยีน ปรับผ้านุ่ม 20มล สวีทคิส ชมพู (ไฮยีน ปรับผ้านุ่ม 20มล สวีทคิส ชมพู แพค24)","U00001536","8850092282103","U00001536","","","","","","",""
"SKU-1098-2376","1098","2376","ไฮยีน ปรับผ้านุ่ม 20มล สวีทคิส ชมพู (ไฮยีน ปรับผ้านุ่ม 20มล สวีทคิส ชมพู	หีบx15 แพค24)","U00001536","18850092282186","U00001536","","","","","","",""
"SKU-1099-2377","1099","2377","ไฮยีน ปรับผ้านุ่ม 20มล ดิลิเชียสมาการอง ชมพู (ไฮยีน ปรับผ้านุ่ม 20มล ดิลิเชียสมาการอง ชมพู แพค24)","U00001537","8850092310103","U00001537","","","","","","",""
"SKU-1099-2378","1099","2378","ไฮยีน ปรับผ้านุ่ม 20มล ดิลิเชียสมาการอง ชมพู (ไฮยีน ปรับผ้านุ่ม 20มล ดิลิเชียสมาการอง ชมพู หีบx360)","U00001537","18850092310100","U00001537","","","","","","",""
"SKU-1100-2379","1100","2379","ไฮยีน ปรับผ้านุ่ม 20มล ซันคิสอควา นง (ไฮยีน ปรับผ้านุ่ม 20มล ซันคิสอควา นง แพค24)","U00001538","8850092294106","U00001538","","","","","","",""
"SKU-1100-2380","1100","2380","ไฮยีน ปรับผ้านุ่ม 20มล ซันคิสอควา นง (ไฮยีน ปรับผ้านุ่ม 20มล ซันคิสอควา นง หีบx360)","U00001538","18850092294028","U00001538","","","","","","",""
"SKU-1101-2381","1101","2381","ซันไลต์ ล้างจานเลมอน 1850มล (ซันไลต์ ล้างจานเลมอน 1850มล)","U00001539","8851932445184","U00001539","","","","","","",""
"SKU-1102-2382","1102","2382","โอโม ล้างจาน 400มล เลมอน (โอโม ล้างจาน เลมอน 400มลแพค3)","U00001540","8851932422017","U00001540","","","","","","",""
"SKU-1102-2383","1102","2383","โอโม ล้างจาน 400มล เลมอน (โอโม ล้างจาน เลมอน 400มล หีบx12แพค3)","U00001540","18851932431863","U00001540","","","","","","",""
"SKU-1103-2384","1103","2384","เนสกาแฟ เรดคัพ กาแฟดำ 2 ก. x108 ซอง (เนสกาแฟ เรดคัพ กาแฟดำ 2 ก. x108 ซอง)","U00001541","8850011060713","U00001541","","","","","","",""
"SKU-1104-2385","1104","2385","คอฟฟีเมต ชนิดซอง 3 ก. x 100ซอง (คอฟฟีเมต ชนิดซอง 3 ก. x 100ซอง)","U00001542","-","U00001542","","","","","","",""
"SKU-1105-2387","1105","2387","ไฮเตอร์ซักผ้าขาว 250 มล.สีเหลือง  (ไฮเตอร์ซักผ้าขาว 250 มล.สีเหลือง )","U00001555","8851818825697","U00001555","","","","","","",""
"SKU-1105-2388","1105","2388","ไฮเตอร์ซักผ้าขาว 250 มล.สีเหลือง  (ไฮเตอร์ซักผ้าขาว 250 มล.สีเหลือง )","U00001555","-","U00001555","","","","","","",""
"SKU-1106-2389","1106","2389","ไฮยีน น้ำยาปรับผ้านุ่ม 500 มล. ซอฟท์ ไวท์ แพ็ค 3+1 ขาว (ไฮยีน น้ำยาปรับผ้านุ่ม 500 มล. ซอฟท์ ไวท์ แพ็ค 3+1 ขาว)","U00001562","-","U00001562","","","","","","",""
"SKU-1107-2390","1107","2390","ไฮยีน น้ำยาปรับผ้านุ่ม 500 มล. พิ้งค์ สวีท แพ็ค 3+1 ชมพู (ไฮยีน น้ำยาปรับผ้านุ่ม 500 มล. พิ้งค์ สวีท แพ็ค 3+1 ชมพู)","U00001563","-","U00001563","","","","","","",""
"SKU-1108-2391","1108","2391","ตะวันข้าวเกรียบ รสต้นตำรับ 67/75ก (ตะวันข้าวเกรียบ รสต้นตำรับ 67/75ก)","U00001556","8850718823116","U00001556","","","","","","",""
"SKU-1108-2511","1108","2511","ตะวันข้าวเกรียบ รสต้นตำรับ 67/75ก (ตะวันข้าวเกรียบ รสต้นตำรับ 67/75ก แพค3)","U00001556","8850718717125","U00001556","","","","","","",""
"SKU-1109-2510","1109","2510","ตะวันข้าวเกรียบ รสสาหร่ายทรงเครื่อง 67/75ก (ตะวันข้าวเกรียบ รสสาหร่ายทรงเครื่อง 67/75ก แพค3)","U00001557","8850718717088","U00001557","","","","","","",""
"SKU-1109-2392","1109","2392","ตะวันข้าวเกรียบ รสสาหร่ายทรงเครื่อง 67/75ก (ตะวันข้าวเกรียบ รสสาหร่ายทรงเครื่อง 67ก)","U00001557","8850718823079","U00001557","","","","","","",""
"SKU-1110-2509","1110","2509","ตะวันข้าวเกรียบ รสลาบแซ่บ 67/75ก (ตะวันข้าวเกรียบ รสลาบแซ่บ 67/75ก แพค3)","U00001558","8850718717118","U00001558","","","","","","",""
"SKU-1110-2393","1110","2393","ตะวันข้าวเกรียบ รสลาบแซ่บ 67/75ก (ตะวันข้าวเกรียบ รสลาบแซ่บ 67ก)","U00001558","8850718823109","U00001558","","","","","","",""
"SKU-1111-2508","1111","2508","ตะวันข้าวเกรียบ รสหมึกสามรส 67/75ก (ตะวันข้าวเกรียบ รสหมึกสามรส 67/75 ก แพค3)","U00001559","8850718717101","U00001559","","","","","","",""
"SKU-1111-2394","1111","2394","ตะวันข้าวเกรียบ รสหมึกสามรส 67/75ก (ตะวันข้าวเกรียบ รสหมึกสามรส 67ก)","U00001559","8850718823093","U00001559","","","","","","",""
"SKU-1112-2507","1112","2507","ตะวันข้าวเกรียบ รสกุ้งกรอบ 67/75ก (ตะวันข้าวเกรียบ รสกุ้งกรอบ 67/75ก แพค3)","U00001560","8850718717095","U00001560","","","","","","",""
"SKU-1112-2395","1112","2395","ตะวันข้าวเกรียบ รสกุ้งกรอบ 67/75ก (ตะวันข้าวเกรียบ รสกุ้งกรอบ 67ก)","U00001560","8850718823086","U00001560","","","","","","",""
"SKU-1113-2396","1113","2396","ตะวันข้าวเกรียบ รสไก่วิงซ์ซี๊ด 67ก (ตะวันข้าวเกรียบ รสไก่วิงซ์ซี๊ด 67ก)","U00001561","-","U00001561","","","","","","",""
"SKU-1114-2397","1114","2397","ลอรีเอะ ซูเปอร์อัลตราสลิมปีก 22.5ซม 4ชิ้น แพค6 (ลอรีเอะ ซูเปอร์อัลตราสลิมปีก 22.5ซม 4ชิ้น แพค6)","U00001543","8851818405028","U00001543","","","","","","",""
"SKU-1115-2398","1115","2398","ลอรีเอะ ซูเปอร์อัลตราสลิมปีก 30ซม 4ชิ้น แพค6 (ลอรีเอะ ซูเปอร์อัลตราสลิมปีก 30ซม 4ชิ้น แพค6)","U00001544","8851818405059","U00001544","","","","","","",""
"SKU-1116-2399","1116","2399","ลอรีเอะ ซูเปอร์อัลตราสลิม ซากุระปีก22.5ซม 4ชิ้น แพค6 (ลอรีเอะ ซูเปอร์อัลตราสลิม ซากุระปีก22.5ซม 4ชิ้น แพค6)","U00001545","8851818597211","U00001545","","","","","","",""
"SKU-1117-2400","1117","2400","ลอรีเอะ ซอฟ&เซฟ สลิม5ชิ้น แพค12 (ลอรีเอะ ซอฟ&เซฟ สลิม5ชิ้น แพค12)","U00001546","8851818319172","U00001546","","","","","","",""
"SKU-1118-2401","1118","2401","ลอรีเอะ ซอฟ&เซฟ แมกซี่ 5ชิ้น (ลอรีเอะ ซอฟ&เซฟ แมกซี่ 5ชิน แพค12)","U00001547","8851818319189","U00001547","","","","","","",""
"SKU-1119-2402","1119","2402","ลอรีเอะ ซอฟ&เซฟ แมกซี่ปีก 4ชิ้น แพคx12 (ลอรีเอะ ซอฟ&เซฟ แมกซี่ปีก 4ชิ้น แพคx12)","U00001548","8851818819139","U00001548","","","","","","",""
"SKU-1120-2403","1120","2403","ลอรีเอะ ซอฟ&เซฟ สลิมปีก 25ซม 4ชิ้น แพค12 (ลอรีเอะ ซอฟ&เซฟ สลิมปีก 25ซม 4ชิ้น แพค12)","U00001549","8851818459335","U00001549","","","","","","",""
"SKU-1121-2404","1121","2404","ลอรีเอะ ไนท์เอ็กตร้ามีปีก 35ซม 4ชิ้น แพคx6 (ลอรีเอะ ไนท์เอ็กตร้ามีปีก 35ซม 4ชิ้น แพคx6)","U00001553","8851818405493","U00001553","","","","","","",""
"SKU-1122-2405","1122","2405","ลอรีเอะ ซอฟ&เซฟ ไนท์คูล 30ซม 5ชิ้น แพค6 (ลอรีเอะ ซอฟ&เซฟ ไนท์คูล 30ซม 5ชิ้น แพค6)","U00001551","8851818100848","U00001551","","","","","","",""
"SKU-1123-2406","1123","2406","ลอรีเอะ ซอฟ&เซฟ สลิมคูล 22ซม 4ชิ้น แพค6 (ลอรีเอะ ซอฟ&เซฟ สลิมคูล 22ซม 4ชิ้น แพค6)","U00001552","8851818100763","U00001552","","","","","","",""
"SKU-1124-2407","1124","2407","บรีสเพาเวอร์ ผงซักฟอก 240ก ชมพู (บรีสเพาเวอร์ ผงซักฟอก 240ก ชมพู แพค4)","U00001564","-","U00001564","","","","","","",""
"SKU-1125-2408","1125","2408","ไวตามิลค์ทูโก ดับเบิ้ลแบล็ค 300มล แพค6 (ไวตามิลค์ทูโก ดับเบิ้ลแบล็ค 300มล แพค6)","U00001581","-","U00001581","","","","","","",""
"SKU-1126-2409","1126","2409","ดัชมิลล์คิดส์ 90มล ส้ม หีบx12แพค4 (ดัชมิลล์คิดส์ 90มล ส้ม หีบx12แพค4)","U00001576","-","U00001576","","","","","","",""
"SKU-1127-2410","1127","2410","ดัชมิลล์คิดส์ 90มล ผลไม้รวม หีบx12แพค4 (ดัชมิลล์คิดส์ 90มล ผลไม้รวม หีบx12แพค4)","U00001577","-","U00001577","","","","","","",""
"SKU-1128-2411","1128","2411","ดัชมิลล์คิดส์ 90มล สตรอเบอรี่ หีบx12แพค4 (ดัชมิลล์คิดส์ 90มล สตรอเบอรี่ หีบx12แพค4)","U00001578","-","U00001578","","","","","","",""
"SKU-1131-2412","1131","2412","ดัชมิลล์คิดส์ 90มล บูลเบอรี่ หีบx12แพค4 (ดัชมิลล์คิดส์ 90มล บูลเบอรี่ หีบx12แพค4)","U00001579","-","U00001579","","","","","","",""
"SKU-1132-2413","1132","2413","ดัชมิลล์คิดส์ 90มล เบอรี่รวม หีบx12แพค4 (ดัชมิลล์คิดส์ 90มล เบอรี่รวม หีบx12แพค4)","U00001580","-","U00001580","","","","","","",""
"SKU-1133-2414","1133","2414","โซฟี ชาร์โคลเฟรชสลิม มีปีก 23 ซม. 4 ชิ้น  แพคx6 (โซฟี ชาร์โคลเฟรชสลิม มีปีก 23 ซม. 4 ชิ้น  แพคx6)","U00001575","8851111198047","U00001575","","","","","","",""
"SKU-1134-2415","1134","2415","โซฟี กระชับ สลิมปีก 4 ชิ้น แพคx12 (โซฟี กระชับ สลิมปีก 4 ชิ้น แพคx12)","U00001565","8851111142293","U00001565","","","","","","",""
"SKU-1134-3463","1134","3463","โซฟี กระชับ สลิมปีก 4 ชิ้น แพคx12 (โซฟี กระชับ สลิมปีก 4 ชิ้น หีบx10แพค12)","U00001565","-","U00001565","","","","","","",""
"SKU-1135-2416","1135","2416","โซฟี กระชับ สลิมปีก 26ซม 4 ชิ้น แพคx6 (โซฟี กระชับ สลิมปีก 26ซม 4 ชิ้น แพคx6)","U00001566","8851111152056","U00001566","","","","","","",""
"SKU-1136-2417","1136","2417","โซฟี กระชับ กลางคืน 35ซม 4 ชิ้น แพคx6 (โซฟี กระชับ กลางคืน 35ซม 4 ชิ้น แพคx6)","U00001567","8851111162239","U00001567","","","","","","",""
"SKU-1137-2418","1137","2418","โซฟี กระชับ กลางคืน 42ซม 4 ชิ้น แพคx6 (โซฟี กระชับ กลางคืน 42ซม 4 ชิ้น แพคx6)","U00001568","-","U00001568","","","","","","",""
"SKU-1138-2419","1138","2419","โซฟี คูลลิ่งเฟรช เนเชอรัลสลิม 23ซม 4 ชิ้น แพคx6 (โซฟี คูลลิ่งเฟรช เนเชอรัลสลิม 23ซม 4 ชิ้น แพคx6)","U00001569","8851111153183","U00001569","","","","","","",""
"SKU-1139-2420","1139","2420","โซฟี คูลลิ่งเฟรช สลิมปีก 23ซม 4 ชิ้น แพคx6 (โซฟี คูลลิ่งเฟรช สลิมปีก 23ซม 4 ชิ้น แพคx6)","U00001570","8851111153091","U00001570","","","","","","",""
"SKU-1140-2421","1140","2421","โซฟี คูลลิ่งเนเชอรัล กลางคืน 29ซม 4 ชิ้น แพคx6 (โซฟี คูลลิ่งเนเชอรัล กลางคืน 29ซม 4 ชิ้น แพคx6)","U00001571","8851111159079","U00001571","","","","","","",""
"SKU-1141-2422","1141","2422","โซฟี คูลลิ่งเฟรช กลางคืน มีปีก 29ซม 4 ชิ้น แพคx6 (โซฟี คูลลิ่งเฟรช กลางคืน มีปีก 29ซม 4 ชิ้น แพคx6)","U00001572","8851111159147","U00001572","","","","","","",""
"SKU-1142-2423","1142","2423","โซฟี คูลลิ่งเฟรช กลางคืน สลิมปีก 29ซม 5 ชิ้น แพคx6 (โซฟี คูลลิ่งเฟรช กลางคืน สลิมปีก 29ซม 5 ชิ้น แพคx6)","U00001573","8851111159024","U00001573","","","","","","",""
"SKU-1143-2424","1143","2424","โซฟี คูลลิ่งเฟรช เอ็กตร้า 25ซม 6แผ่น แพคx6 (โซฟี คูลลิ่งเฟรช เอ็กตร้า 25ซม 6แผ่น แพคx6)","U00001574","8851111158065","U00001574","","","","","","",""
"SKU-1144-2425","1144","2425","ลอรีเอะ ซอฟ&เซฟ กลิ่นกู๊ดลาเวนเดอร์ 30ซม 3ชิ้น (ลอรีเอะ ซอฟ&เซฟ กลิ่นกู๊ดลาเวนเดอร์ 30ซม 3ชิ้น แพคx12)","U00001550","8851818905641","U00001550","","","","","","",""
"SKU-1145-2426","1145","2426","อิงอร สบู่มะขามแท้ 160ก (อิงอร สบู่มะขามแท้ 160ก	แพค4)","U00001582","8858587006876","U00001582","","","","","","",""
"SKU-1145-3854","1145","3854","อิงอร สบู่มะขามแท้ 160ก (อิงอร สบู่มะขามแท้ 160 ก. แพค6)","U00001582","8858587006470","U00001582","","","","","","",""
"SKU-1146-2427","1146","2427","อิงอร สบู่มะขามทองพันชั่ง 160ก แพค4 (อิงอร สบู่มะขามทองพันชั่ง 160ก	แพค4)","U00001583","-","U00001583","","","","","","",""
"SKU-1147-2428","1147","2428","อิงอร สบู่น้ำนมจมูกข้าว  (อิงอร สบู่น้ำนมจมูกข้าว 160ก	แพค4)","U00001584","8858587001734","U00001584","","","","","","",""
"SKU-1147-3855","1147","3855","อิงอร สบู่น้ำนมจมูกข้าว  (อิงอร สบู่น้ำนมจมูกข้าว 160 ก. แพค6)","U00001584","8858587001277","U00001584","","","","","","",""
"SKU-1148-2429","1148","2429","อิงอร สบู่ไข่มุกบัวหิมะ 160ก	 (อิงอร สบู่ไข่มุกบัวหิมะ 160ก	แพค4)","U00001585","8858587006319","U00001585","","","","","","",""
"SKU-1148-3856","1148","3856","อิงอร สบู่ไข่มุกบัวหิมะ 160ก	 (อิงอร สบู่ไข่มุกบัวหิมะ 160 ก. แพค6)","U00001585","8858587006302","U00001585","","","","","","",""
"SKU-1149-2430","1149","2430","อิงอร สบู่น้ำนมแพะ 160ก	แพค4 (อิงอร สบู่น้ำนมแพะ 160ก	แพค4)","U00001586","8858587006531","U00001586","","","","","","",""
"SKU-1150-2431","1150","2431","อิงอร สบู่ไพล 160ก ก้อนกลม (อิงอร สบู่ไพล 160ก	แพค4)","U00001587","8858587001710","U00001587","","","","","","",""
"SKU-1150-3660","1150","3660","อิงอร สบู่ไพล 160ก ก้อนกลม (อิงอร สบู่ไพล 160ก แพค6)","U00001587","8858587001079","U00001587","","","","","","",""
"SKU-1151-2432","1151","2432","อิงอร สบู่ส้มมะละกอ 160ก	 (อิงอร สบู่ส้มมะละกอ 160ก	แพค4)","U00001588","8858587007637","U00001588","","","","","","",""
"SKU-1151-3661","1151","3661","อิงอร สบู่ส้มมะละกอ 160ก	 (อิงอร สบู่ส้มมะละกอ 160ก แพค6)","U00001588","8858587007651","U00001588","","","","","","",""
"SKU-1152-2433","1152","2433","บีไนซ์ ครีมอาบน้ำ สีเขียว ถุงเติม 400 มล 1+1 (บีไนซ์ ครีมอาบน้ำ สีเขียว ถุงเติม 400 มล 1+1)","U00001589","8851989102306","U00001589","","","","","","",""
"SKU-1153-2434","1153","2434","บีไนซ์ ครีมอาบน้ำ สีชมพู ถุงเติม 400 มล 1+1 (บีไนซ์ ครีมอาบน้ำ สีชมพู ถุงเติม 400 มล 1+1)","U00001590","8851989102290","U00001590","","","","","","",""
"SKU-1154-2435","1154","2435","บีไนซ์ ครีมอาบน้ำ สีแดง ถุงเติม 400 มล 1+1 (บีไนซ์ ครีมอาบน้ำ สีแดง ถุงเติม 400 มล 1+1)","U00001591","8851989102313","U00001591","","","","","","",""
"SKU-1155-2436","1155","2436","108 Shop 3000ก 3แจ๋วแจ่ม ผงซักฟอก (108 Shop ผงซักฟอก 3000ก)","U00001592","8850002032866","U00001592","","","","","","",""
"SKU-1155-2437","1155","2437","108 Shop 3000ก 3แจ๋วแจ่ม ผงซักฟอก (108 Shop ผงซักฟอก 3000ก หีบx4)","U00001592","18850002032863","U00001592","","","","","","",""
"SKU-1156-2440","1156","2440","ซุปเปอร์ กาแฟ3in1 17กx25ซอง ออริจินัล (ซุปเปอร์ กาแฟ3in1 17กx25ซอง ออริจินัล)","U00001593","8888240000040","U00001593","","","","","","",""
"SKU-1156-2441","1156","2441","ซุปเปอร์ กาแฟ3in1 17กx25ซอง ออริจินัล (ซุปเปอร์ กาแฟ3in1 17กx25ซอง ออริจินัล หีบx30)","U00001593","18888240000047","U00001593","","","","","","",""
"SKU-1157-2442","1157","2442","ซุปเปอร์ กาแฟ3in1 17กx25ซอง เอสเปรสโซ่ (ซุปเปอร์ กาแฟ3in1 17กx25ซอง เอสเปรสโซ่)","U00001594","8888240052025","U00001594","","","","","","",""
"SKU-1157-2443","1157","2443","ซุปเปอร์ กาแฟ3in1 17กx25ซอง เอสเปรสโซ่ (ซุปเปอร์ กาแฟ3in1 17กx25ซอง เอสเปรสโซ่ หีบx30)","U00001594","18888240052022","U00001594","","","","","","",""
"SKU-1158-2444","1158","2444","ซุปเปอร์ กาแฟ3in1 17กx100ซอง ออริจินัล (ซุปเปอร์ กาแฟ3in1 17กx100ซอง ออริจินัล)","U00001595","8888240000231","U00001595","","","","","","",""
"SKU-1158-2445","1158","2445","ซุปเปอร์ กาแฟ3in1 17กx100ซอง ออริจินัล (ซุปเปอร์ กาแฟ3in1 17กx100ซอง ออริจินัล หีบx10)","U00001595","18888240000238","U00001595","","","","","","",""
"SKU-1159-2446","1159","2446","ซุปเปอร์ กาแฟ3in1 17กx100ซอง เอสเปรสโซ่ (ซุปเปอร์ กาแฟ3in1 17กx100ซอง เอสเปรสโซ่)","U00001596","8888240052698","U00001596","","","","","","",""
"SKU-1159-2447","1159","2447","ซุปเปอร์ กาแฟ3in1 17กx100ซอง เอสเปรสโซ่ (ซุปเปอร์ กาแฟ3in1 17กx100ซอง เอสเปรสโซ่ หีบx10)","U00001596","18888240052695","U00001596","","","","","","",""
"SKU-1160-2448","1160","2448","ตราช้อนฟ้า น้ำตาลทรายขาวบริสุทธิ์ 1 กก	 (ตราช้อนฟ้า น้ำตาลทรายขาวบริสุทธิ์ 1 กก)","U00001597","8850725111015","U00001597","","","","","","",""
"SKU-1160-2449","1160","2449","ตราช้อนฟ้า น้ำตาลทรายขาวบริสุทธิ์ 1 กก	 (ตราช้อนฟ้า น้ำตาลทรายขาวบริสุทธิ์ 1 กก	กระสอบx25)","U00001597","8850725111053","U00001597","","","","","","",""
"SKU-1161-2450","1161","2450","มาม่า กล่อง40ซอง รสต้มยำกุ้ง 55 ก.  (มาม่า บะหมี่กึ่งสําเร็จรูป รสต้มยำกุ้ง 55 ก. กล่อง40ซอง)","U00001599","-","U00001599","","","","","","",""
"SKU-1162-2451","1162","2451","คอลเกต ยาสีฟัน 100ก เกลือสมุนไพร (คอลเกต ยาสีฟัน 100ก เกลือสมุนไพร แพค6)","U00001600","8850006936610","U00001600","","","","","","",""
"SKU-1163-2452","1163","2452","คอลเกต ยาสีฟัน 100ก เกลือ ใบฝรั่ง (คอลเกต ยาสีฟัน 100ก เกลือ ใบฝรั่ง แพค6)","U00001601","-","U00001601","","","","","","",""
"SKU-1164-2453","1164","2453","รวยเพื่อน ข้าวเกรียบกุ้ง 17ก (รวยเพื่อน ข้าวเกรียบกุ้ง 17ก แพค12)","U00001598","-","U00001598","","","","","","",""
"SKU-1164-2454","1164","2454","รวยเพื่อน ข้าวเกรียบกุ้ง 17ก (รวยเพื่อน ข้าวเกรียบกุ้ง 17ก	หีบx10แพค12)","U00001598","-","U00001598","","","","","","",""
"SKU-1165-2455","1165","2455","แม่บุญล้ำ น้ำปลาร้า ฝาเหลือง 400มล  (แม่บุญล้ำ น้ำปลาร้า ฝาเหลือง 400มล แพค12)","U00001606","8858981501335","U00001606","","","","","","",""
"SKU-1166-2456","1166","2456","แม่บุญล้ำ น้ำปลาร้า 2000มล ฝาแดง (แม่บุญล้ำ น้ำปลาร้า 2000มล ฝาแดง)","U00001607","8858981501243","U00001607","","","","","","",""
"SKU-1166-2457","1166","2457","แม่บุญล้ำ น้ำปลาร้า 2000มล ฝาแดง (แม่บุญล้ำ น้ำปลาร้า 2000มล ฝาแดง หีบx6)","U00001607","8858981501250","U00001607","","","","","","",""
"SKU-1167-2459","1167","2459","ไฮยีน เอ็กเพิร์ทแคร์ 20มล แองเจิลเรด แดง (ไฮยีน เอ็กเพิร์ทแคร์ 20มล แองเจิลบลูม แดง แพค24 )","U00001602","8850092291419","U00001602","","","","","","",""
"SKU-1167-2505","1167","2505","ไฮยีน เอ็กเพิร์ทแคร์ 20มล แองเจิลเรด แดง (ไฮยีน เอ็กเพิร์ทแคร์ 20มล แองเจิลบลูม แดง หีบx15แพค24)","U00001602","18850092291416","U00001602","","","","","","",""
"SKU-1168-2460","1168","2460","ไฮยีน เอ็กเพิร์ทแคร์ 20มล ฟอเอฟเวอร์บลูม ชมพู	 (ไฮยีน เอ็กเพิร์ทแคร์ 20มล ฟอเอฟเวอร์บลูม ชมพู	แพคx24)","U00001603","8850092313036","U00001603","","","","","","",""
"SKU-1168-2504","1168","2504","ไฮยีน เอ็กเพิร์ทแคร์ 20มล ฟอเอฟเวอร์บลูม ชมพู	 (ไฮยีน เอ็กเพิร์ทแคร์ 20มล ฟอเอฟเวอร์บลูม ชมพู หีบx15แพค24)","U00001603","18850092313033","U00001603","","","","","","",""
"SKU-1169-2461","1169","2461","ไฮยีน ปรับผ้านุ่ม 110มล ดรีมมี่ฮัก ม่วง (ไฮยีน ปรับผ้านุ่ม 110มล ดรีมมี่ฮัก ม่วง แพค3)","U00001604","8850092288662","U00001604","","","","","","",""
"SKU-1169-2502","1169","2502","ไฮยีน ปรับผ้านุ่ม 110มล ดรีมมี่ฮัก ม่วง (ไฮยีน ปรับผ้านุ่ม 110มล ดรีมมี่ฮัก ม่วง แพค3)","U00001604","48850092288660","U00001604","","","","","","",""
"SKU-1170-2462","1170","2462","ไฮยีน ปรับผ้านุ่ม 110มล มอร์นิ่งฮัก ฟ้า (ไฮยีน ปรับผ้านุ่ม 110มล มอร์นิ่งฮัก ฟ้า แพค3)","U00001605","8850092288167","U00001605","","","","","","",""
"SKU-1170-2501","1170","2501","ไฮยีน ปรับผ้านุ่ม 110มล มอร์นิ่งฮัก ฟ้า (ไฮยีน ปรับผ้านุ่ม 110มล มอร์นิ่งฮัก ฟ้า แพค3)","U00001605","48850092288165","U00001605","","","","","","",""
"SKU-1171-2463","1171","2463","ไฮยีน ปรับผ้านุ่ม 110มล เรนโบว์บลูม พีช (ไฮยีน ปรับผ้านุ่ม 110มล เรนโบว์บลูม พีช แพค3)","U00001608","8850092279776","U00001608","","","","","","",""
"SKU-1171-2500","1171","2500","ไฮยีน ปรับผ้านุ่ม 110มล เรนโบว์บลูม พีช (ไฮยีน ปรับผ้านุ่ม 110มล เรนโบว์บลูม พีช แพค3)","U00001608","48850092279774","U00001608","","","","","","",""
"SKU-1172-2464","1172","2464","มาม่าคัพ 63 ก. รสซีฟู้ดขี้เมาแห้ง  (มาม่าคัพ 63 ก. รสซีฟู้ดขี้เมาแห้ง แพค6)","U00001609","-","U00001609","","","","","","",""
"SKU-1173-2465","1173","2465","คอลเกต แปรงสีฟัน เอ็กซตร้าคลีนขนนุ่ม (คอลเกต แปรงสีฟัน เอ็กซตร้าคลีนขนนุ่ม แพค6)","U00001617","-","U00001617","","","","","","",""
"SKU-1174-2466","1174","2466","คอลเกต แปรงสีฟัน กัมคลีน ชาร์โคล (คอลเกต แปรงสีฟัน กัมคลีน ชาร์โคล แพค6)","U00001618","8850006933626","U00001618","","","","","","",""
"SKU-1175-2467","1175","2467","คอลเกต แปรงสีฟัน เอ็กซตร้าคลีน  	แพค12 (คอลเกต แปรงสีฟัน เอ็กซตร้าคลีน  	แพค12)","U00001619","8850006952818","U00001619","","","","","","",""
"SKU-1176-2468","1176","2468","ดาร์ลี่ ยาสีฟัน ดับเบิ้ลแอ็คชั่น 35ก (ดาร์ลี่ ยาสีฟัน ดับเบิ้ลแอ็คชั่น 35ก แพค12)","U00001620","8851228000288","U00001620","","","","","","",""
"SKU-1177-2469","1177","2469","ดาร์ลี่ ยาสีฟัน สูตรเกลือสมุนไพรเฟรช 35ก (ดาร์ลี่ ยาสีฟัน สูตรเกลือสมุนไพรเฟรช 35ก แพค12)","U0001621","-","U0001621","","","","","","",""
"SKU-1178-2471","1178","2471","บีไนซ์ ครีมอาบน้ำ บิวตี้ฟูล ชมพู 80มล	แพค6 (บีไนซ์ ครีมอาบน้ำ บิวตี้ฟูล ชมพู 80มล	แพค6)","U00001610","98851989080188","U00001610","","","","","","",""
"SKU-1179-2472","1179","2472","บีไนซ์  ครีมอาบน้ำ เซลลูไลท์ แดง 80มล	แพค6 (บีไนซ์  ครีมอาบน้ำ เชอร์รี่เบอร์รี่ แดง 80มล แพค6)","U00001611","98851989080409","U00001611","","","","","","",""
"SKU-1180-2473","1180","2473","บีไนซ์ ครีมอาบน้ำ เซลลูไลท์ เขียว 80มล	แพค6 (บีไนซ์ ครีมอาบน้ำ เซลลูไลท์ เขียว 80มล	แพค6)","U00001612","98851989080027","U00001612","","","","","","",""
"SKU-1181-2474","1181","2474","บีไนซ์ ครีมอาบน้ำ มิสทีคไวท์ ขาวชมพู 80มล	แพค6 (บีไนซ์ ครีมอาบน้ำ มิสทีคไวท์ ขาวชมพู 90มล	แพค6)","U00001613","98851989081161","U00001613","","","","","","",""
"SKU-1182-2475","1182","2475","ไฮยีน เอ็กเพิร์ทแคร์ 20มล บลูมมิ่งทัช ชมพู	แพคx24 (ไฮยีน เอ็กเพิร์ทแคร์ 20มล บลูมมิ่งทัช ชมพู แพคx24)","U00001614","8850092281106","U00001614","","","","","","",""
"SKU-1182-2503","1182","2503","ไฮยีน เอ็กเพิร์ทแคร์ 20มล บลูมมิ่งทัช ชมพู	แพคx24 (ไฮยีน เอ็กเพิร์ทแคร์ 20มล บลูมมิ่งทัช ชมพู	หีบx15แพค24)","U00001614","18850092281103","U00001614","","","","","","",""
"SKU-1183-2476","1183","2476","เอ็ม-150 เครื่องดื่มชูกำลัง ฝาเหลือง 150มล (เอ็ม-150 เครื่องดื่มชูกำลัง ฝาเหลือง 150มล แพค10)","U00001615","8851123241281","U00001615","","","","","","",""
"SKU-1183-2477","1183","2477","เอ็ม-150 เครื่องดื่มชูกำลัง ฝาเหลือง 150มล (เอ็ม-150 เครื่องดื่มชูกำลัง ฝาเหลือง 150มล	หีบx5แพค10)","U00001615","8851123241298","U00001615","","","","","","",""
"SKU-1184-2478","1184","2478","เอ็ม-150 เครื่องดื่มชูกำลัง กลิ่นน้ำผึ้ง  150มล (เอ็ม-150 เครื่องดื่มชูกำลัง น้ำผึ้ง  150มล	แพค10)","U00001616","8851123240765","U00001616","","","","","","",""
"SKU-1184-2479","1184","2479","เอ็ม-150 เครื่องดื่มชูกำลัง กลิ่นน้ำผึ้ง  150มล (เอ็ม-150 เครื่องดื่มชูกำลัง น้ำผึ้ง 150มล	หีบx5แพค10)","U00001616","8851123240772","U00001616","","","","","","",""
"SKU-1185-2480","1185","2480","เลย์สแต็คส์ มันฝรั่งแท้ ซอง 35 ก (เลย์สแต็คส์ มันฝรั่งแท้ ซอง 35 ก แพค4)","U00001622","-","U00001622","","","","","","",""
"SKU-1186-2481","1186","2481","ดีนี่ ปรับผ้านุ่มเด็ก 530 มล ชมพู P3+1 (ดีนี่ ปรับผ้านุ่มเด็ก 530 มล ชมพู P3+1)","U00001623","8851989963174","U00001623","","","","","","",""
"SKU-1187-2482","1187","2482","ดีนี่ ปรับผ้านุ่มเด็ก 530 มล ม่วง P3+1 (ดีนี่ ปรับผ้านุ่มเด็ก 530 มล ม่วง P3+1)","U00001624","8851989963822","U00001624","","","","","","",""
"SKU-1188-2483","1188","2483","ดีนี่ ปรับผ้านุ่มเด็ก 530 มล เขียว P3+1 (ดีนี่ ปรับผ้านุ่มเด็ก 530 มล เขียว P3+1)","U00001625","8851989964027","U00001625","","","","","","",""
"SKU-1189-2484","1189","2484","ดีนี่ ปรับผ้านุ่มเด็ก 530 มล ฟ้า P3+1 (ดีนี่ ปรับผ้านุ่มเด็ก 530 มล ฟ้า P3+1)","U00001626","8851989965093","U00001626","","","","","","",""
"SKU-1190-2485","1190","2485","ดีนี่ ปรับผ้านุ่มเด็ก 530 มล ออลเวย์ ชมพูเข้ม P3+1 (ดีนี่ ปรับผ้านุ่มเด็ก 530 มล ออลเวย์ ชมพูเข้ม P3+1)","U00001627","8851989966618","U00001627","","","","","","",""
"SKU-1191-2486","1191","2486","เภสัช บอดี้โลชั่น 150มล ไวท์เทนนิ่ง +วิตามินE ชมพู (เภสัช บอดี้โลชั่น 150มล ไวท์เทนนิ่ง +วิตามินE ชมพู แพค6)","U00001628","8850233880380","U00001628","","","","","","",""
"SKU-1192-2487","1192","2487","เภสัช บอดี้โลชั่น 150มล ไวท์เทนนิ่ง ปกป้อง 24ชม ฟ้า (เภสัช บอดี้โลชั่น 150มล ไวท์เทนนิ่ง ปกป้อง 24ชม ฟ้า แพค6)","U00001629","8850233880038","U00001629","","","","","","",""
"SKU-1193-2488","1193","2488","เภสัช บอดี้โลชั่น 150มล ไวท์เทนนิ่ง คอลลาเจน ชมพูอ่อน (เภสัช บอดี้โลชั่น 150มล ไวท์เทนนิ่ง คอลลาเจน ชมพูอ่อน แพค6)","U00001630","-","U00001630","","","","","","",""
"SKU-1194-2489","1194","2489","เภสัช บอดี้โลชั่น 150มล เอ็กซตร้าไวท์ +อาร์บูติน,B3 เขียว (เภสัช บอดี้โลชั่น 150มล เอ็กซตร้าไวท์ +อาร์บูติน,B3 เขียว แพค6)","U00001631","-","U00001631","","","","","","",""
"SKU-1195-2490","1195","2490","ดอกบัวคู่ ยาสีฟัน 40 ก (ดอกบัวคู่ ยาสีฟัน 40 ก แพค12)","U00001632","-","U00001632","","","","","","",""
"SKU-1196-2491","1196","2491","ยิลเลตต์ มีดโกน ซูเปอร์ธิน x12 (ยิลเลตต์ มีดโกน ซูเปอร์ธิน x12	)","U00001633","4902430804875","U00001633","","","","","","",""
"SKU-1197-2492","1197","2492","ยิลเลตต์ ใบมีด บลู2 เฟล็กซี่ x12 (ยิลเลตต์ ใบมีด บลู2 เฟล็กซี่ x12)","U00001634","4987176108784","U00001634","","","","","","",""
"SKU-1198-2493","1198","2493","ยิลเลตต์ โฟมโกนหนวด 175ก กลิ่นมะนาว (ยิลเลตต์ โฟมโกนหนวด 175ก กลิ่นมะนาว)","U00001635","47400245105","U00001635","","","","","","",""
"SKU-1199-2494","1199","2494","ซิลค์ กระดาษเช็ดปาก 50แผ่น (ซิลค์ กระดาษเช็ดปาก 50แผ่น แพค30)","U00001636","8850046325733","U00001636","","","","","","",""
"SKU-1200-2495","1200","2495","บีไนซ์ ครีมอาบน้ำ 400มล บิวตี้ฟูลไวท์ ชมพู 1+1 (บีไนซ์ ครีมอาบน้ำ 400มล บิวตี้ฟูลไวท์ ชมพู 1+1)","U00001637","8851989081762","U00001637","","","","","","",""
"SKU-1201-2496","1201","2496","บีไนซ์ ครีมอาบน้ำ 400มล เชอรี่ แดง 1+1 (บีไนซ์ ครีมอาบน้ำ 400มล เชอรี่ แดง 1+1)","U00001638","8851989101637","U00001638","","","","","","",""
"SKU-1202-2497","1202","2497","บีไนซ์ ครีมอาบน้ำ 400มล เลิฟโพชั่น ชมพู 1+1 (บีไนซ์ ครีมอาบน้ำ 400มล เลิฟโพชั่น ชมพู 1+1)","U00001639","8851989102627","U00001639","","","","","","",""
"SKU-1203-2498","1203","2498","บีไนซ์ ครีมอาบน้ำ 400มล เลิฟโพชั่น ม่วง 1+1 (บีไนซ์ ครีมอาบน้ำ 400มล เลิฟโพชั่น ม่วง 1+1)","U00001640","8851989102641","U00001640","","","","","","",""
"SKU-1204-2499","1204","2499","บีไนซ์ ครีมอาบน้ำ 400มล เลิฟโพชั่น  ฟ้า 1+1 (บีไนซ์ ครีมอาบน้ำ 400มล เลิฟโพชั่น  ฟ้า 1+1)","U00001641","8851989102634","U00001641","","","","","","",""
"SKU-1205-2506","1205","2506","ตราผึ้ง น้ำมันปาล์ม ปิ๊บ18ลิตร ฉลากส้ม (ตราผึ้ง น้ำมันปาล์ม ปิ๊บ18ลิตร ฉลากส้ม)","U00001642","8858741400014","U00001642","","","","","","",""
"SKU-1206-2512","1206","2512","เลย์สแตคส์ ต้นตำรับ กป 42ก (เลย์สแตคส์ ต้นตำรับ กป 42ก แพค6)","U00001643","8850718712588","U00001643","","","","","","",""
"SKU-1206-2513","1206","2513","เลย์สแตคส์ ต้นตำรับ กป 42ก (เลย์สแตคส์ ต้นตำรับ กป 42ก	หีบx4แพค6)","U00001643","8850718919048","U00001643","","","","","","",""
"SKU-1207-2514","1207","2514","เลย์สแตคส์ โนริสาหร่าย กป 42ก (เลย์สแตคส์ โนริสาหร่าย กป 42ก แพค6)","U00001644","8850718716166","U00001644","","","","","","",""
"SKU-1208-2515","1208","2515","เลย์สแตคส์ ซาวครีมหัวหอม กป 42ก (เลย์สแตคส์ ซาวครีมหัวหอม กป 42ก แพค6)","U00001645","-","U00001645","","","","","","",""
"SKU-1209-2516","1209","2516","เลย์สแตคส์ กุ้งมังกรสไปซี่ กป 42ก  (เลย์สแตคส์ กุ้งมังกรสไปซี่ กป 42ก แพค6)","U00001646","8850718712564","U00001646","","","","","","",""
"SKU-1210-2517","1210","2517","บีไนซ์ ครีมอาบน้ำ 400+170 มล บิวตี้ฟูลไวท์ ชมพู  (บีไนซ์ ครีมอาบน้ำ 400+170 มล บิวตี้ฟูลไวท์ ชมพู )","U00001647","51989080239","U00001647","","","","","","",""
"SKU-1211-2518","1211","2518","บีไนซ์ ครีมอาบน้ำ 400+170 มล เชอรี่ แดง (บีไนซ์ ครีมอาบน้ำ 400+170 มล เชอรี่ แดง)","U00001648","8851989080383","U00001648","","","","","","",""
"SKU-1212-2519","1212","2519","บีไนซ์ ครีมอาบน้ำ 400+170 มล เซลลูไลท์ เขียว (บีไนซ์ ครีมอาบน้ำ 400+170 มล เซลลูไลท์ เขียว)","U00001649","8851989080246","U00001649","","","","","","",""
"SKU-1213-2520","1213","2520","บีไนซ์ ครีมอาบน้ำ 400+170 มล พีชชี่ พีช (บีไนซ์ ครีมอาบน้ำ 400+170 มล พีชชี่ พีช)","U00001650","8851989082110","U00001650","","","","","","",""
"SKU-1214-2522","1214","2522","บรีสเอกเซล เขียว 750 ก. ผงซักฟอกเข้มข้น  (บรีสเอกเซล ผงซักฟอกเข้มข้น สีเขียว 750 ก. หีบx12)","U00001651","18851932466025","U00001651","","","","","","",""
"SKU-1214-2521","1214","2521","บรีสเอกเซล เขียว 750 ก. ผงซักฟอกเข้มข้น  (บรีสเอกเซล สีเขียว 750 ก. ติดราคา69)","U00001651","8851932479509","U00001651","","","","","","",""
"SKU-1215-2523","1215","2523","บรีสเอกเซล ชมพู 750 ก.ผงซักฟอกเข้มข้น ชมพู 750 ก. (บรีสเอกเซล ผงซักฟอกเข้มข้น สีชมพู 750 ก.)","U00001652","8851932479516","U00001652","","","","","","",""
"SKU-1215-2524","1215","2524","บรีสเอกเซล ชมพู 750 ก.ผงซักฟอกเข้มข้น ชมพู 750 ก. (บรีสเอกเซล ผงซักฟอกเข้มข้น สีชมพู 750 ก.หีบx12)","U00001652","18851932466032","U00001652","","","","","","",""
"SKU-1216-2525","1216","2525","บรีสเอกเซล ม่วง 750 ก.ผงซักฟอกเข้มข้น  (บรีสเอกเซล ผงซักฟอกเข้มข้น สีม่วง 750 ก.)","U00001653","-","U00001653","","","","","","",""
"SKU-1216-2526","1216","2526","บรีสเอกเซล ม่วง 750 ก.ผงซักฟอกเข้มข้น  (บรีสเอกเซล ผงซักฟอกเข้มข้น สีม่วง 750 ก. หีบx12)","U00001653","-","U00001653","","","","","","",""
"SKU-1217-2527","1217","2527","บรีสเอกเซล  สีฟ้า 850/750 ก.แอคทีฟเฟรช (บรีสเอกเซล ผงซักฟอกเข้มข้น สีฟ้า 850 ก.แอคทีฟเฟรช)","U00001654","-","U00001654","","","","","","",""
"SKU-1217-2528","1217","2528","บรีสเอกเซล  สีฟ้า 850/750 ก.แอคทีฟเฟรช (บรีสเอกเซล ผงซักฟอกเข้มข้น สีฟ้า 850 ก.แอคทีฟเฟรช หีบx12)","U00001654","-","U00001654","","","","","","",""
"SKU-1218-2529","1218","2529","บรีสเอกเซล เขียว 1.3 กก.ผงซักฟอกเข้มข้น  (บรีสเอกเซล ผงซักฟอกเข้มข้น สีเขียว 1.3 กก.)","U00001655","8851932377478","U00001655","","","","","","",""
"SKU-1218-2530","1218","2530","บรีสเอกเซล เขียว 1.3 กก.ผงซักฟอกเข้มข้น  (บรีสเอกเซล ผงซักฟอกเข้มข้น สีเขียว 1.3 กก. หีบx6)","U00001655","18851932389119","U00001655","","","","","","",""
"SKU-1219-2531","1219","2531","บรีสเอกเซล ชมพู 1.3 กก. ผงซักฟอกเข้มข้น  (บรีสเอกเซล ผงซักฟอกเข้มข้น สีชมพู 1.3 กก.)","U00001656","-","U00001656","","","","","","",""
"SKU-1219-2532","1219","2532","บรีสเอกเซล ชมพู 1.3 กก. ผงซักฟอกเข้มข้น  (บรีสเอกเซล ผงซักฟอกเข้มข้น สีชมพู 1.3 กก. หีบx6)","U00001656","-","U00001656","","","","","","",""
"SKU-1220-2533","1220","2533","บรีสเอกเซล ม่วง 1.3 กก. ผงซักฟอกเข้มข้น  (บรีสเอกเซล ผงซักฟอกเข้มข้น สีม่วง 1.3 กก.)","U00001657","8851932380942","U00001657","","","","","","",""
"SKU-1220-2534","1220","2534","บรีสเอกเซล ม่วง 1.3 กก. ผงซักฟอกเข้มข้น  (บรีสเอกเซล ผงซักฟอกเข้มข้น สีม่วง 1.3 กก. หีบx6)","U00001657","18851932391372","U00001657","","","","","","",""
"SKU-1221-2535","1221","2535","บรีสเอกเซล ฟ้า 1.3 กก. ผงซักฟอกเข้มข้น แอคทีฟเฟรช (บรีสเอกเซล ผงซักฟอกเข้มข้น สีฟ้า 1.3 กก.แอคทีฟเฟรช)","U00001658","8851932415361","U00001658","","","","","","",""
"SKU-1221-2536","1221","2536","บรีสเอกเซล ฟ้า 1.3 กก. ผงซักฟอกเข้มข้น แอคทีฟเฟรช (บรีสเอกเซล ผงซักฟอกเข้มข้น สีฟ้า 1.3 กก.แอคทีฟเฟรช หีบx6)","U00001658","18851932418383","U00001658","","","","","","",""
"SKU-1222-2537","1222","2537","บรีสเอกเซล เขียว 160ก ผงซักฟอกเข้มข้น (บรีสเอกเซล ผงซักฟอกเข้มข้น สีเขียว 160ก แพค6)","U00001659","8851932421713","U00001659","","","","","","",""
"SKU-1222-2538","1222","2538","บรีสเอกเซล เขียว 160ก ผงซักฟอกเข้มข้น (บรีสเอกเซล ผงซักฟอกเข้มข้น สีเขียว 160ก หีบx6แพค6)","U00001659","18851932422267","U00001659","","","","","","",""
"SKU-1223-2539","1223","2539","บรีสเอกเซล ชมพู 160ก ผงซักฟอกเข้มข้น (บรีสเอกเซล ผงซักฟอกเข้มข้น สีชมพู 160ก แพค6)","U00001660","-","U00001660","","","","","","",""
"SKU-1223-2540","1223","2540","บรีสเอกเซล ชมพู 160ก ผงซักฟอกเข้มข้น (บรีสเอกเซล ผงซักฟอกเข้มข้น สีชมพู 160ก หีบx6แพค6)","U00001660","-","U00001660","","","","","","",""
"SKU-1224-2541","1224","2541","บรีสเอกเซล ม่วง 160ก ผงซักฟอกเข้มข้น (บรีสเอกเซล ผงซักฟอกเข้มข้น สีม่วง 160ก แพค6)","U00001661","-","U00001661","","","","","","",""
"SKU-1224-2542","1224","2542","บรีสเอกเซล ม่วง 160ก ผงซักฟอกเข้มข้น (บรีสเอกเซล ผงซักฟอกเข้มข้น สีม่วง 160ก หีบx6แพค6)","U00001661","-","U00001661","","","","","","",""
"SKU-1225-2543","1225","2543","ยำยำช้างน้อย ข้าวโพด 20ก แพค12 (ยำยำช้างน้อย ข้าวโพด 20ก แพค12)","U00001662","-","U00001662","","","","","","",""
"SKU-1226-2544","1226","2544","ยำยำช้างน้อย  โนริสาหร่าย 20ก แพค12 (ยำยำช้างน้อย  โนริสาหร่าย 20ก แพค12)","U00001663","-","U00001663","","","","","","",""
"SKU-1227-2545","1227","2545","ยำยำช้างน้อย  ต้มยำ 20ก แพค12 (ยำยำช้างน้อย  ต้มยำ 20ก แพค12)","U00001664","-","U00001664","","","","","","",""
"SKU-1228-2546","1228","2546","ยำยำช้างน้อย  ซูเปอร์เลมอน 20ก แพค12 (ยำยำช้างน้อย  ซูเปอร์เลมอน 20ก แพค12)","U00001665","-","U00001665","","","","","","",""
"SKU-1229-2547","1229","2547","บีไนซ์ จุดซ่อนเร้น คอลลาเจน 150มล (บีไนซ์ จุดซ่อนเร้น คอลลาเจน 150มล)","U00001666","8851989080376","U00001666","","","","","","",""
"SKU-1230-2548","1230","2548","บีไนซ์ จุดซ่อนเร้น เอ็กตร้าเซ้นซิทีฟ ขาวชมพู 150มล (บีไนซ์ จุดซ่อนเร้น เอ็กตร้าเซ้นซิทีฟ ขาวชมพู 150มล)","U00001667","8851989080222","U00001667","","","","","","",""
"SKU-1231-2549","1231","2549","สปอนเซอร์ ออริจินัล 250 มล.   (สปอนเซอร์ ออริจินัล 250 มล.  หีบx24)","U00001701","8850228010082","U00001701","","","","","","",""
"SKU-1231-3852","1231","3852","สปอนเซอร์ ออริจินัล 250 มล.   (สปอนเซอร์ ออริจินัล 250 มล. หีบx24)","U00001701","-","U00001701","","","","","","",""
"SKU-1231-3853","1231","3853","สปอนเซอร์ ออริจินัล 250 มล.   (สปอนเซอร์ ออริจินัล 250 มล.  หีบx24)","U00001701","-","U00001701","","","","","","",""
"SKU-1232-2551","1232","2551","สปอนเซอร์ แอคทีฟ วิตามินซี เขียว 250 มล.   (สปอนเซอร์ แอคทีฟ วิตามินซี เขียว 250 มล.  	หีบx4แพค6)","U00001702","8850228011218","U00001702","","","","","","",""
"SKU-1233-2553","1233","2553","สปอนเซอร์ แตงโม แดง 250 มล.   (สปอนเซอร์ แตงโม แดงเขียว 250 มล.  หีบx6แพค4)","U00001703","8850228014974","U00001703","","","","","","",""
"SKU-1234-2555","1234","2555","สปอนเซอร์ แอคทีฟ แมกนิเซียม แดง 250 มล.   (สปอนเซอร์ แอคทีฟ แมกนิเซียม แดง 250 มล หีบx4แพค6)","U00001704","8850228011997","U00001704","","","","","","",""
"SKU-1235-2556","1235","2556","สปอนเซอร์ โก ออริจินัล 420 มล.   (สปอนเซอร์ โก ออริจินัล 420 มล แพค6)","U00001705","8850228006986","U00001705","","","","","","",""
"SKU-1235-2557","1235","2557","สปอนเซอร์ โก ออริจินัล 420 มล.   (สปอนเซอร์ โก ออริจินัล 420 มล 	หีบx4แพค6)","U00001705","8850228014011","U00001705","","","","","","",""
"SKU-1236-2558","1236","2558","สปอนเซอร์ โก ออริจินัล ไม่มีน้ำตาล 420 มล.   (สปอนเซอร์ โก ออริจินัล ไม่มีน้ำตาล 420 มล แพค6)","U00001706","8850228007648","U00001706","","","","","","",""
"SKU-1236-2559","1236","2559","สปอนเซอร์ โก ออริจินัล ไม่มีน้ำตาล 420 มล.   (สปอนเซอร์ โก ออริจินัล ไม่มีน้ำตาล 420 มล 	หีบx4แพค6)","U00001706","8850228014387","U00001706","","","","","","",""
"SKU-1237-2560","1237","2560","สปอนเซอร์ ออริจินัล  กระป๋อง 325 มล.  (สปอนเซอร์ ออริจินัล  กระป๋อง 325 มล แพค6)","-","-","-","","","","","","",""
"SKU-1237-2561","1237","2561","สปอนเซอร์ ออริจินัล  กระป๋อง 325 มล.  (สปอนเซอร์ ออริจินัล  กระป๋อง 325 มล. 	หีบx4แพค6)","-","-","-","","","","","","",""
"SKU-1238-2562","1238","2562","เรดบูล เอ็กซ์ตร้า 170 มล.   (เรดบูล เอ็กซ์ตร้า 170 มล.  แพค12)","-","-","-","","","","","","",""
"SKU-1238-2563","1238","2563","เรดบูล เอ็กซ์ตร้า 170 มล.   (เรดบูล เอ็กซ์ตร้า 170 มล	หีบx2แพค12)","-","-","-","","","","","","",""
"SKU-1239-2564","1239","2564","เรดบูล โซดา กลิ่นแอปเปิ้ลองุ่น 250 มล.   (เรดบูล โซดา กลิ่นแอปเปิ้ลองุ่น 250 มล.  แพค6)","-","-","-","","","","","","",""
"SKU-1239-2565","1239","2565","เรดบูล โซดา กลิ่นแอปเปิ้ลองุ่น 250 มล.   (เรดบูล โซดา กลิ่นแอปเปิ้ลองุ่น 250 มล	หีบx4แพค6)","-","-","-","","","","","","",""
"SKU-1240-2566","1240","2566","เรดบูล โซดา กลิ่นบลูเบอร์รีแบล็ค 250 มล.   (เรดบูล โซดา กลิ่นบลูเบอร์รีแบล็ค 250 มล. แพค6)","-","-","-","","","","","","",""
"SKU-1240-2567","1240","2567","เรดบูล โซดา กลิ่นบลูเบอร์รีแบล็ค 250 มล.   (เรดบูล โซดา กลิ่นบลูเบอร์รีแบล็ค 250 มล.  	หีบx4แพค6)","-","-","-","","","","","","",""
"SKU-1241-2568","1241","2568","กระทิงแดง คลาสสิค ฝาขาว 150 มล.   (กระทิงแดง คลาสสิค ฝาขาว 150 มล แพค10)","U00001711","8850228000502","U00001711","","","","","","",""
"SKU-1241-2569","1241","2569","กระทิงแดง คลาสสิค ฝาขาว 150 มล.   (กระทิงแดง คลาสสิค ฝาขาว 150 มล	หีบx5แพค10)","U00001711","8850228010044","U00001711","","","","","","",""
"SKU-1242-2570","1242","2570","กระทิงแดง ทีโอเปล็กซ์-แอล 100 มล (กระทิงแดง ทีโอเปล็กซ์-แอล 100 มล แพค10)","U00001712","8850228000168","U00001712","","","","","","",""
"SKU-1242-2571","1242","2571","กระทิงแดง ทีโอเปล็กซ์-แอล 100 มล (กระทิงแดง ทีโอเปล็กซ์-แอล 100 มล	หีบx5แพค10)","U00001712","8850228010020","U00001712","","","","","","",""
"SKU-1243-2572","1243","2572","กระทิงแดง เอ็กซ์ตร้าซิ้งค์ ฝาดำ 145 มล (กระทิงแดง เอ็กซ์ตร้าซิ้งค์ ฝาดำ 145 มลล แพค10)","U00001713","8850228003053","U00001713","","","","","","",""
"SKU-1243-2573","1243","2573","กระทิงแดง เอ็กซ์ตร้าซิ้งค์ ฝาดำ 145 มล (กระทิงแดง เอ็กซ์ตร้าซิ้งค์ ฝาดำ 145 มล หีบx5แพค10)","U00001713","8850228011966","U00001713","","","","","","",""
"SKU-1244-2574","1244","2574","กระทิงแดง เอ็กซ์ตร้า เอบีซี ฝาแดง 145 มล (กระทิงแดง เอ็กซ์ตร้า เอบีซี ฝาแดง 145 มล แพค10)","U00001714","8850228003039","U00001714","","","","","","",""
"SKU-1244-2575","1244","2575","กระทิงแดง เอ็กซ์ตร้า เอบีซี ฝาแดง 145 มล (กระทิงแดง เอ็กซ์ตร้า เอบีซี ฝาแดง 145 มล มล	หีบx5แพค10)","U00001714","8850228011942","U00001714","","","","","","",""
"SKU-1245-2576","1245","2576","ดาร์ลี่ ยาสีฟัน ดับเบิ้ลแอ็คชั่น 80ก (ดาร์ลี่ ยาสีฟัน ดับเบิ้ลแอ็คชั่น 80ก แพค12)","U00001670","8851228000271","U00001670","","","","","","",""
"SKU-1246-2577","1246","2577","ดาร์ลี่ ยาสีฟัน ดับเบิ้ลแอ็คชั่น 140ก (ดาร์ลี่ ยาสีฟัน ดับเบิ้ลแอ็คชั่น 140ก แพค6)","U00001671","8851228001889","U00001671","","","","","","",""
"SKU-1247-2578","1247","2578","โอรีโอ คุ๊กกี้แซนวิช  ครีมวานิลา 26.25ก แพค12 (โอรีโอ คุ๊กกี้แซนวิช  ครีมวานิลา 26.25ก แพค12)","U00001672","8992760221066","U00001672","","","","","","",""
"SKU-1248-2579","1248","2579","โอรีโอ คุ๊กกี้แซนวิช  ครีมช็อกโกแลต 26.25ก แพค12 (โอรีโอ คุ๊กกี้แซนวิช  ครีมช็อกโกแลต 26.25ก แพค12)","U00001673","8992760223046","U00001673","","","","","","",""
"SKU-1249-2580","1249","2580","โอรีโอ คุ๊กกี้แซนวิช  ครีมสตรอเบอรี่ 26.25ก แพค12 (โอรีโอ คุ๊กกี้แซนวิช  ครีมสตรอเบอรี่ 26.25ก แพค12)","U00001674","7622300136000","U00001674","","","","","","",""
"SKU-1250-2581","1250","2581","เภสัช แป้งเย็นมาดาม 100 ก (เภสัช แป้งเย็นมาดาม 100 ก แพค6)","U00001675","8850233880144","U00001675","","","","","","",""
"SKU-1251-2582","1251","2582","เภสัช แป้งเย็นมาดาม 200 ก (เภสัช แป้งเย็นมาดาม 200 ก แพค6)","U00001676","8850233880199","U00001676","","","","","","",""
"SKU-1252-2583","1252","2583","บีไนซ์ จุดซ่อนเร้น ลดกลิ่นอับ ดีโอเฟรช ฟ้า 150มล (บีไนซ์ จุดซ่อนเร้น ลดกลิ่นอับ ดีโอเฟรช ฟ้า 150มล)","U00001668","8851989080215","U00001668","","","","","","",""
"SKU-1253-2584","1253","2584","บีไนซ์ จุดซ่อนเร้น สารสกัดธรรมชาติ ชมพูใส 150มล (บีไนซ์ จุดซ่อนเร้น สารสกัดธรรมชาติ ชมพูใส 150มล)","U00001669","8851989080475","U00001669","","","","","","",""
"SKU-1254-2585","1254","2585","แพรอท สกินฟู้ด โยเกิร์ต แอนด์ ไวท์ สตรอว์เบอร์รี 400 มล. (แพรอท สกินฟู้ด โยเกิร์ต แอนด์ ไวท์ สตรอว์เบอร์รี 400 มล.)","U00001677","8851929025214","U00001677","","","","","","",""
"SKU-1255-2586","1255","2586","พีอาร์ ข้าวเกรียบ 80 ก รสมะเขือเทศ  (พีอาร์ ข้าวเกรียบ 80 ก รสมะเขือเทศ แพค3)","U00001678","-","U00001678","","","","","","",""
"SKU-1255-2587","1255","2587","พีอาร์ ข้าวเกรียบ 80 ก รสมะเขือเทศ  (พีอาร์ ข้าวเกรียบ 80 ก รสมะเขือเทศ 	หีบx12 แพค3)","U00001678","-","U00001678","","","","","","",""
"SKU-1256-2588","1256","2588","เรดดี้ เครื่องดื่มผสมโกจิเบอรี่ แดง 150 มล (เรดดี้ เครื่องดื่มผสมโกจิเบอรี่ แดง 150 มล แพค10)","U00001715","8850228001622","U00001715","","","","","","",""
"SKU-1256-2589","1256","2589","เรดดี้ เครื่องดื่มผสมโกจิเบอรี่ แดง 150 มล (เรดดี้ เครื่องดื่มผสมโกจิเบอรี่ แดง 150 มล	หีบx5แพค10)","U00001715","8850228011140","U00001715","","","","","","",""
"SKU-1257-2590","1257","2590","เรดดี้ บู้ท เครื่องดื่มผสมองุ่นทับทิม ม่วง 150 มล (เรดดี้ บู้ท เครื่องดื่มผสมองุ่นทับทิม ม่วง 150 มล แพค10)","U00001716","8850228001905","U00001716","","","","","","",""
"SKU-1257-2591","1257","2591","เรดดี้ บู้ท เครื่องดื่มผสมองุ่นทับทิม ม่วง 150 มล (เรดดี้ บู้ท เครื่องดื่มผสมองุ่นทับทิม ม่วง 150 มล	หีบx5แพค10)","U00001716","8850228011270","U00001716","","","","","","",""
"SKU-1258-2592","1258","2592","เรดดี้ เครื่องดื่มโกจิเบอร์รี่ น้ำตาล0% 150 มล (เรดดี้ เครื่องดื่มโกจิเบอร์รี่ น้ำตาล0% 150 มล แพค10)","U00001717","8850228007525","U00001717","","","","","","",""
"SKU-1258-2593","1258","2593","เรดดี้ เครื่องดื่มโกจิเบอร์รี่ น้ำตาล0% 150 มล (เรดดี้ เครื่องดื่มโกจิเบอร์รี่ น้ำตาล0% 150 มล	หีบx5แพค10)","U00001717","8850228014325","U00001717","","","","","","",""
"SKU-1259-2594","1259","2594","ไฮ่ วิตามินซี รสมิกซ์เบอร์รี่ 150 มล (ไฮ่ วิตามินซี รสมิกซ์เบอร์รี่ 150 มล แพค10)","-","-","-","","","","","","",""
"SKU-1259-2595","1259","2595","ไฮ่ วิตามินซี รสมิกซ์เบอร์รี่ 150 มล (ไฮ่ วิตามินซี รสมิกซ์เบอร์รี่ 150 มล	หีบx3แพค10)","-","-","-","","","","","","",""
"SKU-1260-2596","1260","2596","ไฮ่ วิตามินซี รสส้ม 150 มล (ไฮ่ วิตามินซี รสส้ม 150 มล แพค10)","-","-","-","","","","","","",""
"SKU-1260-2597","1260","2597","ไฮ่ วิตามินซี รสส้ม 150 มล (ไฮ่ วิตามินซี รสส้ม 150 มล	หีบx3แพค10)","-","-","-","","","","","","",""
"SKU-1261-2598","1261","2598","เพียวริคุ ชาขาวเก๊กฮวย 350 มล (เพียวริคุ ชาขาวเก๊กฮวย 350 มล แพค6)","U00001720","8850228001073","U00001720","","","","","","",""
"SKU-1261-2599","1261","2599","เพียวริคุ ชาขาวเก๊กฮวย 350 มล (เพียวริคุ ชาขาวเก๊กฮวย 350 มล	หีบx4แพค6)","U00001720","8850228010631","U00001720","","","","","","",""
"SKU-1262-2601","1262","2601","เพียวริคุ องุ่นเคียวโฮ 350 มล (เพียวริคุ องุ่นเคียวโฮ 350 มล	หีบx4แพค6)","-","-","-","","","","","","",""
"SKU-1263-2603","1263","2603","เพียวริคุ มิกซ์เบอร์รี่ 350 มล (เพียวริคุ มิกซ์เบอร์รี่ 350 มล	หีบx4แพค6)","U00001722","8850228010785","U00001722","","","","","","",""
"SKU-1264-2605","1264","2605","เพียวริคุ ฮันนี่ เลม่อน 350 มล (เพียวริคุ ฮันนี่ เลม่อน 350 มล	หีบx4แพค6)","U00001723","-","U00001723","","","","","","",""
"SKU-1265-2606","1265","2606","แมนซั่ม คอลลาเจน  310 มล น้ำเงิน (แมนซั่ม คอลลาเจน  310 มล น้ำเงิน แพค6)","U00001724","8850228006085","U00001724","","","","","","",""
"SKU-1265-2607","1265","2607","แมนซั่ม คอลลาเจน  310 มล น้ำเงิน (แมนซั่ม คอลลาเจน  310 มล น้ำเงิน หีบx4แพค6)","U00001724","8850228013564","U00001724","","","","","","",""
"SKU-1266-3539","1266","3539","แมนซั่ม แอล-กลูตาไธโอน 310 มล.  แดง (แมนซั่ม แอล-กลูตาไธโอน 310 มล. แดง แพค6)","U00001725","8850228006108","U00001725","","","","","","",""
"SKU-1266-2609","1266","2609","แมนซั่ม แอล-กลูตาไธโอน 310 มล.  แดง (แมนซั่ม แอล-กลูตาไธโอน 310 มล.  แดง	หีบx4แพค6)","U00001725","8850228013571","U00001725","","","","","","",""
"SKU-1268-2610","1268","2610","แมนซั่ม คอลลาเจน 430 มล.  น้ำเงิน (แมนซั่ม คอลลาเจน 430 มล.  น้ำเงิน แพค6)","-","-","-","","","","","","",""
"SKU-1268-2611","1268","2611","แมนซั่ม คอลลาเจน 430 มล.  น้ำเงิน (แมนซั่ม คอลลาเจน 430 มล.  น้ำเงิน	หีบx4แพค6)","-","-","-","","","","","","",""
"SKU-1269-2612","1269","2612","แมนซั่ม แอล-กลูตาไธโอน 430 มล.  แดง (แมนซั่ม แอล-กลูตาไธโอน 430 มล.  แดง แพค6)","-","-","-","","","","","","",""
"SKU-1269-2613","1269","2613","แมนซั่ม แอล-กลูตาไธโอน 430 มล.  แดง (แมนซั่ม แอล-กลูตาไธโอน 430 มล.  แดง	หีบx4แพค6)","-","-","-","","","","","","",""
"SKU-1270-2614","1270","2614","โสมพลัส เครื่องดื่มโสมเกาหลี 95 มล.   (โสมพลัส เครื่องดื่มโสมเกาหลี 95 มล แพค10)","-","-","-","","","","","","",""
"SKU-1270-2615","1270","2615","โสมพลัส เครื่องดื่มโสมเกาหลี 95 มล.   (โสมพลัส เครื่องดื่มโสมเกาหลี 95 มล.  	หีบx5แพค10)","-","-","-","","","","","","",""
"SKU-1271-2616","1271","2616","โสมฮีโร่ รสน้ำผึ้ง 145 มล (โสมฮีโร่ รสน้ำผึ้ง 145 มล แพค10)","-","-","-","","","","","","",""
"SKU-1271-2617","1271","2617","โสมฮีโร่ รสน้ำผึ้ง 145 มล (โสมฮีโร่ รสน้ำผึ้ง 145 มล	หีบx5แพค10)","-","-","-","","","","","","",""
"SKU-1272-2618","1272","2618","ซันสแนค เมล็ดทานตะวัน รสต้นตำรับ 12 กรัม (ซันสแนค เมล็ดทานตะวัน รสต้นตำรับ 12 กรัม แพค12)","-","-","-","","","","","","",""
"SKU-1272-2619","1272","2619","ซันสแนค เมล็ดทานตะวัน รสต้นตำรับ 12 กรัม (ซันสแนค เมล็ดทานตะวัน รสต้นตำรับ 12 กรัม	หีบx12แพค12)","-","-","-","","","","","","",""
"SKU-1273-2620","1273","2620","ซันสแนค เมล็ดทานตะวัน รสบาร์บีคิว 12 กรัม (ซันสแนค เมล็ดทานตะวัน รสบาร์บีคิว 12 กรัม แพค12)","-","-","-","","","","","","",""
"SKU-1274-2621","1274","2621","แพรอทนกแก้ว สบู่ก้อน พฤกษา เขียว 70ก แพค4 (แพรอทนกแก้ว สบู่ก้อน พฤกษา เขียว 70ก แพค4)","U00001679","8851929003892","U00001679","","","","","","",""
"SKU-1275-2622","1275","2622","แพรอทนกแก้ว สบู่ก้อน บุปผาชาติ แดง 70ก แพค4 (แพรอทนกแก้ว สบู่ก้อน บุปผาชาติ แดง 70ก แพค4)","U00001680","8851929006343","U00001680","","","","","","",""
"SKU-1276-2623","1276","2623","แพรอทนกแก้ว สบู่ก้อน มะลิ เหลือง 70ก แพค4 (แพรอทนกแก้ว สบู่ก้อน มะลิ เหลือง 70ก แพค4)","U00001681","-","U00001681","","","","","","",""
"SKU-1277-2624","1277","2624","แพรอทนกแก้ว สบู่ก้อน กุหลาบ 70ก แพค4 (แพรอทนกแก้ว สบู่ก้อน กุหลาบ 70ก แพค4)","U00001682","8851929014867","U00001682","","","","","","",""
"SKU-1278-2625","1278","2625","แพรอทนกแก้ว สบู่ก้อน ไวท์ซากุระ 70ก แพค4 (แพรอทนกแก้ว สบู่ก้อน ไวท์ซากุระ 70ก แพค4)","U00001683","8851929019381","U00001683","","","","","","",""
"SKU-1279-2626","1279","2626","แพรอทนกแก้ว สบู่ก้อน ลิลลี่ พีช 70ก แพค4 (แพรอทนกแก้ว สบู่ก้อน ลิลลี่ พีช 70ก แพค4)","U00001684","8851929020318","U00001684","","","","","","",""
"SKU-1280-2627","1280","2627","แพรอทนกแก้ว สบู่ก้อน โรสเบอรี่ 70ก แพค4 (แพรอทนกแก้ว สบู่ก้อน โรสเบอรี่ 70ก แพค4)","U00001685","8851929022022","U00001685","","","","","","",""
"SKU-1281-2628","1281","2628","ดาวน์นี่ ปรับผ้านุ่ม แพชชั่น ถุง 1ล.  (ดาวน์นี่ ปรับผ้านุ่ม แพชชั่น ถุง 1ล. แพค2+1)","U00001686","4987176271051","U00001686","","","","","","",""
"SKU-1282-2629","1282","2629","ดาวน์นี่ ปรับผ้านุ่ม มิสทิค ถุง 1ล.  (ดาวน์นี่ ปรับผ้านุ่ม มิสทิค ถุง 1ล. แพค2+1)","U00001687","4987176271075","U00001687","","","","","","",""
"SKU-1283-2630","1283","2630","ดาวน์นี่ ปรับผ้านุ่ม หอมสดชื่นยามเช้า ถุง 1ล.  (ดาวน์นี่ ปรับผ้านุ่ม หอมสดชื่นยามเช้า ถุง 1ล. แพค2+1)","U00001688","4987176271082","U00001688","","","","","","",""
"SKU-1284-2631","1284","2631","ไฟน์ไลน์ ปรับผ้านุ่ม ชมพู 250 มล (ไฟน์ไลน์ ปรับผ้านุ่ม ชมพู 250 มล แพค6)","U00001689","8541989830827","U00001689","","","","","","",""
"SKU-1285-2632","1285","2632","ไฟน์ไลน์ ปรับผ้านุ่ม ม่วง 250 มล (ไฟน์ไลน์ ปรับผ้านุ่ม ม่วง 250 มล แพค6)","U00001690","8851989830834","U00001690","","","","","","",""
"SKU-1286-2633","1286","2633","ไฟน์ไลน์ ปรับผ้านุ่ม แดง 250 มล (ไฟน์ไลน์ ปรับผ้านุ่ม แดง 250 มล แพค6)","U00001691","8851989830841","U00001691","","","","","","",""
"SKU-1287-2634","1287","2634","แลคตาซิด จุดซ่อนเร้น ออลเดย์เฟรช 150 มล เขียว (แลคตาซิด จุดซ่อนเร้น ออลเดย์เฟรช 150 มล เขียว)","U00001692","8936123410131","U00001692","","","","","","",""
"SKU-1288-2635","1288","2635","แลคตาซิด จุดซ่อนเร้น สวีทฟลอร่า 150 มล ส้ม (แลคตาซิด จุดซ่อนเร้น สวีทฟลอร่า 150 มล ส้ม)","U00001693","8850886002108","U00001693","","","","","","",""
"SKU-1289-2636","1289","2636","แลคตาซิด เพิร์ลลี่ อินทิเมท 150 มล ฟ้า (แลคตาซิด เพิร์ลลี่ อินทิเมท 150 มล ฟ้า)","U00001694","8936123411060","U00001694","","","","","","",""
"SKU-1290-2637","1290","2637","แลคตาซิด เอ็กซ์เซนซิทีฟ 150 มล ชมพูอ่อน (แลคตาซิด เอ็กซ์เซนซิทีฟ 150 มล ชมพูอ่อน)","U00001695","8850886011148","U00001695","","","","","","",""
"SKU-1291-2638","1291","2638","แพรอทนกแก้ว สบู่ก้อน พฤกษา เขียว 105ก แพค4 (แพรอทนกแก้ว สบู่ก้อน พฤกษา เขียว 105ก แพค4)","U00001696","8851929004981","U00001696","","","","","","",""
"SKU-1292-2639","1292","2639","แพรอทนกแก้ว สบู่ก้อน มะลิ เหลือง 105ก แพค4 (แพรอทนกแก้ว สบู่ก้อน มะลิ เหลือง 105ก แพค4)","U00001697","8851929010890","U00001697","","","","","","",""
"SKU-1293-2640","1293","2640","โอโมพลัส ซักน้ำ 120 มล ซากุระชมพู  (โอโมพลัส น้ำยาซักผ้า ซากุระชมพู 120 มล แพค3)","U00001698","8851932442077","U00001698","","","","","","",""
"SKU-1294-2641","1294","2641","โอโมพลัส ซักน้ำ 120 มล โรซี่ลิลลี่ เหลือง  (โอโมพลัส น้ำยาซักผ้า โรซี่ลิลลี่ เหลือง 120 มล แพค3)","U00001699","-","U00001699","","","","","","",""
"SKU-1295-2642","1295","2642","โอโมพลัส ซักน้ำ 120 มล เฟรชบูเก้ แดง  (โอโมพลัส น้ำยาซักผ้า เฟรชบูเก้ แดง 120 มล แพค3)","U00001700","8851932472234","U00001700","","","","","","",""
"SKU-1296-2644","1296","2644","ทีพอท ครีมเทียมข้นหวาน 380ก (ทีพอท ครีมเทียมข้นหวาน 380ก)","U00001732","8858705601167","U00001732","","","","","","",""
"SKU-1296-3806","1296","3806","ทีพอท ครีมเทียมข้นหวาน 380ก (ทีพอท ครีมเทียมข้นหวาน 380ก แพคx6)","U00001732","-","U00001732","","","","","","",""
"SKU-1296-2643","1296","2643","ทีพอท ครีมเทียมข้นหวาน 380ก (ทีพอท ครีมเทียมข้นหวาน 380ก หีบx48)","U00001732","48858705601172","U00001732","","","","","","",""
"SKU-1297-2646","1297","2646","ทีพอท ครีมเทียมข้นหวาน ถุง2กก (ทีพอท ครีมเทียมข้นหวาน ถุง2กก)","U00001733","8858705601228","U00001733","","","","","","",""
"SKU-1297-2645","1297","2645","ทีพอท ครีมเทียมข้นหวาน ถุง2กก (ทีพอท ครีมเทียมข้นหวาน ถุง2กก หีบx8)","U00001733","8858705601235","U00001733","","","","","","",""
"SKU-1298-2648","1298","2648","ทีพอท ครีมเทียมพร่องไขมัน 1ล (ทีพอท ครีมเทียมพร่องไขมัน 1ล	กล่อง)","U00001734","8858705613023","U00001734","","","","","","",""
"SKU-1298-2647","1298","2647","ทีพอท ครีมเทียมพร่องไขมัน 1ล (ทีพอท ครีมเทียมพร่องไขมัน 1ล หีบx12)","U00001734","18858705613037","U00001734","","","","","","",""
"SKU-1299-2650","1299","2650","ทีพอท เอ็กตร้า ครีมเทียมพร่องไขมัน 385ก (ทีพอท เอ็กตร้า ครีมเทียมพร่องไขมัน 385ก กป)","U00001735","8858705601679","U00001735","","","","","","",""
"SKU-1299-2649","1299","2649","ทีพอท เอ็กตร้า ครีมเทียมพร่องไขมัน 385ก (ทีพอท เอ็กตร้า ครีมเทียมพร่องไขมัน 385ก หีบx48)","U00001735","48858705601684","U00001735","","","","","","",""
"SKU-1300-2651","1300","2651","แพรอท ครีมอาบน้ำ พฤกษา เขียว 450มล แพค1+1 (แพรอท ครีมอาบน้ำ พฤกษา เขียว 450มล แพค1+1)","U00001736","8851929019046","U00001736","","","","","","",""
"SKU-1301-2652","1301","2652","แพรอท ครีมอาบน้ำ คลาสสิค ฟ้า 450มล แพค1+1 (แพรอท ครีมอาบน้ำ คลาสสิค ฟ้า 450มล แพค1+1)","U00001737","8851929019077","U00001737","","","","","","",""
"SKU-1302-2653","1302","2653","แพรอท ครีมอาบน้ำ พีโอนี่ ชมพู 450มล แพค1+1 (แพรอท ครีมอาบน้ำ พีโอนี่ ชมพู 450มล แพค1+1)","U00001738","8851929019084","U00001738","","","","","","",""
"SKU-1303-2654","1303","2654","แพรอท ครีมอาบน้ำ กุหลาบ ชมพู 450มล แพค1+1 (แพรอท ครีมอาบน้ำ กุหลาบ ชมพู 450มล แพค1+1)","U00001739","8851929019060","U00001739","","","","","","",""
"SKU-1304-2655","1304","2655","ไฟน์ไลน์ ซักน้ำ 550มล ดีลักซ์ ดำทอง  P2+1 (ไฟน์ไลน์ น้ำยาซัก ดีลักซ์เพอร์ฟูม ดำทอง 550มล P2+1)","U00001744","8851989936130","U00001744","","","","","","",""
"SKU-1305-2656","1305","2656","ไฟน์ไลน์ ซักน้ำ 550มล โปรคลีน ชมพู P2+1 (ไฟน์ไลน์ น้ำยาซัก โปรคลีน ชมพู 550มล P2+1)","U00001745","8851989936123","U00001745","","","","","","",""
"SKU-1306-2657","1306","2657","คอลเกต ยาสีฟัน ยอดนิยม 150ก (คอลเกต ยาสีฟัน ยอดนิยม 150ก แพค6)","U00001740","8850006911440","U00001740","","","","","","",""
"SKU-1307-2658","1307","2658","โพรเทคส์ แป้งเย็น ไอซ์ซี่คูล 280ก แพคคู่+140ก (โพรเทคส์ แป้งเย็น ไอซ์ซี่คูล 280ก แพคคู่+140ก)","U00001747","8850006601792","U00001747","","","","","","",""
"SKU-1308-2659","1308","2659","โพรเทคส์ แป้งเย็น สปอร์ตบลู 280ก แพคคู่+140ก (โพรเทคส์ แป้งเย็น สปอร์ตบลู 280ก แพคคู่+140ก)","U00001748","-","U00001748","","","","","","",""
"SKU-1309-2660","1309","2660","คาร์เนชั่น ครีมเทียมข้นหวาน ถุง2กก (คาร์เนชั่น ครีมเทียมข้นหวาน ถุง2กก)","U00001746","-","U00001746","","","","","","",""
"SKU-1309-2661","1309","2661","คาร์เนชั่น ครีมเทียมข้นหวาน ถุง2กก (คาร์เนชั่น ครีมเทียมข้นหวาน ถุง2กก	หีบx8)","U00001746","-","U00001746","","","","","","",""
"SKU-1310-2662","1310","2662","โพรเทคส์ แป้งเย็น บลอสซัม ชมพู 280ก แพคคู่+140ก (โพรเทคส์ แป้งเย็น บลอสซัม ชมพู 280ก แพคคู่+140ก)","U00001749","-","U00001749","","","","","","",""
"SKU-1311-2663","1311","2663","โพรเทคส์ แป้งเย็น เฟรช ฟ้า 280ก แพคคู่ (โพรเทคส์ แป้งเย็น เฟรช ฟ้า 280ก แพคคู่)","U00001751","8850006600016","U00001751","","","","","","",""
"SKU-1312-2664","1312","2664","โพรเทคส์ แป้งเย็น พิโอนีทับทิม ชมพู 280ก แพคคู่ (โพรเทคส์ แป้งเย็น พิโอนีทับทิม ชมพู 280ก แพคคู่)","U00001752","8850006947333","U00001752","","","","","","",""
"SKU-1313-2665","1313","2665","โพรเทคส์ แป้งเย็น ลาเวนเดอร์ ม่วง 280ก แพคคู่ (โพรเทคส์ แป้งเย็น ลาเวนเดอร์ ม่วง 280ก แพคคู่)","U00001753","-","U00001753","","","","","","",""
"SKU-1314-2666","1314","2666","โพรเทคส์ แป้งเย็น ไอซ์ซี่คูล 140ก แพค6 (โพรเทคส์ แป้งเย็น ไอซ์ซี่คูล 140ก แพค6)","U00001754","-","U00001754","","","","","","",""
"SKU-1315-2667","1315","2667","เอลิส ผ้าอนามัยปีก 22.5ซม ชมพู กลางวัน 8ชิ้น  (เอลิส ผ้าอนามัยปีก 22.5ซม ชมพู กลางวัน 8ชิ้น แพค12)","U00001755","8858947833388","U00001755","","","","","","",""
"SKU-1316-2668","1316","2668","เอลิส ผ้าอนามัยปีก 25ซม เขียว กลางวัน 7ชิ้น  (เอลิส ผ้าอนามัยปีก 25ซม เขียว กลางวัน 7ชิ้น แพค12)","U00001756","-","U00001756","","","","","","",""
"SKU-1317-2669","1317","2669","เอลิส ผ้าอนามัยปีก 30ซม ม่วง กลางคืน 6ชิ้น  (เอลิส ผ้าอนามัยปีก 30ซม ม่วง กลางคืน 6ชิ้น แพค12)","U00001757","-","U00001757","","","","","","",""
"SKU-1318-2670","1318","2670","เอลิส ผ้าอนามัยปีก 35ซม ดำ กลางคืน 5ชิ้น  (เอลิส ผ้าอนามัยปีก 35ซม ดำ กลางคืน 5ชิ้น )","U00001758","8858947833418","U00001758","","","","","","",""
"SKU-1319-2672","1319","2672","ฟันโอ คุกกี้รสช็อค 40.5ก ไส้ครีมช็อค แดง แพค12   (ฟันโอ คุกกี้รสช็อค 40.5ก ไส้ครีมช็อค แดง แพค12  )","U00001759","8850309203242","U00001759","","","","","","",""
"SKU-1319-2673","1319","2673","ฟันโอ คุกกี้รสช็อค 40.5ก ไส้ครีมช็อค แดง แพค12   (ฟันโอ คุกกี้รสช็อค 40.5ก ไส้ครีมช็อค แดง หีบx12แพค12)","U00001759","18850309203249","U00001759","","","","","","",""
"SKU-1320-2674","1320","2674","ฟันโอ คุกกี้รสช็อค 40.5ก ไส้คุกกี้&ครีม ขาว แพค12   (ฟันโอ คุกกี้รสช็อค 40.5ก ไส้คุกกี้&ครีม ขาว แพค12  )","U00001760","8850309212923","U00001760","","","","","","",""
"SKU-1321-2675","1321","2675","ฟันโอ คุกกี้แซนวิช 40.5ก ไส้ครีมสตรอเบอรี่ ชมพู แพค12 (ฟันโอ คุกกี้แซนวิช 40.5ก ไส้ครีมสตรอเบอรี่ ชมพู แพค12)","U00001761","8850309204928","U00001761","","","","","","",""
"SKU-1322-2676","1322","2676","ฟันโอ คุกกี้แซนวิช 40.5ก ไส้ครีมคัสตาร์ด เขียวอ่อน แพค12 (ฟันโอ คุกกี้แซนวิช 40.5ก ไส้ครีมคัสตาร์ด เขียวอ่อน แพค12)","U00001762","8850309200166","U00001762","","","","","","",""
"SKU-1323-2677","1323","2677","ฟันโอ คุกกี้แซนวิช 40.5ก ไส้ครีมชาเขียว เขียว แพค12 (ฟันโอ คุกกี้แซนวิช 40.5ก ไส้ครีมชาเขียว เขียว แพค12)","U00001763","8850309211841","U00001763","","","","","","",""
"SKU-1324-2678","1324","2678","ฟันโอ คุกกี้แซนวิช 40.5ก ไส้ครีมช็อค น้ำตาล แพค12 (ฟันโอ คุกกี้แซนวิช 40.5ก ไส้ครีมช็อค น้ำตาล แพค12)","U00001764","8850309200142","U00001764","","","","","","",""
"SKU-1325-2679","1325","2679","ฟันโอ คุกกี้แซนวิช 40.5ก ไส้ครีมไวท์ช็อคบราว น้ำตาลเข้ม แพค12 (ฟันโอ คุกกี้แซนวิช 40.5ก ไส้ครีมไวท์ช็อคบราว น้ำตาลเข้ม แพค12)","U00001765","8850309213180","U00001765","","","","","","",""
"SKU-1326-2680","1326","2680","อิงอร สบู่แอนตี้แบคทีเรียล 160ก	แพค4 (อิงอร สบู่แอนตี้แบคทีเรียล 160ก แพค4)","U00001766","8858587001420","U00001766","","","","","","",""
"SKU-1327-2681","1327","2681","แคร์ แป้งเด็ก คลาสสิค ฟ้า 350ก P2+1 (แคร์ แป้งเด็ก คลาสสิค ฟ้า 350ก P2+1)","U00001767","8850006926529","U00001767","","","","","","",""
"SKU-1328-2682","1328","2682","แคร์ แป้งเด็ก พิงค์ซอฟท์ ชมพู 350ก P2+1 (แคร์ แป้งเด็ก พิงค์ซอฟท์ ชมพู 350ก P2+1)","U00001768","8850006926536","U00001768","","","","","","",""
"SKU-1329-2683","1329","2683","แคร์ แป้งเด็ก ซากุระ ขาวชมพู 350ก P2+1 (แคร์ แป้งเด็ก ซากุระ ขาวชมพู 350ก P2+1)","U00001769","8850006926543","U00001769","","","","","","",""
"SKU-1330-2684","1330","2684","อาเซปโซ สบู่ก้อน ออริจินัล 80ก แพค4 (อาเซปโซ สบู่ก้อน ออริจินัล 80ก แพค4)","U00001770","7640129890415","U00001770","","","","","","",""
"SKU-1331-2685","1331","2685","ชาคูลซ่า องุ่นเคียวโฮ ม่วง 320มล  แพค24 (ชาคูลซ่า องุ่นเคียวโฮ ม่วง 320มล แพค24)","U00001771","8854698016926","U00001771","","","","","","",""
"SKU-1332-2686","1332","2686","มิตรผล น้ำเชื่อมละลายเร็ว 800มล (มิตรผล น้ำเชื่อมละลายเร็ว 800มล)","U00001772","8850256000949","U00001772","","","","","","",""
"SKU-1332-2687","1332","2687","มิตรผล น้ำเชื่อมละลายเร็ว 800มล (มิตรผล น้ำเชื่อมละลายเร็ว 800มล	หีบx12)","U00001772","98850256000966","U00001772","","","","","","",""
"SKU-1333-2688","1333","2688","โพรเทคส์ สบู่ก้อน บลอสซัม ชมพู 60 ก แพค4   (โพรเทคส์ สบู่ก้อน บลอสซัม ชมพู 60 ก แพค4  )","U00001773","8850006534311","U00001773","","","","","","",""
"SKU-1334-2689","1334","2689","โพรเทคส์ สบู่ก้อน เฟรช ฟ้า 60 ก แพค4   (โพรเทคส์ สบู่ก้อน เฟรช ฟ้า 60 ก แพค4  )","U00001774","-","U00001774","","","","","","",""
"SKU-1335-2690","1335","2690","โพรเทคส์ สบู่ก้อน ไอซ์ซี่คูล ฟ้า นง. 60 ก แพค4   (โพรเทคส์ สบู่ก้อน ไอซ์ซี่คูล ฟ้า นง. 60 ก แพค4  )","U00001775","-","U00001775","","","","","","",""
"SKU-1336-2691","1336","2691","โพรเทคส์ สบู่ก้อน ฟอรเมน สปอร์ต 60 ก แพค4   (โพรเทคส์ สบู่ก้อน ฟอรเมน สปอร์ต 60 ก แพค4  )","U00001776","-","U00001776","","","","","","",""
"SKU-1337-2692","1337","2692","โซฟี กระชับ กลางวัน/กลางคืน 29ซม 6ชิ้น (โซฟี กระชับ กลางวัน/กลางคืน 29ซม 6ชิ้น)","U00001780","8851111161430","U00001780","","","","","","",""
"SKU-1338-2693","1338","2693","บีไนซ์ ครีมอาบน้ำ กระชับผิว เขียว 400มล  1+1 (บีไนซ์ ครีมอาบน้ำ กระชับผิว เขียว 400มล  1+1)","U00001777","8851989101606","U00001777","","","","","","",""
"SKU-1339-2694","1339","2694","ดีมอลต์ นมมอลต์สกัด รสช็อคโกแลต 180มล (ดีมอลต์ นมมอลต์สกัด รสช็อคโกแลต 180มล หีบx48)","U00001781","28853002300540","U00001781","","","","","","",""
"SKU-1340-2695","1340","2695","ดีมอลต์ นมมอลต์สกัด รสช็อคโกแลต 90มล (ดีมอลต์ นมมอลต์สกัด รสช็อคโกแลต 90มล หีบx48)","U00001782","18853002300581","U00001782","","","","","","",""
"SKU-1341-2696","1341","2696","โออิชิ ชาเขียวพร้อมดื่ม รสน้ำผึ้งผสมมะนาว 500 มล. (โออิชิ ชาเขียวพร้อมดื่ม รสน้ำผึ้งผสมมะนาว 500 มล. หีบx24)","U00001783","8854698002127","U00001783","","","","","","",""
"SKU-1342-3254","1342","3254","ตลาดน้ำ น้ำตาลสด 330 มล (ตลาดน้ำ น้ำตาลสด 330 มล แพค6)","U00001784","8850660000528","U00001784","","","","","","",""
"SKU-1342-2697","1342","2697","ตลาดน้ำ น้ำตาลสด 330 มล (ตลาดน้ำ น้ำตาลสด 330 มล หีบx24)","U00001784","28850660000584","U00001784","","","","","","",""
"SKU-1343-2698","1343","2698","เพียวริคุ ฮอกไกโด เมล่อน 350มล (เพียวริคุ ฮอกไกโด เมล่อน 350มล หีบx24)","U00001786","8850228011867","U00001786","","","","","","",""
"SKU-1345-2700","1345","2700","โพรเทคส์ สบู่ก้อน พรอพโพลิส เหลือง 60 ก แพค4   (โพรเทคส์ สบู่ก้อน พรอพโพลิส เหลือง 60 ก แพค4  )","U00001800","8850006534373","U00001800","","","","","","",""
"SKU-1346-2701","1346","2701","อาเซปโซ สบู่ก้อน ไฮยาเฟรช ขาว 80ก แพค4 (อาเซปโซ สบู่ก้อน เฟรช ขาว 80ก แพค4)","U00001787","7640142770244","U00001787","","","","","","",""
"SKU-1347-2702","1347","2702","แคร์ แป้งเด็ก คลาสสิค ฟ้า 350ก แพคคู่ (แคร์ แป้งเด็ก คลาสสิค ฟ้า 350ก แพคคู่)","U00001788","-","U00001788","","","","","","",""
"SKU-1348-2703","1348","2703","แคร์ แป้งเด็ก พิงค์ซอฟท์ ชมพู 350ก แพคคู่ (แคร์ แป้งเด็ก พิงค์ซอฟท์ ชมพู 350ก แพคคู่)","U00001789","8850006590034","U00001789","","","","","","",""
"SKU-1349-2704","1349","2704","แคร์ แป้งเด็ก ซากุระ ขาวชมพู 350ก แพคคู่ (แคร์ แป้งเด็ก ซากุระ ขาวชมพู 350ก แพคคู่)","U00001790","8850006925416","U00001790","","","","","","",""
"SKU-1350-2705","1350","2705","มิตรผล น้ำเชื่อมเข้มข้น 800มล (มิตรผล น้ำเชื่อมเข้มข้น 800มล ถุง)","U00001791","8850256000703","U00001791","","","","","","",""
"SKU-1350-2706","1350","2706","มิตรผล น้ำเชื่อมเข้มข้น 800มล (มิตรผล น้ำเชื่อมเข้มข้น 800มล หีบx12)","U00001791","98850256000706","U00001791","","","","","","",""
"SKU-1351-2707","1351","2707","วิกซอล ล้างห้องน้ำ 900 มล สมาร์ทม่วง แพค2+1 (วิกซอล ล้างห้องน้ำ 900 มล สมาร์ทม่วง แพค2+1)","U00001792","8850092015220","U00001792","","","","","","",""
"SKU-1352-2708","1352","2708","วิกซอล ล้างห้องน้ำ 900 มล  พิงค์ชมพู แพค2+1 (วิกซอล ล้างห้องน้ำ 900 มล  พิงค์ชมพู แพค2+1)","U00001793","8850092012328","U00001793","","","","","","",""
"SKU-1353-2709","1353","2709","วิกซอล ล้างห้องน้ำ 900 มล โกลด์ทอง แพค2+1 (วิกซอล ล้างห้องน้ำ 900 มล โกลด์ทอง แพค2+1)","U00001794","-","U00001794","","","","","","",""
"SKU-1354-2710","1354","2710","วิกซอล ล้างห้องน้ำ 450 มล สมาร์ทม่วง แพค2+1 (วิกซอล ล้างห้องน้ำ 450 มล สมาร์ทม่วง แพค2+1)","U00001795","8850092016203","U00001795","","","","","","",""
"SKU-1355-4071","1355","4071","วิกซอล ล้างห้องน้ำ 450 มล โกลด์ทอง แพค2+1,แพค3 (วิกซอล โกลด์ ล้างห้องน้ำ  450 มล. แพค3)","U00001797","8850092019198","U00001797","","","","","","",""
"SKU-1355-2711","1355","2711","วิกซอล ล้างห้องน้ำ 450 มล โกลด์ทอง แพค2+1,แพค3 (วิกซอล ล้างห้องน้ำ 450 มล โกลด์ทอง แพค2+1)","U00001797","8850092019105","U00001797","","","","","","",""
"SKU-1356-2713","1356","2713","รวมรส น้ำปลาผสม 700มล (รวมรส น้ำปลาผสม 700มล ขวด)","U00001798","8851008000552","U00001798","","","","","","",""
"SKU-1356-2714","1356","2714","รวมรส น้ำปลาผสม 700มล (รวมรส น้ำปลาผสม 700มล	หีบx12)","U00001798","18851008000559","U00001798","","","","","","",""
"SKU-1357-2715","1357","2715","เนสที ชามะนาวเลมอน ผง 13กx18ซอง (เนสที ชามะนาวเลมอน ผง 13กx18ซอง)","U00001799","8850127007183","U00001799","","","","","","",""
"SKU-1358-2716","1358","2716","แอทแทคอีซี่ผง แฮปปี้สวีท ชมพู 700ก. (แอทแทคอีซี่ผง แฮปปี้สวีท ชมพู 700ก.)","U00001801","8851818101012","U00001801","","","","","","",""
"SKU-1359-2717","1359","2717","แอทแทคอีซี่ผง เซ็กซี่สวีท  ม่วง  700ก.  (แอทแทคอีซี่ผง เซ็กซี่สวีท  ม่วง  700ก. )","U00001802","8851818101036","U00001802","","","","","","",""
"SKU-1360-2718","1360","2718","แอทแทคอีซี่ผง ซากุระสวีท ขาว 700ก. (แอทแทคอีซี่ผง ซากุระสวีท ขาว 700ก.)","U00001803","-","U00001803","","","","","","",""
"SKU-1361-2719","1361","2719","ฟ้าไทย น้ำมะนาว 1000 มล (ฟ้าไทย น้ำมะนาว 1000 มล)","U00001804","8854334002436","U00001804","","","","","","",""
"SKU-1361-3130","1361","3130","ฟ้าไทย น้ำมะนาว 1000 มล (ฟ้าไทย น้ำมะนาว 1000 มล แพค3)","U00001804","8854334004324","U00001804","","","","","","",""
"SKU-1361-2720","1361","2720","ฟ้าไทย น้ำมะนาว 1000 มล (ฟ้าไทย น้ำมะนาว 1000 มล	หีบx12)","U00001804","28854334001860","U00001804","","","","","","",""
"SKU-1362-2721","1362","2721","โอวัลติน สมาร์ท นมยูเอชทีรสมอลต์ 165มล  (โอวัลติน สมาร์ท นมยูเอชทีรสมอลต์ 165มล หีบx36)","U00001821","-","U00001821","","","","","","",""
"SKU-1363-2722","1363","2722","โอวัลติน 3อิน1 มอลต์สกัด 30ก 15ซอง (โอวัลติน 3อิน1 มอลต์สกัด 30ก 15ซอง)","U00001819","8850086164521","U00001819","","","","","","",""
"SKU-1363-2723","1363","2723","โอวัลติน 3อิน1 มอลต์สกัด 30ก 15ซอง (โอวัลติน 3อิน1 มอลต์สกัด 30ก 15ซอง	หีบx12)","U00001819","68850086164523","U00001819","","","","","","",""
"SKU-1364-2724","1364","2724","โอวัลติน 3อิน1 30ก 33 ซอง (โอวัลติน 3อิน1 30ก 33 ซอง)","U00001820","8850086169908","U00001820","","","","","","",""
"SKU-1364-2725","1364","2725","โอวัลติน 3อิน1 30ก 33 ซอง (โอวัลติน 3อิน1 30ก 33 ซอง หีบx12)","U00001820","68850086169900","U00001820","","","","","","",""
"SKU-1365-2726","1365","2726","โพรเทคส์ แป้งเย็น เจแปนนิสชาร์โคล 280ก แพคคู่ (โพรเทคส์ แป้งเย็น เจแปนนิสชาร์โคล 280ก แพคคู่)","U00001750","8850006925690","U00001750","","","","","","",""
"SKU-1366-2727","1366","2727","บีไนซ์ ครีมอาบน้ำ พีช 400มล  1+1 (บีไนซ์ ครีมอาบน้ำ พีช 400มล  แพค1+1)","U00001778","8851989102061","U00001778","","","","","","",""
"SKU-1367-2728","1367","2728","บีไนซ์ ครีมอาบน้ำ บลูมอินอะบาธ ชมพูม่วง 400มล  1+1 (บีไนซ์ ครีมอาบน้ำ บลูมอินอะบาธ ชมพูม่วง 400มล  1+1)","U00001779","8851989102283","U00001779","","","","","","",""
"SKU-1368-2729","1368","2729","วิกซอล ล้างห้องน้ำ 450 มล พิงค์ชมพู แพค2+1 (วิกซอล ล้างห้องน้ำ 450 มล พิงค์ชมพู แพค2+1)","U00001796","8850092012199","U00001796","","","","","","",""
"SKU-1369-2730","1369","2730","เจเล่ วิตามิน เยลลี่  600ก 30ถ้วย (เจเล่ วิตามิน เยลลี่  600ก 30ถ้วย)","U00001805","8850157106405","U00001805","","","","","","",""
"SKU-1369-2731","1369","2731","เจเล่ วิตามิน เยลลี่  600ก 30ถ้วย (เจเล่ วิตามิน เยลลี่  600ก 30ถ้วย หีบx12)","U00001805","8850157106412","U00001805","","","","","","",""
"SKU-1372-3548","1372","3548","ชาคูลซ่า ฮันนี่เลมอน เหลือง 320มล  แพคx24 (ชาคูลซ่า ฮันนี่เลมอน เหลือง 320มล แพค6)","U00001806","-","U00001806","","","","","","",""
"SKU-1372-2734","1372","2734","ชาคูลซ่า ฮันนี่เลมอน เหลือง 320มล  แพคx24 (ชาคูลซ่า ฮันนี่เลมอน เหลือง 320มล แพคx24)","U00001806","8854698010641","U00001806","","","","","","",""
"SKU-1375-2735","1375","2735","แคลชีส เวเฟอร์ครีม รสชีสช็อคโกแลต 27.5ก (แคลชีส เวเฟอร์ครีม รสชีสช็อคโกแลต 27.5ก แพค12)","U00001808","-","U00001808","","","","","","",""
"SKU-1375-2736","1375","2736","แคลชีส เวเฟอร์ครีม รสชีสช็อคโกแลต 27.5ก (แคลชีส เวเฟอร์ครีม รสชีสช็อคโกแลต 27.5ก หีบx12แพค)","U00001808","-","U00001808","","","","","","",""
"SKU-1376-2737","1376","2737","แคลชีส เวเฟอร์ครีม รสชีส 27.5ก (แคลชีส เวเฟอร์ครีม รสชีส 27.5ก แพค12)","U00001807","8996001356685","U00001807","","","","","","",""
"SKU-1376-2738","1376","2738","แคลชีส เวเฟอร์ครีม รสชีส 27.5ก (แคลชีส เวเฟอร์ครีม รสชีส 27.5ก หีบx12แพค)","U00001807","18996001356682","U00001807","","","","","","",""
"SKU-1377-2739","1377","2739","ฮาริโบ้ กัมมี โกลด์แบร์ 14ก ทอง (ฮาริโบ้ กัมมี โกลด์แบร์ 14ก ทอง แพค12)","U00001809","-","U00001809","","","","","","",""
"SKU-1378-2740","1378","2740","ฮาริโบ้ กัมมี แฮปปี้โคล่า 14ก แดง (ฮาริโบ้ กัมมี แฮปปี้โคล่า 14ก แดง แพค12)","U00001810","-","U00001810","","","","","","",""
"SKU-1379-2741","1379","2741","ฮาริโบ้ กัมมี เวิร์ม 14ก เขียว (ฮาริโบ้ กัมมี เวิร์ม 14ก เขียว แพค12)","U00001811","8850940035066","U00001811","","","","","","",""
"SKU-1380-2742","1380","2742","มอลคิสท์ แครกเกอร์ ออริจินัล 28ก (มอลคิสท์ แครกเกอร์ ออริจินัล 28ก แพค12)","U00001812","8996001302439","U00001812","","","","","","",""
"SKU-1381-2743","1381","2743","มอลคิสท์ แครกเกอร์ ช็อคโกแลต 36ก (มอลคิสท์ แครกเกอร์ ช็อคโกแลต 36ก แพค12)","U00001813","8996001312186","U00001813","","","","","","",""
"SKU-1382-2744","1382","2744","มอลคิสท์ แครกเกอร์ บาร์บีคิวฟรอส 28ก. (มอลคิสท์ แครกเกอร์ บาร์บีคิวฟรอส 28ก. แพค12)","U00001814","-","U00001814","","","","","","",""
"SKU-1383-2745","1383","2745","มอลคิสท์ แครกเกอร์ มะพร้าว 28ก (มอลคิสท์ แครกเกอร์ มะพร้าว 28ก แพค12)","U00001815","-","U00001815","","","","","","",""
"SKU-1384-2746","1384","2746","วาเฟโร เวเฟอร์ไส้ครีมวานิลา 27.5ก (วาเฟโร เวเฟอร์ไส้ครีมวานิลา 27.5ก แพค12)","U00001816","8996001358221","U00001816","","","","","","",""
"SKU-1385-2747","1385","2747","วาเฟโร เวเฟอร์ไส้ครีมมะพร้าว 27.5ก (วาเฟโร เวเฟอร์ไส้ครีมมะพร้าว 27.5ก แพค12)","U00001817","-","U00001817","","","","","","",""
"SKU-1386-2748","1386","2748","วาเฟโร เวเฟอร์ไส้ครีมบัตเตอร์คาราเมล 27.5ก (วาเฟโร เวเฟอร์ไส้ครีมบัตเตอร์คาราเมล 27.5ก แพค12)","U00001818","8996001351864","U00001818","","","","","","",""
"SKU-1387-2749","1387","2749","รสดี ซุปก้อนรสหมู 40ก แพค12 (รสดี ซุปก้อนรสหมู 40ก แพค12)","U00001822","8850250009665","U00001822","","","","","","",""
"SKU-1388-2750","1388","2750","รสดี ซุปก้อนรสต้มยำ 24ก แพค24 (รสดี ซุปก้อนรสต้มยำ 24ก แพค24)","U00001823","-","U00001823","","","","","","",""
"SKU-1389-2753","1389","2753","ปลาหมึก น้ำปลาเพท 700มล	 (ปลาหมึก น้ำปลาเพท 700มล)","U00001824","8850620888289","U00001824","","","","","","",""
"SKU-1389-2752","1389","2752","ปลาหมึก น้ำปลาเพท 700มล	 (ปลาหมึก น้ำปลาเพท 700มล	หีบx12)","U00001824","18850620037509","U00001824","","","","","","",""
"SKU-1390-3256","1390","3256","แคมปัส บอล รสช็อคโกแลตส้ม 12ก (แคมปัส บอล รสช็อคโกแลตส้ม 12ก)","U00001825","8851004204664","U00001825","","","","","","",""
"SKU-1390-2754","1390","2754","แคมปัส บอล รสช็อคโกแลตส้ม 12ก (แคมปัส บอล รสช็อคโกแลตส้ม 12ก แพค12)","U00001825","8851004204657","U00001825","","","","","","",""
"SKU-1390-2755","1390","2755","แคมปัส บอล รสช็อคโกแลตส้ม 12ก (แคมปัส บอล รสช็อคโกแลตส้ม 12ก	หีบx12แพค12)","U00001825","18851004204715","U00001825","","","","","","",""
"SKU-1391-2756","1391","2756","โคโดโม แป้งเด็ก 350ก เจนเทิลซอฟ ชมพู แพค2+1 (โดโดโม แป้งเด็ก 350ก เจนเทิลซอฟ ชมพู แพค2+1)","U00001826","-","U00001826","","","","","","",""
"SKU-1392-2757","1392","2757","โคโดโม แป้งเด็ก 350ก เอ็กตร้ามายด์ ฟ้า แพค2+1 (โดโดโม แป้งเด็ก 350ก เอ็กตร้ามายด์ ฟ้า แพค2+1)","U00001827","-","U00001827","","","","","","",""
"SKU-1393-2758","1393","2758","โคโดโม แป้งเด็ก 350ก โอกานิกุ เขียว แพค2+1 (โดโดโม แป้งเด็ก 350ก โอกานิกุ เขียว แพค2+1)","U00001828","-","U00001828","","","","","","",""
"SKU-1394-2759","1394","2759","โออิชิ ชาเขียว น้ำผึ้งมะนาว 370 มล. (โออิชิ ชาเขียว น้ำผึ้งมะนาว 370 มล. หีบx24)","U00001829","8854698014380","U00001829","","","","","","",""
"SKU-1397-2760","1397","2760","ทีพอท นมข้นหลอดบีบ สูตรนมสด 180ก (ทีพอท นมข้นหลอดบีบ สูตรนมสด 180ก กล่องx8)","U00001830","8858705609286","U00001830","","","","","","",""
"SKU-1398-2761","1398","2761","ทีพอท นมข้นหลอดบีบ รสช็อคโก  180ก (ทีพอท นมข้นหลอดบีบ รสช็อคโก  180ก กล่องx8)","U00001831","8858705609309","U00001831","","","","","","",""
"SKU-1400-2762","1400","2762","ทีพอท นมข้นจืด 385ก กป (ทีพอท นมข้นจืด 385ก แพค6กป)","U00001832","8858705613337","U00001832","","","","","","",""
"SKU-1401-2764","1401","2764","ทีพอท เอ็กตร้า ครีมเทียมพร่องไขมัน ซองตั้ง 1กก (ทีพอท เอ็กตร้า ครีมเทียมพร่องไขมัน ซองตั้ง 1กก 	ซอง)","U00001833","8858705609392","U00001833","","","","","","",""
"SKU-1401-2763","1401","2763","ทีพอท เอ็กตร้า ครีมเทียมพร่องไขมัน ซองตั้ง 1กก (ทีพอท เอ็กตร้า ครีมเทียมพร่องไขมัน ซองตั้ง 1กก หีบx20)","U00001833","18858705609405","U00001833","","","","","","",""
"SKU-1402-2765","1402","2765","ลอรีเอะ ซูเปอร์อัลตร้าคูล สลิมมีปีก 22.5 ซม. 3 ชิ้น (ลอรีเอะ ซูเปอร์อัลตร้าคูล สลิมมีปีก 22.5 ซม. 3ชิ้น แพค6)","U00001837","8851818749726","U00001837","","","","","","",""
"SKU-1403-2766","1403","2766","ซิสเท็มมา ยาสีฟัน สปริงมินท์ เขียว 40ก (ซิสเท็มมา ยาสีฟัน สปริงมินท์ เขียว 40ก แพค12)","U00001838","-","U00001838","","","","","","",""
"SKU-1404-2767","1404","2767","ซิสเท็มมา ยาสีฟัน เชอรี่ ชมพู 40ก (ซิสเท็มมา ยาสีฟัน เชอรี่ ชมพู 40ก แพค12)","U00001839","8850002020436","U00001839","","","","","","",""
"SKU-1405-2768","1405","2768","มิตรผล โกลเด้นไซรัป 800ก (มิตรผล โกลเด้นไซรัป 800ก)","U00001840","-","U00001840","","","","","","",""
"SKU-1406-2769","1406","2769","เด็กสมบูรณ์ เต้าเจี้ยว สูตร 1 800 ก (เด็กสมบูรณ์ เต้าเจี้ยว สูตร 1 800 ก แพค3)","U00001841","-","U00001841","","","","","","",""
"SKU-1407-2770","1407","2770","โปร ล้างจาน มะนาว 400มล (โปร ล้างจาน มะนาว 400มล แพค3)","U00001842","8850002907782","U00001842","","","","","","",""
"SKU-1408-2771","1408","2771","โปร ล้างจาน เบอรี่ 400มล (โปร ล้างจาน เบอรี่ 400มล แพค3)","U00001843","8850002032262","U00001843","","","","","","",""
"SKU-1409-2772","1409","2772","โปร ล้างจาน  มะนาว 3.2ล (โปร ล้างจาน  มะนาว 3.2ล)","U00001844","8850002010710","U00001844","","","","","","",""
"SKU-1410-2773","1410","2773","โค้ก น้ำอัดลม ออริจินัล 330มล (โค้ก น้ำอัดลม ออริจินัล 330มล แพค24)","U00001845","8851959227015","U00001845","","","","","","",""
"SKU-1411-2774","1411","2774","ป๊อกกี้ บิสกิตแท่ง รสช็อก 20ก. แพค10 (ป๊อกกี้ บิสกิตแท่ง รสช็อก 20ก. แพค10)","U00001846","8851019910307","U00001846","","","","","","",""
"SKU-1412-2775","1412","2775","ป๊อกกี้ บิสกิตแท่ง รสสตรอ 19ก. แพค10 (ป๊อกกี้ บิสกิตแท่ง รสสตรอ 19ก. แพค10)","U00001847","8851019910505","U00001847","","","","","","",""
"SKU-1413-2779","1413","2779","ไวไว บะหมี่ปรุงสำเร็จ 57 ก. แพค10ซอง (ไวไว บะหมี่ปรุงสำเร็จ 57 ก. แพค10ซอง)","U00001851","-","U00001851","","","","","","",""
"SKU-1414-2780","1414","2780","ไทยเดนมาร์ก นมยูเอชที รสจืด 180 มล (ไทยเดนมาร์ก นมยูเอชที รสจืด 180 มล หีบx36)","U00001848","38852537011164","U00001848","","","","","","",""
"SKU-1415-2781","1415","2781","ไทยเดนมาร์ก นมยูเอชที รสหวาน 180 มล (ไทยเดนมาร์ก นมยูเอชที รสหวาน 180 มล	หีบx36)","U00001849","38852537012161","U00001849","","","","","","",""
"SKU-1416-2782","1416","2782","ลอรีเอะ ซอฟท์แอนด์เซฟ เอ็กซ์ตร้า มีปีก 40 ซม. 4 ชิ้น แพค4 (ลอรีเอะ ซอฟท์แอนด์เซฟ เอ็กซ์ตร้า มีปีก 40 ซม. 4 ชิ้น แพค4)","U00001850","8851818409743","U00001850","","","","","","",""
"SKU-1417-3103","1417","3103","หมูสามชั้น ( หมูสามชั้น 1กก)","-","-","-","","","","","","",""
"SKU-1417-2783","1417","2783","หมูสามชั้น (หมูสามชั้น (ขีด))","-","-","-","","","","","","",""
"SKU-1418-2784","1418","2784","สะโพกหมู (สะโพกหมู (1กก))","-","-","-","","","","","","",""
"SKU-1418-3104","1418","3104","สะโพกหมู (สะโพกหมู (1ขีด))","-","-","-","","","","","","",""
"SKU-1419-2785","1419","2785","สันนอกหมู (สันนอกหมู (1กก))","-","-","-","","","","","","",""
"SKU-1419-3128","1419","3128","สันนอกหมู (สันนอกหมู (1ขีด))","-","-","-","","","","","","",""
"SKU-1420-2786","1420","2786","สันในหมู (สันในหมู(1กก))","-","-","-","","","","","","",""
"SKU-1420-3127","1420","3127","สันในหมู (สันในหมู (1ขีด))","-","-","-","","","","","","",""
"SKU-1421-2787","1421","2787","สันคอหมู (สันคอหมู (1กก))","-","-","-","","","","","","",""
"SKU-1421-3126","1421","3126","สันคอหมู (สันคอหมู (1ขีด))","-","-","-","","","","","","",""
"SKU-1422-2788","1422","2788","ไหล่(เนื้อเเดง) (ไหล่หมู(เนื้อเเดง)(1กก))","-","-","-","","","","","","",""
"SKU-1422-3125","1422","3125","ไหล่(เนื้อเเดง) (ไหล่หมู(เนื้อเเดง)(1ขีด))","-","-","-","","","","","","",""
"SKU-1424-2789","1424","2789","เนื้อหมูเศษ (เนื้อหมูเศษ (1กก))","-","-","-","","","","","","",""
"SKU-1424-3124","1424","3124","เนื้อหมูเศษ (เนื้อหมูเศษ (1ขีด))","-","-","-","","","","","","",""
"SKU-1426-3095","1426","3095","หมูบด  (หมูบด (1ขีด))","-","-","-","","","","","","",""
"SKU-1426-2790","1426","2790","หมูบด  (หมูบด 1kg)","-","-","-","","","","","","",""
"SKU-1427-3123","1427","3123","กระดูกเล้ง หมู (กระดูกเล้ง)","-","-","-","","","","","","",""
"SKU-1427-2791","1427","2791","กระดูกเล้ง หมู (กระดูกเล้ง)","-","-","-","","","","","","",""
"SKU-1428-2792","1428","2792","กระดูกข้อ หมู (กระดูกข้อ (1กก))","-","-","-","","","","","","",""
"SKU-1428-3122","1428","3122","กระดูกข้อ หมู (กระดูกข้อ (1ขีด))","-","-","-","","","","","","",""
"SKU-1429-2793","1429","2793","ซี่โครงหมู  (ซี่โครงหมู (1กก))","-","-","-","","","","","","",""
"SKU-1429-3121","1429","3121","ซี่โครงหมู  (ซี่โครงหมู (1ขีด))","-","-","-","","","","","","",""
"SKU-1430-2794","1430","2794","ขาหมูหั่น (ขาหมูหั่น (1กก))","-","-","-","","","","","","",""
"SKU-1430-3120","1430","3120","ขาหมูหั่น (ขาหมูหั่น (1ขีด))","-","-","-","","","","","","",""
"SKU-1431-3119","1431","3119","ขาหมู (ขาหมู)","-","-","-","","","","","","",""
"SKU-1431-2795","1431","2795","ขาหมู (ขาหมู)","-","-","-","","","","","","",""
"SKU-1432-2796","1432","2796","กระดูกใบพาย หมู (กระดูกใบพาย(1กก))","-","-","-","","","","","","",""
"SKU-1432-3118","1432","3118","กระดูกใบพาย หมู (กระดูกใบพาย(1ขีด))","-","-","-","","","","","","",""
"SKU-1433-2797","1433","2797","หางหมู (หางหมู (1กก))","-","-","-","","","","","","",""
"SKU-1433-3117","1433","3117","หางหมู (หางหมู (1ขีด))","-","-","-","","","","","","",""
"SKU-1434-3116","1434","3116","กระเพาะหมู (กระเพาะหมู)","-","-","-","","","","","","",""
"SKU-1434-2798","1434","2798","กระเพาะหมู (กระเพาะหมู)","-","-","-","","","","","","",""
"SKU-1435-3115","1435","3115","หน้ากากหมู (หน้ากากหมู)","-","-","-","","","","","","",""
"SKU-1435-2799","1435","2799","หน้ากากหมู (หน้ากากหมู)","-","-","-","","","","","","",""
"SKU-1436-3105","1436","3105","หมูหั่นเเกง  (หมูหั่นเเกง  1/2กก (500g))","-","-","-","","","","","","",""
"SKU-1436-2800","1436","2800","หมูหั่นเเกง  (หมูหั่นเเกง (1กก))","-","-","-","","","","","","",""
"SKU-1436-3114","1436","3114","หมูหั่นเเกง  (หมูหั่นเเกง (1ขีด))","-","-","-","","","","","","",""
"SKU-1437-2806","1437","2806","คาร์เนชั่น เอ็กซ์ตร้า ครีมเทียมพร่องไขมัน กล่อง1ล (คาร์เนชั่น เอ็กซ์ตร้า ครีมเทียมพร่องไขมัน กล่อง1ล)","U00001860","-","U00001860","","","","","","",""
"SKU-1437-2801","1437","2801","คาร์เนชั่น เอ็กซ์ตร้า ครีมเทียมพร่องไขมัน กล่อง1ล (คาร์เนชั่น เอ็กซ์ตร้า ครีมเทียมพร่องไขมัน กล่อง1ล หีบx12)","U00001860","-","U00001860","","","","","","",""
"SKU-1438-2802","1438","2802","อัมพวา กะทิ ขวด 250มล (อัมพวา กะทิ ขวด 250มล พค6)","U00001866","8850161166150","U00001866","","","","","","",""
"SKU-1438-2803","1438","2803","อัมพวา กะทิ ขวด 250มล (อัมพวา กะทิ ขวด 250มล	หีบx4แพค6)","U00001866","18850161166157","U00001866","","","","","","",""
"SKU-1439-2804","1439","2804","โคโคแม็ก น้ำมะพร้าว100% 350มล (โคโคแม็ก น้ำมะพร้าว100% 350มล แพค6)","-","-","-","","","","","","",""
"SKU-1439-2805","1439","2805","โคโคแม็ก น้ำมะพร้าว100% 350มล (โคโคแม็ก น้ำมะพร้าว100% 350มล	หีบx4แพค6)","-","-","-","","","","","","",""
"SKU-1440-2808","1440","2808","คาร์เนชั่น เอ็กซ์ตร้า ครีมเทียมพร่องไขมัน 385ก (คาร์เนชั่น เอ็กซ์ตร้า ครีมเทียมพร่องไขมัน 385ก )","U00001861","8850124070999","U00001861","","","","","","",""
"SKU-1440-2807","1440","2807","คาร์เนชั่น เอ็กซ์ตร้า ครีมเทียมพร่องไขมัน 385ก (คาร์เนชั่น เอ็กซ์ตร้า ครีมเทียมพร่องไขมัน 385ก หีบx48)","U00001861","8850124071002","U00001861","","","","","","",""
"SKU-1441-2809","1441","2809","คาร์เนชั่น นมข้นจืด ซอง1กก (คาร์เนชั่น นมข้นจืด ซอง1กก)","U00001862","8858705609415","U00001862","","","","","","",""
"SKU-1441-2810","1441","2810","คาร์เนชั่น นมข้นจืด ซอง1กก (คาร์เนชั่น นมข้นจืด ซอง1กก	หีบx20)","U00001862","18858705609429","U00001862","","","","","","",""
"SKU-1442-2811","1442","2811","โกปิโก้ มัคคิฮาโต 3อิน1 20 ก. แพค20ซ (โกปิโก้ มัคคิฮาโต 3อิน1 20 ก. แพค20ซ)","U00001852","8998666002280","U00001852","","","","","","",""
"SKU-1443-2812","1443","2812","มอลคิสท์ แครกเกอร์ ออริจินัล 14ก (มอลคิสท์ แครกเกอร์ ออริจินัล 14ก)","U00001853","8996001302286","U00001853","","","","","","",""
"SKU-1444-2813","1444","2813","นกเหยี่ยว ครีมเทียมข้นหวาน 370ก (นกเหยี่ยว ครีมเทียมข้นหวาน 370ก แพค6)","U00001854","8850188900171","U00001854","","","","","","",""
"SKU-1445-2815","1445","2815","นกเหยี่ยว ครีมเทียมข้นหวานพร่องไขมัน ถุง 2กก (นกเหยี่ยว ครีมเทียมข้นหวานพร่องไขมัน ถุง 2กก)","U00001855","8850188801683","U00001855","","","","","","",""
"SKU-1445-2814","1445","2814","นกเหยี่ยว ครีมเทียมข้นหวานพร่องไขมัน ถุง 2กก (นกเหยี่ยว ครีมเทียมข้นหวานพร่องไขมัน ถุง 2กก หีบx8)","U00001855","18850188801680","U00001855","","","","","","",""
"SKU-1446-2817","1446","2817","คาร์เนชัน นมข้นจืด กป 405 ก (คาร์เนชัน นมข้นจืด 405 ก)","U00001869","8850124018205","U00001869","","","","","","",""
"SKU-1446-3805","1446","3805","คาร์เนชัน นมข้นจืด กป 405 ก (คาร์เนชัน นมข้นจืด 405 ก. แพคx6)","U00001869","-","U00001869","","","","","","",""
"SKU-1446-2816","1446","2816","คาร์เนชัน นมข้นจืด กป 405 ก (คาร์เนชัน นมข้นจืด กป 405 ก หีบx48)","U00001869","8850124018212","U00001869","","","","","","",""
"SKU-1447-2818","1447","2818","นกเหยี่ยว นมข้นจืด กล่อง1ลิตร (นกเหยี่ยว นมข้นจืด กล่อง1ลิตร)","U00001856","8850188800198","U00001856","","","","","","",""
"SKU-1447-2819","1447","2819","นกเหยี่ยว นมข้นจืด กล่อง1ลิตร (นกเหยี่ยว นมข้นจืด กล่อง1ลิตร	หีบx12)","U00001856","18850188800195","U00001856","","","","","","",""
"SKU-1448-2820","1448","2820","นกเหยี่ยว นมข้นจืด 375ก (นกเหยี่ยว นมข้นจืด 375ก แพค6)","U00001857","8850188900188","U00001857","","","","","","",""
"SKU-1448-2821","1448","2821","นกเหยี่ยว นมข้นจืด 375ก (นกเหยี่ยว นมข้นจืด 375ก หีบx48)","U00001857","48850188800189","U00001857","","","","","","",""
"SKU-1449-2822","1449","2822","นกเหยี่ยว เอ็กซ์ตร้า ครีมเทียมพร่องไขมัน กล่อง1ล (นกเหยี่ยว เอ็กซ์ตร้า ครีมเทียมพร่องไขมัน กล่อง1ล)","U00001858","8850188804547","U00001858","","","","","","",""
"SKU-1449-2823","1449","2823","นกเหยี่ยว เอ็กซ์ตร้า ครีมเทียมพร่องไขมัน กล่อง1ล (นกเหยี่ยว เอ็กซ์ตร้า ครีมเทียมพร่องไขมัน กล่อง1ล	หีบx12)","U00001858","18850188804544","U00001858","","","","","","",""
"SKU-1450-2825","1450","2825","นกเหยี่ยว นมตีฟอง 1ลิตร (นกเหยี่ยว นมตีฟอง 1ลิตร)","U00001859","8850188803106","U00001859","","","","","","",""
"SKU-1450-2824","1450","2824","นกเหยี่ยว นมตีฟอง 1ลิตร (นกเหยี่ยว นมตีฟอง 1ลิตร หีบx12)","U00001859","48850188803104","U00001859","","","","","","",""
"SKU-1451-2826","1451","2826","โสมอินซัม เครื่องดื่มชูกำลัง 100 มล (โสมอินซัม เครื่องดื่มชูกำลัง 100 มล แพค10)","U00001873","-","U00001873","","","","","","",""
"SKU-1451-2827","1451","2827","โสมอินซัม เครื่องดื่มชูกำลัง 100 มล (โสมอินซัม เครื่องดื่มชูกำลัง 100 มล	หีบx5แพค10)","U00001873","-","U00001873","","","","","","",""
"SKU-1452-2828","1452","2828","ทิวลี่ ทวินจัมโบ้ ไส้ครีมชอคโกแลต 35ก x12 (ทิวลี่ ทวินจัมโบ้ ไส้ครีมชอคโกแลต 35ก x12)","U00001870","8850309207042","U00001870","","","","","","",""
"SKU-1453-2829","1453","2829","ทิวลี่ ทวินจัมโบ้ ไส้ครีมสตรอ 35ก x12 (ทิวลี่ ทวินจัมโบ้ ไส้ครีมสตรอ 35ก x12)","U00001871","8850309215962","U00001871","","","","","","",""
"SKU-1454-2830","1454","2830","ทิวลี่ ทวินจัมโบ้ ไส้ครีมวานิลา 35 ก x12  (ทิวลี่ ทวินจัมโบ้ ไส้ครีมวานิลา 35 ก x12 )","U00001872","8850309207646","U00001872","","","","","","",""
"SKU-1455-2831","1455","2831","ทิวลี่ ทวินจัมโบ้ ไส้ครีมนม 35 ก x12  (ทิวลี่ ทวินจัมโบ้ ไส้ครีมนม 35 ก x12 )","U00001874","8850309212251","U00001874","","","","","","",""
"SKU-1456-2832","1456","2832","มามี่โพโค แฮปปี้แพ้นท์ L 62ชิ้น  (มามี่โพโค แฮปปี้แพ้นท์ L 62ชิ้น )","U00001879","8851111419425","U00001879","","","","","","",""
"SKU-1456-2833","1456","2833","มามี่โพโค แฮปปี้แพ้นท์ L 62ชิ้น  (มามี่โพโค แฮปปี้แพ้นท์ L 62ชิ้น หีบx4)","U00001879","48851111419423","U00001879","","","","","","",""
"SKU-1457-2834","1457","2834","มามี่โพโค แฮปปี้แพ้นท์ XL54ชิ้น  (มามี่โพโค แฮปปี้แพ้นท์ XL54ชิ้น )","U00001880","8851111420384","U00001880","","","","","","",""
"SKU-1457-2835","1457","2835","มามี่โพโค แฮปปี้แพ้นท์ XL54ชิ้น  (มามี่โพโค แฮปปี้แพ้นท์ XL54ชิ้น 	หีบx4)","U00001880","48851111420382","U00001880","","","","","","",""
"SKU-1458-2836","1458","2836","รสดี ซุปก้อนรสหมู 20ก แพค24 (รสดี ซุปก้อนรสหมู 20ก แพค24)","U00001887","8850250009658","U00001887","","","","","","",""
"SKU-1459-2837","1459","2837","ดาวน์นี่ ปรับ หอมช่อดอกไม้อันแสนสดชื่น 450 มล ฟ้า P2+1 (ดาวน์นี่ ปรับ หอมช่อดอกไม้อันแสนสดชื่น 450 มล ฟ้า P2+1)","U00001881","4987176077004","U00001881","","","","","","",""
"SKU-1460-2838","1460","2838","ดาวน์นี่ ปรับ หอมสดชื่นยามเช้าซันไรส์เฟรช 450 มล ฟ้า P2+1 (ดาวน์นี่ ปรับ หอมสดชื่นยามเช้าซันไรส์เฟรช 450 มล ฟ้า P2+1)","U00001882","4987176060792","U00001882","","","","","","",""
"SKU-1461-2839","1461","2839","ดาวน์นี่ ปรับ ดอกไม้บานสะพรั่ง 450 มล ชมพูอ่อน P2+1 (ดาวน์นี่ ปรับ ดอกไม้บานสะพรั่ง 450 มล ชมพูอ่อน P2+1)","U00001883","4987176132567","U00001883","","","","","","",""
"SKU-1462-2840","1462","2840","ดาวน์นี่ ปรับ หอมช่อดอกไม้แสนน่ารัก450 มล ชมพู P2+1 (ดาวน์นี่ ปรับ หอมช่อดอกไม้แสนน่ารัก450 มล ชมพู P2+1)","U00001884","4987176076984","U00001884","","","","","","",""
"SKU-1463-2841","1463","2841","ดาวน์นี่ ปรับ แพชชั่น 450 มล แดง P2+1 (ดาวน์นี่ ปรับ แพชชั่น 450 มล แดง P2+1)","U00001885","4987176077028","U00001885","","","","","","",""
"SKU-1464-2842","1464","2842","ดาวน์นี่ ปรับ มิสทิค 450 มล ม่วง P2+1 (ดาวน์นี่ ปรับ มิสทิค 450 มล ม่วง P2+1)","U00001886","4987176077011","U00001886","","","","","","",""
"SKU-1465-2843","1465","2843","เภสัช แป้งเย็น มาดาม 300ก ชมพู แพคคู่ (เภสัช แป้งเย็น มาดาม 300ก ชมพู แพคคู่)","U00001875","8850233660012","U00001875","","","","","","",""
"SKU-1466-2844","1466","2844","เภสัช แป้งเย็น ปริ๊นเซส 100ก เขียว (เภสัช แป้งเย็น ปริ๊นเซส 100ก เขียว แพค6)","U00001876","8850233880205","U00001876","","","","","","",""
"SKU-1467-2845","1467","2845","เภสัช แป้งเย็น ปริ๊นเซส 200ก เขียว (เภสัช แป้งเย็น ปริ๊นเซส 200ก เขียว แพค6)","U00001877","8850233880212","U00001877","","","","","","",""
"SKU-1468-2846","1468","2846","เภสัช แป้งเย็น ปริ๊นเซส 300ก เขียว (เภสัช แป้งเย็น ปริ๊นเซส 300ก เขียว แพคคู่)","U00001878","8850233660029","U00001878","","","","","","",""
"SKU-1469-2847","1469","2847","ไฮยีน เอ็กเพิร์ทแคร์ 470มล เฟิร์สสโนว์ ฟ้า  (ไฮยีน เอ็กเพิร์ทแคร์ 470มล เฟิร์สสโนว์ ฟ้า )","U00001892","8850092279608","U00001892","","","","","","",""
"SKU-1469-3976","1469","3976","ไฮยีน เอ็กเพิร์ทแคร์ 470มล เฟิร์สสโนว์ ฟ้า  (ไฮยีน เอ็กเพิร์ทแคร์ 470มล เฟิร์สสโนว์ ฟ้า )","U00001892","-","U00001892","","","","","","",""
"SKU-1470-2848","1470","2848","มอคโคน่า ทรีโอ เอสเปรสโซ่ 15.8ก 100ซ (มอคโคน่า ทรีโอ เอสเปรสโซ่ 15.8ก 100ซ)","U00001891","8851753098613","U00001891","","","","","","",""
"SKU-1471-2849","1471","2849","มอคโคน่า กาแฟ3in1 เอสเปรสโซ่ 15.8ก 27ซ เขียว (มอคโคน่า กาแฟ3in1 เอสเปรสโซ่ 15.8ก 27ซ เขียว)","U00001888","8851753098798","U00001888","","","","","","",""
"SKU-1472-2850","1472","2850","มอคโคน่า กาแฟ3in1 น้ำตาลน้อย 12 ก 27ซ ม่วง (มอคโคน่า กาแฟ3in1 น้ำตาลน้อย 12 ก 27ซ ม่วง)","U00001889","8851753090204","U00001889","","","","","","",""
"SKU-1473-2851","1473","2851","มอคโคน่า ทรีโอโกลด์ ดับเบิ้ลเอสเปรสโซ่ 12ก 20ซ (มอคโคน่า ทรีโอโกลด์ ดับเบิ้ลเอสเปรสโซ่ 12ก 20ซ)","U00001890","8851753090082","U00001890","","","","","","",""
"SKU-1474-2852","1474","2852","โออิชิ 10บ ชาเขียว น้ำผึ้ง.มะนาว 280 มล (โออิชิ ชาเขียว น้ำผึ้งผสมมะนาว 280 มล หีบx24)","U00001893","8854698017473","U00001893","","","","","","",""
"SKU-1475-2853","1475","2853","โออิชิ 10บ ชาเขียว องุ่นเคียวโฮ 280 มล (โออิชิ ชาเขียว องุ่นเคียวโฮ 280 มล หีบx24)","U00001894","8854698018821","U00001894","","","","","","",""
"SKU-1486-2862","1486","2862","ซูกัส แท่งรวมรส 30กx36แทง (ซูกัส แท่งรวมรส 30กx36แท่ง)","U00001895","8851929007326","U00001895","","","","","","",""
"SKU-1487-2863","1487","2863","มายมินท์ ลูกอมสอดไส้ช็อกโกแลต 100เม็ด (มายมินท์ ลูกอมสอดไส้ช็อกโกแลต 100เม็ด)","U00001896","-","U00001896","","","","","","",""
"SKU-1488-2864","1488","2864","ไดนาไมท์ ลูกอมสอดไส้ช็อคมิ้นต์ 50เม็ด แพค2ถุง (ไดนาไมท์ ลูกอมสอดไส้ช็อคมิ้นต์ 50เม็ด แพค2ถุง)","U00001899","-","U00001899","","","","","","",""
"SKU-1489-2865","1489","2865","ลัช ลูกอมสอดไส้ช็อคโกแลต 50เม็ด แพค2ถุง (ลัช ลูกอมสอดไส้ช็อคโกแลต 50เม็ด แพค2ถุง)","U00001900","-","U00001900","","","","","","",""
"SKU-1491-2866","1491","2866","โกปิโก้ ลูกอมกาแฟ 100เม็ด (โกปิโก้ ลูกอมกาแฟ 100เม็ด)","U00001897","-","U00001897","","","","","","",""
"SKU-1492-2867","1492","2867","สปาย ไวน์คูลเลอร์ คลาสสิค 275มล (สปาย ไวน์คูลเลอร์ คลาสสิค 275มล หีบx24)","L00000001","28850382400006","L00000001","","","","","","",""
"SKU-1493-2868","1493","2868","สปาย ไวน์คูลเลอร์ เรด 275มล (สปาย ไวน์คูลเลอร์ เรด 275มล หีบx24)","L00000002","28850382500003","L00000002","","","","","","",""
"SKU-1494-2869","1494","2869","สปาย ไวน์คูลเลอร์ ไวท์ 275มล (สปาย ไวน์คูลเลอร์ ไวท์ 275มล หีบx24)","L00000003","28850382600000","L00000003","","","","","","",""
"SKU-1495-2870","1495","2870","สปาย ไวน์ บัตเตอร์ฟลายคิส 275มล (สปาย ไวน์ บัตเตอร์ฟลายคิส 275มล หีบx24)","L00000004","18850382001213","L00000004","","","","","","",""
"SKU-1496-2871","1496","2871","รสดี ผงปรุงรส หมู 800ก  (รสดี ผงปรุงรส หมู 800ก ถุง)","U00001901","8850250010968","U00001901","","","","","","",""
"SKU-1496-2872","1496","2872","รสดี ผงปรุงรส หมู 800ก  (รสดี ผงปรุงรส หมู 800ก  หีบx10)","U00001901","88502500110572","U00001901","","","","","","",""
"SKU-1497-2873","1497","2873","โกปิโก้ ลูกอมคาปูชิโน่ 100เม็ด (โกปิโก้ ลูกอมคาปูชิโน่ 100เม็ด)","U00001898","8850580300142","U00001898","","","","","","",""
"SKU-1498-2874","1498","2874","ดาวน์นี่ ปรับผ้านุ่ม มิสทิค ม่วง 100มล P6+1 (ดาวน์นี่ ปรับผ้านุ่ม มิสทิค ม่วง 100มล P6+1)","U00001918","4987176037152","U00001918","","","","","","",""
"SKU-1499-2875","1499","2875","ดาวน์นี่ ปรับผ้านุ่ม สวนดอกไม้ผลิ ชมพู 100มล P6+1 (ดาวน์นี่ ปรับผ้านุ่ม สวนดอกไม้ผลิ ชมพู 100มล P6+1)","U00001919","4987176087836","U00001919","","","","","","",""
"SKU-1500-2876","1500","2876","โคโดโม แป้งเด็ก 350ก เนเชอรัลซอฟ ส้ม แพค2+1 (โคโดโม แป้งเด็ก 350ก เนเชอรัลซอฟ ส้ม แพค2+1)","U00001931","-","U00001931","","","","","","",""
"SKU-1605-3040","1605","3040","ภูเขาทอง ซอสปรุงรส ฝาเขียว 600 มล (ภูเขาทอง ซอสปรุงรส ฝาเขียว 600 มล)","U00001924","8851954100689","U00001924","","","","","","",""
"SKU-1605-3039","1605","3039","ภูเขาทอง ซอสปรุงรส ฝาเขียว 600 มล (ภูเขาทอง ซอสปรุงรส ฝาเขียว 600 มล หีบx12)","U00001924","48851954100687","U00001924","","","","","","",""
"SKU-1606-3041","1606","3041","คุมะ ทิชชูเช็ดหน้า 230แผ่น	แพค4 (คุมะ ทิชชูเช็ดหน้า 230แผ่น แพค4)","U00001925","8859311599299","U00001925","","","","","","",""
"SKU-1606-3042","1606","3042","คุมะ ทิชชูเช็ดหน้า 230แผ่น	แพค4 (คุมะ ทิชชูเช็ดหน้า 230แผ่น	หีบx10แพค4)","U00001925","8859311599428","U00001925","","","","","","",""
"SKU-1607-3043","1607","3043","คุมะ ทิชชูเช็ดหน้า 168แผ่น	แพค5 (คุมะ ทิชชูเช็ดหน้า 168แผ่น	แพค5)","U00001926","-","U00001926","","","","","","",""
"SKU-1607-3044","1607","3044","คุมะ ทิชชูเช็ดหน้า 168แผ่น	แพค5 (คุมะ ทิชชูเช็ดหน้า 168แผ่น	หีบx10แพค5)","U00001926","-","U00001926","","","","","","",""
"SKU-1608-3054","1608","3054","โคโดโม แป้งเด็ก 50ก ชมพู เจนเทิลซอฟท์ (โคโดโม แป้งเด็ก 50ก ชมพู เจนเทิลซอฟท์)","U00001927","8850002904071","U00001927","","","","","","",""
"SKU-1608-3055","1608","3055","โคโดโม แป้งเด็ก 50ก ชมพู เจนเทิลซอฟท์ (โคโดโม แป้งเด็ก 50ก ชมพู เจนเทิลซอฟท์	หีบx6แพค12)","U00001927","8850002006597","U00001927","","","","","","",""
"SKU-1609-3056","1609","3056","โคโดโม แป้งเด็ก 50ก ฟ้า เอ็กซ์ตร้ามายด์ (โคโดโม แป้งเด็ก 50ก ฟ้า เอ็กซ์ตร้ามายด์)","U00001928","8850002902329","U00001928","","","","","","",""
"SKU-1609-3057","1609","3057","โคโดโม แป้งเด็ก 50ก ฟ้า เอ็กซ์ตร้ามายด์ (โคโดโม แป้งเด็ก 50ก ฟ้า เอ็กซ์ตร้ามายด์	หีบx6แพค12)","U00001928","8850002006539","U00001928","","","","","","",""
"SKU-1610-3058","1610","3058","โคโดโม แป้งเด็ก 50ก ส้ม เนเชอรัลซอฟ (โคโดโม แป้งเด็ก 50ก ส้ม เนเชอรัลซอฟ)","U00001929","8850002014596","U00001929","","","","","","",""
"SKU-1610-3059","1610","3059","โคโดโม แป้งเด็ก 50ก ส้ม เนเชอรัลซอฟ (โคโดโม แป้งเด็ก 50ก ส้ม เนเชอรัลซอฟ	หีบx6แพค12)","U00001929","8850002014589","U00001929","","","","","","",""
"SKU-1611-3060","1611","3060","โคโดโม แป้งเด็ก 50ก เขียว ออแกนิค (โคโดโม แป้งเด็ก 50ก เขียว ออแกนิค)","U00001930","8850002039803","U00001930","","","","","","",""
"SKU-1611-3061","1611","3061","โคโดโม แป้งเด็ก 50ก เขียว ออแกนิค (โคโดโม แป้งเด็ก 50ก เขียว ออแกนิค	หีบx6แพค12)","U00001930","18850002039794","U00001930","","","","","","",""
"SKU-1612-3062","1612","3062","ฉั่วฮะเส็ง พริกเผา 900ก (ฉั่วฮะเส็ง พริกเผา 900ก)","U00001920","8852391010524","U00001920","","","","","","",""
"SKU-1612-3063","1612","3063","ฉั่วฮะเส็ง พริกเผา 900ก (ฉั่วฮะเส็ง พริกเผา 900ก	หีบx12)","U00001920","18852391010033","U00001920","","","","","","",""
"SKU-1613-3064","1613","3064","ฉั่วฮะเส็ง น้ำมันพริกเผา 720 มล (ฉั่วฮะเส็ง น้ำมันพริกเผา 720 มล)","U00001921","8852391020011","U00001921","","","","","","",""
"SKU-1613-3065","1613","3065","ฉั่วฮะเส็ง น้ำมันพริกเผา 720 มล (ฉั่วฮะเส็ง น้ำมันพริกเผา 720 มล	หีบx12)","U00001921","18852391020018","U00001921","","","","","","",""
"SKU-1614-3066","1614","3066","เมกาเชฟ น้ำปลาแท้ 200มล (เมกาเชฟ น้ำปลาแท้ 200มล)","U00001922","8857118730020","U00001922","","","","","","",""
"SKU-1614-3067","1614","3067","เมกาเชฟ น้ำปลาแท้ 200มล (เมกาเชฟ น้ำปลาแท้ 200มล	หีบx12)","U00001922","18857118730836","U00001922","","","","","","",""
"SKU-1615-3068","1615","3068","เมกาเชฟ น้ำปลาแท้ 500มล (เมกาเชฟ น้ำปลาแท้ 500มล)","U00001923","8857118730037","U00001923","","","","","","",""
"SKU-1615-3069","1615","3069","เมกาเชฟ น้ำปลาแท้ 500มล (เมกาเชฟ น้ำปลาแท้ 500มล	หีบx12)","U00001923","18857118730034","U00001923","","","","","","",""
"SKU-1616-3070","1616","3070","ไลปอนเอฟ เอ็กซ์ตร้า ไฮจีนิค ล้างจาน 500 มล (ไลปอนเอฟ เอ็กซ์ตร้า ไฮจีนิค ล้างจาน 500 มล)","U00001932","8850002042636","U00001932","","","","","","",""
"SKU-1618-3071","1618","3071","ปีโป้ เยลลี่ 30ถ้วย (ปีโป้ เยลลี่ 30ถ้วย)","U00001946","-","U00001946","","","","","","",""
"SKU-1619-3072","1619","3072","ซูโม่ มินิคุกกี้ไส้ครีม 28 ก. x 12 (ซูโม่ มินิคุกกี้ไส้ครีม 28 ก.แพค12)","U00001939","8858279002285","U00001939","","","","","","",""
"SKU-1619-3073","1619","3073","ซูโม่ มินิคุกกี้ไส้ครีม 28 ก. x 12 (ซูโม่ มินิคุกกี้ไส้ครีม 28 ก.  หีบx12แพค12)","U00001939","18858279002275","U00001939","","","","","","",""
"SKU-1620-3075","1620","3075","วอยซ์ วาฟเฟิลครันช์ ช็อกโกคริสปี้ 21 ก. x 12 (วอยซ์ วาฟเฟิลครันช์ ช็อกโกคริสปี้ 21 ก. หีบx12แพค12)","U00001941","8858279001032","U00001941","","","","","","",""
"SKU-1620-3074","1620","3074","วอยซ์ วาฟเฟิลครันช์ ช็อกโกคริสปี้ 21 ก. x 12 (วอยซ์ วาฟเฟิลครันช์ ช็อกโกคริสปี้ 21 ก. x 12)","U00001941","8858279001035","U00001941","","","","","","",""
"SKU-1621-3076","1621","3076","มอลคิสท์ แครกเกอร์ สาหร่าย 28ก แพค12 (มอลคิสท์ แครกเกอร์ สาหร่าย 28ก แพค12)","U00001947","8996001305867","U00001947","","","","","","",""
"SKU-1621-3079","1621","3079","มอลคิสท์ แครกเกอร์ สาหร่าย 28ก แพค12 (มอลคิสท์ แครกเกอร์ สาหร่าย 28ก	หีบx12แพค12)","U00001947","18996001305864","U00001947","","","","","","",""
"SKU-1622-3077","1622","3077","ซุปเปอร์สตาร์ ทวินเวเฟอร์  25ก แพค12 (ซุปเปอร์สตาร์ ทวินเวเฟอร์  25ก แพค12)","U00001945","8996001350898","U00001945","","","","","","",""
"SKU-1622-3078","1622","3078","ซุปเปอร์สตาร์ ทวินเวเฟอร์  25ก แพค12 (ซุปเปอร์สตาร์ ทวินเวเฟอร์  25ก หีบx12แพค12)","U00001945","18996001350895","U00001945","","","","","","",""
"SKU-1623-3080","1623","3080","อิชิตัน ชาเขียว 280 มล. สตรอเลมอนเนด หีบx24 (อิชิตัน ชาเขียว 280 มล. สตรอเลมอนเนด หีบx24)","U00001948","8858891308833","U00001948","","","","","","",""
"SKU-1624-3081","1624","3081","เลย์ คลาสสิค รสมะนาวพริก 44ก (เลย์ คลาสสิค รสมะนาวพริก 44ก แพค6)","U00001951","8850718717187","U00001951","","","","","","",""
"SKU-1624-3082","1624","3082","เลย์ คลาสสิค รสมะนาวพริก 44ก (เลย์ คลาสสิค รสมะนาวพริก 44ก	หีบx8 แพค6)","U00001951","8850718927425","U00001951","","","","","","",""
"SKU-1625-3083","1625","3083","ดาวน์นี่ ปรับผ้านุ่ม แพชชั่น แดง 100มล P6+1 (ดาวน์นี่ ปรับผ้านุ่ม แพชชั่น แดง 100มล P6+1)","U00001952","4987176087829","U00001952","","","","","","",""
"SKU-1626-3084","1626","3084","ดาวน์นี่ ปรับผ้านุ่ม ซันไรซ์เฟรช ฟ้า 100มล P6+1 (ดาวน์นี่ ปรับผ้านุ่ม ซันไรซ์เฟรช ฟ้า 100มล P6+1)","U00001953","4987176037169","U00001953","","","","","","",""
"SKU-1627-3085","1627","3085","ดาวน์นี่ ปรับ ซันไรซ์เฟรช ฟ้า 20มล แพค24 (ดาวน์นี่ ปรับ ซันไรซ์เฟรช ฟ้า 20มล แพค24)","U00001954","4987176130792","U00001954","","","","","","",""
"SKU-1628-3086","1628","3086","ดาวน์นี่ ปรับ แพชชั่น แดง 20มล แพค24 (ดาวน์นี่ ปรับ แพชชั่น แดง 20มล แพค24)","U00001955","4987176130785","U00001955","","","","","","",""
"SKU-1629-3087","1629","3087","ดาวน์นี่ ปรับ หอมช่อดอกไม้แสนน่ารัก ชมพูเข้ม 20มล แพค24 (ดาวน์นี่ ปรับ หอมช่อดอกไม้แสนน่ารัก ชมพูเข้ม 20มล แพค24)","U00001956","4987176130723","U00001956","","","","","","",""
"SKU-1630-3088","1630","3088","ดาวน์นี่ ปรับ ดอกไม้แสนสดชื่น ฟ้า 20มล แพค24 (ดาวน์นี่ ปรับ ดอกไม้แสนสดชื่น ฟ้า 20มล แพค24)","U00001957","4987176130754","U00001957","","","","","","",""
"SKU-1631-3089","1631","3089","ดาวน์นี่ ปรับ มิสทิค ม่วง 20มล แพค24 (ดาวน์นี่ ปรับ มิสทิค ม่วง 20มล แพค24)","U00001958","4987176130778","U00001958","","","","","","",""
"SKU-1632-3090","1632","3090","ดาวน์นี่ ปรับ ดอกไม้บานสะพรั่ง 20มล ชมพูอ่อน แพค24 (ดาวน์นี่ ปรับ ดอกไม้บานสะพรั่ง 20มล ชมพูอ่อน แพค24)","U00001959","4987176174086","U00001959","","","","","","",""
"SKU-1633-3091","1633","3091","ดาวน์นี่ ปรับ ละมุนดอกคอตตอน 20มล ขาวฟ้า แพค24 (ดาวน์นี่ ปรับ ละมุนดอกคอตตอน 20มล ขาวฟ้า แพค24)","U00001960","4987176260178","U00001960","","","","","","",""
"SKU-1634-3092","1634","3092","ดาวน์นี่ ปรับ สวนดอกไม้ผลิการ์เด้นบลูม ชมพู 20มล แพค24 (ดาวน์นี่ ปรับ สวนดอกไม้ผลิการ์เด้นบลูม ชมพู 20มล แพค24)","U00001961","4987176130747","U00001961","","","","","","",""
"SKU-1635-3093","1635","3093","ดาวน์นี่ ปรับ สวนดอกไม้ผลิการ์เด้นบลูม 450 มล ชมพู P2+1 (ดาวน์นี่ ปรับ สวนดอกไม้ผลิการ์เด้นบลูม 450 มล ชมพู P2+1)","U00001949","4987176060846","U00001949","","","","","","",""
"SKU-1636-3094","1636","3094","ดาวน์นี่ ปรับ ดอกไม้และลูกพีช 450 มล ฟ้าชมพู P2+1 (ดาวน์นี่ ปรับ ดอกไม้และลูกพีช 450 มล ฟ้าชมพู P2+1)","U00001950","4987176209009","U00001950","","","","","","",""
"SKU-1637-3097","1637","3097","ไวโอเลต เวเฟอร์ 27ก สตรอเบอรี่	แพค12 (ไวโอเลต เวเฟอร์ 27ก สตรอเบอรี่	แพค12)","U00001902","-","U00001902","","","","","","",""
"SKU-1638-3098","1638","3098","ไวโอเลต เวเฟอร์ 27ก มะพร้าว	แพค12 (ไวโอเลต เวเฟอร์ 27ก มะพร้าว	แพค12)","U00001903","-","U00001903","","","","","","",""
"SKU-1640-3099","1640","3099","ไวโอเลต เวเฟอร์ 27ก ส้ม	แพค12 (ไวโอเลต เวเฟอร์ 27ก ส้ม	แพค12)","U00001904","8850332413014","U00001904","","","","","","",""
"SKU-1641-3100","1641","3100","ไวโอเลต เวเฟอร์ 27ก นม	แพค12 (ไวโอเลต เวเฟอร์ 27ก นม	แพค12)","U00001905","8850332223217","U00001905","","","","","","",""
"SKU-1642-3101","1642","3101","ไวโอเลต เวเฟอร์ 27ก โกโก้	แพค12 (ไวโอเลต เวเฟอร์ 27ก โกโก้	แพค12)","U00001906","-","U00001906","","","","","","",""
"SKU-1642-3102","1642","3102","ไวโอเลต เวเฟอร์ 27ก โกโก้	แพค12 (ไวโอเลต เวเฟอร์ 27ก โกโก้	หีบx12แพค12)","U00001906","-","U00001906","","","","","","",""
"SKU-1643-3106","1643","3106","คุกกี้ ชอยส์ บัตเตอร์+ช็อคชิพ 20ก (คุกกี้ชอยส์ บัตเตอร์+ช็อคชิพ 20ก แพค12)","U00001907","8850332254440","U00001907","","","","","","",""
"SKU-1643-3334","1643","3334","คุกกี้ ชอยส์ บัตเตอร์+ช็อคชิพ 20ก (คุกกี้ชอยส์ บัตเตอร์+ช็อคชิพ 20ก หีบx12แพค12)","U00001907","-","U00001907","","","","","","",""
"SKU-1644-3107","1644","3107","คุกกี้ ชอยส์ ช็อคโกแลต+ช็อคชิฟ 20ก (คุกกี้ชอยส์ ช็อคโกแลต+ช็อคชิฟ 20ก แพค12)","U00001909","8850332254426","U00001909","","","","","","",""
"SKU-1644-3335","1644","3335","คุกกี้ ชอยส์ ช็อคโกแลต+ช็อคชิฟ 20ก (คุกกี้ชอยส์ ช็อคโกแลต+ช็อคชิฟ 20ก หีบx12แพค12)","U00001909","-","U00001909","","","","","","",""
"SKU-1645-3108","1645","3108","คุกกี้ ชอยส์ บัตเตอร์+แครนเบอรี่ 20ก (คุกกี้ชอยส์ บัตเตอร์+แครนเบอรี่ 20ก แพค12)","U00001908","8850332254464","U00001908","","","","","","",""
"SKU-1645-3336","1645","3336","คุกกี้ ชอยส์ บัตเตอร์+แครนเบอรี่ 20ก (คุกกี้ ชอยส์ บัตเตอร์+แครนเบอรี่ 20ก หีบx12p)","U00001908","-","U00001908","","","","","","",""
"SKU-1646-3109","1646","3109","ไวโอเลต แครกเกอร์นมข้นหวาน 27ก (ไวโอเลต แครกเกอร์นมข้นหวาน 27ก แพค12)","U00001913","8850332241051","U00001913","","","","","","",""
"SKU-1647-3110","1647","3110","ไวโอเลต แครกเกอร์ช็อคโกแลต 27ก (ไวโอเลต แครกเกอร์ช็อคโกแลต 27ก แพค12)","U00001914","8850332241075","U00001914","","","","","","",""
"SKU-1648-3111","1648","3111","ไวโอเลต สอดไส้สัปปะรดกวน 32ก (ไวโอเลต สอดไส้สัปปะรดกวน 32ก แพค12)","U00001915","8850332247664","U00001915","","","","","","",""
"SKU-1648-3330","1648","3330","ไวโอเลต สอดไส้สัปปะรดกวน 32ก (ไวโอเลต สอดไส้สัปปะรดกวน 32ก หีบx12แพค)","U00001915","18850332247654","U00001915","","","","","","",""
"SKU-1649-3112","1649","3112","อิมพีเรียล แครกเกอร์ผสมมะพร้าว 20ก (อิมพีเรียล แคกเกอร์ผสมมะพร้าว 20ก แพค12)","U00001916","8850332242010","U00001916","","","","","","",""
"SKU-1649-3332","1649","3332","อิมพีเรียล แครกเกอร์ผสมมะพร้าว 20ก (อิมพีเรียล แคกเกอร์ผสมมะพร้าว 20ก หีบx12แพค12)","U00001916","-","U00001916","","","","","","",""
"SKU-1650-3113","1650","3113","อิมพีเรียล แครกเกอร์ผสมงา 20ก (อิมพีเรียล แคกเกอร์ผสมงา 20ก แพค12)","U00001917","8850332242034","U00001917","","","","","","",""
"SKU-1650-3333","1650","3333","อิมพีเรียล แครกเกอร์ผสมงา 20ก (อิมพีเรียล แคกเกอร์ผสมงา 20ก หีบx12แพค)","U00001917","-","U00001917","","","","","","",""
"SKU-1651-3129","1651","3129","อิมพีเรียล บัตเตอร์เพรทเซลคุกกี้ 20ก (อิมพีเรียล บัตเตอร์เพรทเซลคุกกี้ 20ก แพค12)","U00001940","8850332342048","U00001940","","","","","","",""
"SKU-1651-3328","1651","3328","อิมพีเรียล บัตเตอร์เพรทเซลคุกกี้ 20ก (อิมพีเรียล บัตเตอร์เพรทเซลคุกกี้ 20ก หีบx12แพค12)","U00001940","-","U00001940","","","","","","",""
"SKU-1652-3131","1652","3131","อิมพีเรียล บัตเตอร์ชิพคุกกี้โกลด์ 20ก	แพค12 (อิมพีเรียล บัตเตอร์ชิพคุกกี้โกลด์ 20ก	แพค12)","U00001910","8850332250862","U00001910","","","","","","",""
"SKU-1652-3326","1652","3326","อิมพีเรียล บัตเตอร์ชิพคุกกี้โกลด์ 20ก	แพค12 (อิมพีเรียล บัตเตอร์ชิพคุกกี้โกลด์ 20ก หีบx12แพค12)","U00001910","-","U00001910","","","","","","",""
"SKU-1653-3132","1653","3132","อิมพีเรียล แมคคาเดเมียคุกกี้โกลด์ 20ก	แพค12 (อิมพีเรียล แมคคาเดเมียคุกกี้โกลด์ 20ก	แพค12)","U00001911","8850332250879","U00001911","","","","","","",""
"SKU-1653-3327","1653","3327","อิมพีเรียล แมคคาเดเมียคุกกี้โกลด์ 20ก	แพค12 (อิมพีเรียล แมคคาเดเมียคุกกี้โกลด์ 20ก	หีบx12แพค12)","U00001911","-","U00001911","","","","","","",""
"SKU-1654-3133","1654","3133","อิมพีเรียล ช็อคโกแลตชิพคุกกี้โกลด์ 20ก	แพค12 (อิมพีเรียล ช็อคโกแลตชิพคุกกี้โกลด์ 20ก แพค12)","U00001912","8850332250855","U00001912","","","","","","",""
"SKU-1654-3329","1654","3329","อิมพีเรียล ช็อคโกแลตชิพคุกกี้โกลด์ 20ก	แพค12 (อิมพีเรียล ช็อคโกแลตชิพคุกกี้โกลด์ 20ก หีบx12แพค)","U00001912","-","U00001912","","","","","","",""
"SKU-1655-3134","1655","3134","โออิชิ ชาเขียว ไอซ์เลมอน 370 มล  (โออิชิ ชาเขียว ไอซ์เลมอน 370 มล หีบx24)","U00001962","8854698017602","U00001962","","","","","","",""
"SKU-1656-3135","1656","3135","โออิชิ ชาเขียว เคียวโฮพลัสซี 370 มล  (โออิชิ ชาเขียว เคียวโฮพลัสซี 370 มล หีบx24)","U00001834","8854698014274","U00001834","","","","","","",""
"SKU-1657-3136","1657","3136","โออิชิ ชาเขียว ข้าวญี่ปุ่น 370 มล  (โออิชิ ชาเขียว ข้าวญี่ปุ่น 370 มล หีบx24)","U00001835","8854698014519","U00001835","","","","","","",""
"SKU-1658-3137","1658","3137","โออิชิ ชาเขียว แตงโม 370 มล	 (โออิชิ ชาเขียว แตงโม 370 มล	หีบx24)","U00001836","8854698015585","U00001836","","","","","","",""
"SKU-1659-3138","1659","3138","โออิชิ ชาเขียว ต้นตำรับ 370 มล	 (โออิชิ ชาเขียว ต้นตำรับ 370 มล	หีบx24)","U00001963","8854698014441","U00001963","","","","","","",""
"SKU-1660-3139","1660","3139","บอน ช็อกโกแลตพาย ไส้ครีมวานิลลา 20 ก. x12 (บอน ช็อกโกแลตพาย ไส้ครีมวานิลลา 20 ก. x12)","U00001964","8935006352544","U00001964","","","","","","",""
"SKU-1661-3140","1661","3140","บอน ช็อกโกแลตพาย ไส้มาร์ช สตรอฯ 22 ก. x 12 (บอน ช็อกโกแลตพาย ไส้มาร์ช สตรอฯ 22 ก. x 12)","U00001965","8935006355576","U00001965","","","","","","",""
"SKU-1662-3141","1662","3141","บอน โกลด์ช็อกโกแลต ไส้ครีมมาร์ชแมลโลว์ 28 ก. x 12 (บอน โกลด์ช็อกโกแลต ไส้ครีมมาร์ชแมลโลว์ 28 ก. x 12)","U00001966","-","U00001966","","","","","","",""
"SKU-1663-3142","1663","3142","เปา ซิลเวอร์นาโน 90ก x12 (เปา ซิลเวอร์นาโน 90ก x12)","U00001969","850002024786","U00001969","","","","","","",""
"SKU-1664-3143","1664","3143","เปา ซิลเวอร์นาโน ซอฟท์ ชมพู 80ก x12  (เปา ซิลเวอร์นาโน ซอฟท์ ชมพู 80ก x12 )","U00001970","8850002025271","U00001970","","","","","","",""
"SKU-1665-3144","1665","3144","เปา ซุปเปอร์ไวท์ 900ก	 (เปา ซุปเปอร์ไวท์ 900ก	)","U00001971","-","U00001971","","","","","","",""
"SKU-1665-3145","1665","3145","เปา ซุปเปอร์ไวท์ 900ก	 (เปา ซุปเปอร์ไวท์ 900ก	หีบx8)","U00001971","-","U00001971","","","","","","",""
"SKU-1666-3146","1666","3146","เปา ซิลเวอร์นาโน ผงซักฟอกเข้มข้น 800ก  (เปา ซิลเวอร์นาโน ผงซักฟอกเข้มข้น 800ก )","U00001972","8850002023062","U00001972","","","","","","",""
"SKU-1666-3147","1666","3147","เปา ซิลเวอร์นาโน ผงซักฟอกเข้มข้น 800ก  (เปา ซิลเวอร์นาโน ผงซักฟอกเข้มข้น 800ก 	หีบx12)","U00001972","-","U00001972","","","","","","",""
"SKU-1669-3148","1669","3148","กูลิโกะ คาปุลิโกะโคน ช็อค 6.5ก x12 (กูลิโกะ คาปุลิโกะโคน ช็อค 6.5ก x12	กล่อง)","U00001967","8851019001487","U00001967","","","","","","",""
"SKU-1670-3149","1670","3149","กูลิโกะ คาปุลิโกะโคน สตรอ 6.5ก x12 (กูลิโกะ คาปุลิโกะโคน สตรอ 6.5ก x12)","U00001968","8851019001500","U00001968","","","","","","",""
"SKU-1671-3150","1671","3150","ชีโตส ข้าวโพดอบกรอบ 64ก อเมริกันชีส x3 (ชีโตส ข้าวโพดอบกรอบ 64ก อเมริกันชีส x3)","U00001933","8850718707317","U00001933","","","","","","",""
"SKU-1672-3151","1672","3151","ชีโตส ข้าวโพดอบกรอบ 75ก สไปซี่บาร์บีคิว  (ชีโตส ข้าวโพดอบกรอบ 75ก สไปซี่บาร์บีคิว x3)","U00001934","8850718715886","U00001934","","","","","","",""
"SKU-1673-3152","1673","3152","ชีโตส พัฟ ชีสชี่ ชีส 66 ก x3 (ชีโตส พัฟ ชีสชี่ ชีส 66 ก x3)","U00001935","8850718715640","U00001935","","","","","","",""
"SKU-1674-3153","1674","3153","ชีโตส พัฟ ซาวครีมหัวหอม 66ก  x3 (ชีโตส พัฟ ซาวครีมหัวหอม 66ก  x3)","U00001936","-","U00001936","","","","","","",""
"SKU-1675-3154","1675","3154","ชีโตส ข้าวโพดอบกรอบ 18ก สไปซี่บาร์บีคิว แพค12 (ชีโตส ข้าวโพดอบกรอบ 18ก สไปซี่บาร์บีคิว แพค12)","U00001937","8850718715879","U00001937","","","","","","",""
"SKU-1676-3155","1676","3155","ชีโตส ข้าวโพดอบกรอบ 18ก อเมริกันชีส แพค12 (ชีโตส ข้าวโพดอบกรอบ 18ก อเมริกันชีส แพค12)","U00001938","8850718716265","U00001938","","","","","","",""
"SKU-1677-3156","1677","3156","รำทิพย์ สุราขาว40ดีกรี 330มล (รำทิพย์ สุราขาว40ดีกรี 330มล)","L00000005","-","L00000005","","","","","","",""
"SKU-1677-3157","1677","3157","รำทิพย์ สุราขาว40ดีกรี 330มล (รำทิพย์ สุราขาว40ดีกรี  330มล)","L00000005","-","L00000005","","","","","","",""
"SKU-1678-3158","1678","3158","อัมพวา กะทิ กล่อง 1000มล (อัมพวา กะทิ กล่อง 1000มล)","U00001864","8850161166051","U00001864","","","","","","",""
"SKU-1678-3159","1678","3159","อัมพวา กะทิ กล่อง 1000มล (อัมพวา กะทิ กล่อง 1000มล หีบx12)","U00001864","28850161166055","U00001864","","","","","","",""
"SKU-1679-3160","1679","3160","ลักส์ สบู่ก้อน ซอฟท์โรสชมพู 105ก แพค4 (ลักส์ สบู่ก้อน ซอฟท์โรสชมพู 105ก แพค4)","-","-","-","","","","","","",""
"SKU-1680-3161","1680","3161","ลักส์ สบู่ก้อน คามิลเลียขาว 105ก แพค4 (ลักส์ สบู่ก้อน คามิลเลียขาว 105ก แพค4)","-","-","-","","","","","","",""
"SKU-1681-3162","1681","3162","ลักส์ สบู่ก้อน ซากุระชมพูอ่อน 105ก แพค4 (ลักส์ สบู่ก้อน ซากุระชมพูอ่อน 105ก แพค4)","U00001976","8851932379045","U00001976","","","","","","",""
"SKU-1682-3163","1682","3163","ลักส์ สบู่ก้อน เมจิกสเปลล์ม่วง 105ก แพค4 (ลักส์ สบู่ก้อน เมจิกสเปลล์ม่วง 105ก แพค4)","U00001977","8851932242134","U00001977","","","","","","",""
"SKU-1683-3164","1683","3164","รสดี ซุปก๋วยเตี๋ยวน้ำข้น 350ก แพค 3 (รสดี ซุปก๋วยเตี๋ยวน้ำข้น 350ก แพค 3)","U00001973","8850250016663","U00001973","","","","","","",""
"SKU-1684-3165","1684","3165","ซันซิล แชมพู+นวด 325+300 มล ส้ม (ซันซิล แชมพู+นวด 325+300 มล ส้ม)","U00001983","8851932383448","U00001983","","","","","","",""
"SKU-1684-3412","1684","3412","ซันซิล แชมพู+นวด 325+300 มล ส้ม (ซันซิล แชมพู+นวด 325+300 มล ส้ม หีบx6)","U00001983","18851932393116","U00001983","","","","","","",""
"SKU-1685-3166","1685","3166","ซันซิล แชมพู+นวด 325+300 มล ชมพู (ซันซิล แชมพู+นวด 325+300 มล ชมพู)","U00001984","8851932383431","U00001984","","","","","","",""
"SKU-1685-3411","1685","3411","ซันซิล แชมพู+นวด 325+300 มล ชมพู (ซันซิล แชมพู+นวด 325+300 มล ชมพู หีบx6)","U00001984","18851932393109","U00001984","","","","","","",""
"SKU-1687-3167","1687","3167","ซันซิล แชมพู+นวด 325+300 มล เขียว (ซันซิล แชมพู+นวด 325+300 มล เขียว)","U00001985","8851932383455","U00001985","","","","","","",""
"SKU-1687-3410","1687","3410","ซันซิล แชมพู+นวด 325+300 มล เขียว (ซันซิล แชมพู+นวด 325+300 มล เขียว หีบx6)","U00001985","18851932393123","U00001985","","","","","","",""
"SKU-1688-3168","1688","3168","ซันซิล แชมพู+นวด 325+300 มล เหลือง (ซันซิล แชมพู+นวด 325+300 มล เหลือง)","U00001986","8851932473248","U00001986","","","","","","",""
"SKU-1688-3409","1688","3409","ซันซิล แชมพู+นวด 325+300 มล เหลือง (ซันซิล แชมพู+นวด 325+300 มล เหลือง หีบx6)","U00001986","18851932460825","U00001986","","","","","","",""
"SKU-1689-3169","1689","3169","ซันซิล แชมพู+นวด 325+300 มล แดง (ซันซิล แชมพู+นวด 325+300 มล แดง)","U00001987","8851932472593","U00001987","","","","","","",""
"SKU-1689-3408","1689","3408","ซันซิล แชมพู+นวด 325+300 มล แดง (ซันซิล แชมพู+นวด 325+300 มล แดง หีบx6)","U00001987","18851932460245","U00001987","","","","","","",""
"SKU-1690-3170","1690","3170","นาริตะ น้ำผลไม้ 25% รสส้ม 700 มล หีบx24 (นาริตะ น้ำผลไม้ 25% รสส้ม 700 มล หีบx24)","U00001978","18859567322006","U00001978","","","","","","",""
"SKU-1691-3171","1691","3171","โคล่าแม็กซ์ บิ๊ก น้ำผลไม้25% 700มล รสผลไม้รวม หีบx24 (โคล่าแม็กซ์ บิ๊ก น้ำผลไม้25% 700มล ผลไม้รวม	หีบx24)","U00001979","18859567320019","U00001979","","","","","","",""
"SKU-1692-3172","1692","3172","ซาโกะ น้ำผลไม้+วุ้นมะพร้าว ลิ้นจี่ 350มล หีบx48 (ซาโกะ น้ำผลไม้+วุ้นมะพร้าว ลิ้นจี่ 350มล หีบx48)","U00001981","18859567340062","U00001981","","","","","","",""
"SKU-1693-3173","1693","3173","ซาโกะ น้ำผลไม้+วุ้นมะพร้าว ส้ม 350มล	หีบx48 (ซาโกะ น้ำผลไม้+วุ้นมะพร้าว ส้ม 350มล	หีบx48)","U00001982","18859567340055","U00001982","","","","","","",""
"SKU-1694-3174","1694","3174","เภสัช แป้งเย็น มาดาม 50ก ชมพู  (เภสัช แป้งเย็น มาดาม 50ก ชมพู แพค12)","U00001988","18850233210030","U00001988","","","","","","",""
"SKU-1694-3175","1694","3175","เภสัช แป้งเย็น มาดาม 50ก ชมพู  (เภสัช แป้งเย็น มาดาม 50ก ชมพู 	หีบx12แพค12)","U00001988","58850233210038","U00001988","","","","","","",""
"SKU-1695-3176","1695","3176","กัมหยวน เมล็ดทานตะวัน รสไข่ปู 18กx20 (กัมหยวน เมล็ดทานตะวัน รสไข่ปู 18กx20)","U00001989","6940188820820","U00001989","","","","","","",""
"SKU-1696-3177","1696","3177","ขาไก่ แพค 2กก (ขาไก่ เเพค 2 กก.)","-","-","-","","","","","","",""
"SKU-1697-3178","1697","3178","กัมหยวน ถั่วปากอ้า รสไข่ปู 18กx20 (กัมหยวน ถั่วปากอ้า รสไข่ปู 18กx20)","U00001990","6940188820813","U00001990","","","","","","",""
"SKU-1698-3179","1698","3179","กัมหยวน ถั่วลันเตา รสดั้งเดิม 18กx20 (กัมหยวน ถั่วลันเตา รสดั้งเดิม 18กx20)","U00001991","6940188820806","U00001991","","","","","","",""
"SKU-1699-3180","1699","3180","เคลียร์ แชมพู ไอซ์คูลฟ้า 60 มล (เคลียร์ แชมพู ไอซ์คูลฟ้า 60 มล แพค6)","U00001992","-","U00001992","","","","","","",""
"SKU-1700-3181","1700","3181","โอโม ซันชายน์ 850ก ฟลอรัล ชมพู  (โอโม ซันชายน์ ฟลอรัลชมพู 850ก )","U00001994","8851932479158","U00001994","","","","","","",""
"SKU-1700-3393","1700","3393","โอโม ซันชายน์ 850ก ฟลอรัล ชมพู  (โอโม ซันชายน์ ฟลอรัลชมพู 850ก หีบx12)","U00001994","18851932465837","U00001994","","","","","","",""
"SKU-1701-3182","1701","3182","ซันซิล แชมพู+แชมพู 325+325 มล แดง (ซันซิล แชมพู+แชมพู 325+325 มล แดง)","U00001993","8851932472920","U00001993","","","","","","",""
"SKU-1702-3183","1702","3183","เฮลซ์บลูบอย น้ำหวานเข้มข้น เขียว ครีมโซดา 710มล (เฮลซ์บลูบอย น้ำหวานเข้มข้น เขียว ครีมโซดา 710มล หีบx12)","U00001995","8850423001083","U00001995","","","","","","",""
"SKU-1703-3184","1703","3184","เทพพนม น้ำอบไทย 70 ซีซี  แพค3ขวด (เทพพนม น้ำอบไทย 70 ซีซี  แพค3ขวด)","U00002000","8851464005214","U00002000","","","","","","",""
"SKU-1703-3186","1703","3186","เทพพนม น้ำอบไทย 70 ซีซี  แพค3ขวด (เทพพนม น้ำอบไทย 70 ซีซี  โหลx12)","U00002000","-","U00002000","","","","","","",""
"SKU-1704-3185","1704","3185","เทพพนม ดินสอพอง 100 กรัม แพค12ถุง  (เทพพนม ดินสอพอง 100 กรัม แพค12ถุง )","U00002001","8851464005238","U00002001","","","","","","",""
"SKU-1705-3187","1705","3187","ไลปอนเอฟ ล้างจานอนามัย 3.2ล (ไลปอนเอฟ ล้างจานอนามัย 3.2ล)","U00001996","8850002010772","U00001996","","","","","","",""
"SKU-1705-3188","1705","3188","ไลปอนเอฟ ล้างจานอนามัย 3.2ล (ไลปอนเอฟ ล้างจานอนามัย 3.2ล	หีบx4)","U00001996","18850002037219","U00001996","","","","","","",""
"SKU-1706-3189","1706","3189","คนอร์ อร่อยชัวร์ ผงปรุงรสหมู 800ก (คนอร์ อร่อยชัวร์ ผงปรุงรสหมู 800ก)","U00001997","8850144224761","U00001997","","","","","","",""
"SKU-1707-3190","1707","3190","คนอร์ อร่อยชัวร์ ผงปรุงรสหมู 70ก แพค6 (คนอร์ อร่อยชัวร์ ผงปรุงรสหมู 70ก แพค6)","U00001998","8850144224846","U00001998","","","","","","",""
"SKU-1710-3191","1710","3191","คนอร์ อร่อยชัวร์ ผงปรุงรสไก่ 400ก (คนอร์ อร่อยชัวร์ ผงปรุงรสไก่ 400ก)","U00001999","8850144224822","U00001999","","","","","","",""
"SKU-1711-3192","1711","3192","ฟันโอ คุกกี้ช็อกโแลตชิพส์ 25 ก. x 12 (ฟันโอ คุกกี้ช็อกโแลตชิพส์ 25 ก. x 12)","U00002006","8850309204829","U00002006","","","","","","",""
"SKU-1712-3193","1712","3193","ฟันโอ พาวเวอร์ คุกกี้รสช็อกโกแลต 50 ก. 12 ชิ้น (ฟันโอ พาวเวอร์ คุกกี้รสช็อกโกแลต 50 ก. 12 ชิ้น)","U00002007","8850309203860","U00002007","","","","","","",""
"SKU-1713-3194","1713","3194","ฟันโอ คุกกี้แซนวิชสอดไส้ครีม กลิ่นชาไทย 40.5 ก. x 12 (ฟันโอ คุกกี้แซนวิชสอดไส้ครีม กลิ่นชาไทย 40.5 ก. x 12)","U00002008","8850309222137","U00002008","","","","","","",""
"SKU-1714-3195","1714","3195","ลักส์ สบู่ก้อน เมจิกสเปลล์ม่วง 70ก x4 (ลักส์ สบู่ก้อน เมจิกสเปลล์ม่วง 70ก x4)","U00002004","8851932188197","U00002004","","","","","","",""
"SKU-1715-3196","1715","3196","แม่ประนอม น้ำจิ้มไก่ 260มล (แม่ประนอม น้ำจิ้มไก่ 260มล แพค6)","U00002005","8850487037264","U00002005","","","","","","",""
"SKU-1716-3197","1716","3197","ลักส์ ครีมอาบน้ำ ซอฟท์โรส 80มล (ลักส์ ครีมอาบน้ำ ซอฟท์โรส 80มล แพค6)","U00002002","8851932369411","U00002002","","","","","","",""
"SKU-1717-3198","1717","3198","ลักส์ ครีมอาบน้ำ ซากุระ 80มล (ลักส์ ครีมอาบน้ำ ซากุระ 80มล แพค6)","U00002003","8851932434553","U00002003","","","","","","",""
"SKU-1719-3199","1719","3199","อีซี่ ซอสพริก 640 กรัม (อีซี่ ซอสพริก 640 กรัม ขวด)","U00002009","8851954103598","U00002009","","","","","","",""
"SKU-1719-3200","1719","3200","อีซี่ ซอสพริก 640 กรัม (อีซี่ ซอสพริก 640 กรัม	หีบx12)","U00002009","18851954103595","U00002009","","","","","","",""
"SKU-1720-3201","1720","3201","ตรางู แป้งเย็น คลาสสิค 50ก x6 (ตรางู แป้งเย็น คลาสสิค 50ก x6)","U00002010","-","U00002010","","","","","","",""
"SKU-1721-3202","1721","3202","มาม่าคัพ 60 ก. รสหมูน้ำตก  (มาม่าคัพ 60 ก. รสหมูน้ำตก แพค6)","U00001980","-","U00001980","","","","","","",""
"SKU-1722-3203","1722","3203","แพรอทนกแก้ว สบู่ก้อน ไวท์ทานาคา 70ก แพค4 (แพรอทนกแก้ว สบู่ก้อน ไวท์ทานาคา 70ก ส้มอ่อน แพค4)","U00002011","8851929018322","U00002011","","","","","","",""
"SKU-1723-3204","1723","3204","ฟันโอ คุกกี้แซนวิช สอดไส้ครีมกลิ่นวานิลลา 40.5 ก x12 (ฟันโอ คุกกี้แซนวิช สอดไส้ครีมกลิ่นวานิลลา 40.5 ก x12)","U00002012","8850309212480","U00002012","","","","","","",""
"SKU-1724-3205","1724","3205","ฟันโอ คุกกี้ รสช็อกโกแลตและช็อกโกแลตชิพ 33 ก. 12 ชิ้น (ฟันโอ คุกกี้ รสช็อกโกแลตและช็อกโกแลตชิพ 33 ก. 12 ชิ้น)","U00002013","8850309218123","U00002013","","","","","","",""
"SKU-1725-3206","1725","3206","ลักส์ ครีมอาบน้ำ โรสซี่โกลว์ ชมพู 900มล 1+1 (ลักส์ ครีมอาบน้ำ โรสซี่โกลว์ ชมพู 900มล 1+1)","U00002027","8851932476522","U00002027","","","","","","",""
"SKU-1726-3207","1726","3207","ลักส์ ครีมอาบน้ำ ดิววี่โกลว์ ส้มชมพู 450มล 1+1 (ลักส์ ครีมอาบน้ำ ดิววี่โกลว์ ส้มชมพู 450มล 1+1)","U00002014","8851932371346","U00002014","","","","","","",""
"SKU-1727-3208","1727","3208","ลักส์ ครีมอาบน้ำ โรสซี่ ชมพู 450มล 1+1 (ลักส์ ครีมอาบน้ำ โรสซี่โกล์ว ชมพู 450มล 1+1)","U00002015","8851932369367","U00002015","","","","","","",""
"SKU-1728-3209","1728","3209","ลักส์ ครีมอาบน้ำ เมจิกออคิด  ม่วง 450มล 1+1 (ลักส์ ครีมอาบน้ำ เมจิกออคิด  ม่วง 450มล 1+1)","U00002016","8851932369381","U00002016","","","","","","",""
"SKU-1729-3210","1729","3210","ลักส์ ครีมอาบน้ำ บลูเบลล์ ฟ้า 450มล 1+1 (ลักส์ ครีมอาบน้ำ บลูเบลล์ ฟ้า 450มล 1+1)","U00002017","8851932474665","U00002017","","","","","","",""
"SKU-1730-3211","1730","3211","ลักส์ ครีมอาบน้ำ คาเมลเลีย ขาว 450มล 1+1 (ลักส์ ครีมอาบน้ำ คาเมลเลีย ขาว 450มล 1+1)","U00002018","8851932369374","U00002018","","","","","","",""
"SKU-1731-3212","1731","3212","ลักส์ สบู่ก้อน ซอฟคิส ชมพู 70ก x4 (ลักส์ สบู่ก้อน ซอฟคิส ชมพู 70ก x4)","U00002019","8851932183567","U00002019","","","","","","",""
"SKU-1732-3213","1732","3213","ลักส์ สบู่ก้อน คาเมลเลีย ขาว 70ก x4 (ลักส์ สบู่ก้อน คาเมลเลีย ขาว 70ก x4)","U00002020","8851932350532","U00002020","","","","","","",""
"SKU-1733-3214","1733","3214","ลักส์ สบู่ก้อน ซากุระชมพูอ่อน 70ก x4 (ลักส์ สบู่ก้อน ซากุระชมพูอ่อน 70ก x4)","-","-","-","","","","","","",""
"SKU-1734-3215","1734","3215","ลักส์ ครีมอาบน้ำ  ซอฟท์โรส ชมพู ถุงเติม 350มล 1+1 (ลักส์ ครีมอาบน้ำ  ซอฟท์โรส ชมพู ถุงเติม 350มล 1+1)","U00002022","8851932418737","U00002022","","","","","","",""
"SKU-1734-3216","1734","3216","ลักส์ ครีมอาบน้ำ  ซอฟท์โรส ชมพู ถุงเติม 350มล 1+1 (ลักส์ ครีมอาบน้ำ  ซอฟท์โรส ชมพู ถุงเติม 350มล 1+1 หีบx10แพค)","U00002022","18851932455845","U00002022","","","","","","",""
"SKU-1735-3217","1735","3217","ลักส์ ครีมอาบน้ำ  คาเมลเลีย ขาว ถุงเติม 350มล 1+1 (ลักส์ ครีมอาบน้ำ  คาเมลเลีย ขาว ถุงเติม 350มล 1+1)","U00002023","8851932418744","U00002023","","","","","","",""
"SKU-1736-3218","1736","3218","ลักส์ ครีมอาบน้ำ  เมจิก ม่วง ถุงเติม 350มล 1+1 (ลักส์ ครีมอาบน้ำ  เมจิก ม่วง ถุงเติม 350มล 1+1)","U00002024","8851932418768","U00002024","","","","","","",""
"SKU-1737-3219","1737","3219","ลักส์ ครีมอาบน้ำ  ดิวอี้ซากุระ ชมพูอ่อน ถุงเติม 350มล 1+1 (ลักส์ ครีมอาบน้ำ  ดิวอี้ซากุระ ชมพูอ่อน ถุงเติม 350มล 1+1)","U00002025","8851932418751","U00002025","","","","","","",""
"SKU-1738-3220","1738","3220","ลักส์ ครีมอาบน้ำ  บลูเบลล์ ฟ้า ถุงเติม 400มล 1+1 (ลักส์ ครีมอาบน้ำ  บลูเบลล์ ฟ้า ถุงเติม 400มล 1+1)","U00002026","8851932474672","U00002026","","","","","","",""
"SKU-1739-3221","1739","3221","แลคตาซอย หวาน 125 มล หีบx10แพค6 (แลคตาซอย หวาน 125 มล หีบx10แพค6)","U00002028","18850267128721","U00002028","","","","","","",""
"SKU-1740-3223","1740","3223","ดีโด้ หวานเย็นหลอด 35 มล. แพค26 ชิ้น  (ดีโด้ หวานเย็นหลอด 35 มล. แพค26 ชิ้น )","U00002029","8850952524015","U00002029","","","","","","",""
"SKU-1740-3222","1740","3222","ดีโด้ หวานเย็นหลอด 35 มล. แพค26 ชิ้น  (ดีโด้ หวานเย็นหลอด 35 มล. แพค26 ชิ้น หีบx10แพค)","U00002029","8850952002407","U00002029","","","","","","",""
"SKU-1741-3224","1741","3224","ช้างเว็บ ยาจุดกันยุง ธรรมดา10ขด x6 (ช้างเว็บ ยาจุดกันยุง ธรรมดา10ขด แพค6กล่อง)","U00002030","-","U00002030","","","","","","",""
"SKU-1742-3225","1742","3225","ช้างเว็บ ยาจุดกันยุง ลาเวนเดอร์ ม่วง x6 (ช้างเว็บ ยาจุดกันยุง ลาเวนเดอร์ ม่วง x6)","U00002031","8851688770066","U00002031","","","","","","",""
"SKU-1743-3226","1743","3226","ลอรีเอะ ซูเปอร์ อัตราสลิม มีปีก 25 ซม. 8 ชิ้น  (ลอรีเอะ ซูเปอร์ อัตราสลิม มีปีก 25 ซม. 8 ชิ้น แพค4)","U00002032","8851818307483","U00002032","","","","","","",""
"SKU-1744-3227","1744","3227","เขาช่อง 3in1 ซุปเปอร์ริช ทอง 20ก 100ซอง (เขาช่อง 3in1 ซุปเปอร์ริช ทอง 20ก 100ซอง)","U00002036","-","U00002036","","","","","","",""
"SKU-1745-3228","1745","3228","เขาช่อง 3in1 เอสเปรสโซ เขียว 14ก 100ซอง (เขาช่อง 3in1 เอสเปรสโซ เขียว 14ก 100ซอง)","U00002037","-","U00002037","","","","","","",""
"SKU-1746-3229","1746","3229","โซฟี คูลลิ่งเฟรช อัลตร้าสลิม มีปีก 25 ซม. 5 ชิ้น (โซฟี คูลลิ่งเฟรช อัลตร้าสลิม มีปีก 25 ซม. 5 ชิ้น แพค6ห่อ)","U00002033","8851111114023","U00002033","","","","","","",""
"SKU-1747-3230","1747","3230","โซฟี แผ่นอนามัย คูลลิ่งเฟรช เนเชอรัล 12 ชิ้น  (โซฟี แผ่นอนามัย คูลลิ่งเฟรช เนเชอรัล 12 ชิ้น แพค6ห่อ)","U00002034","8851111285075","U00002034","","","","","","",""
"SKU-1748-3231","1748","3231","โซฟี ถนอมผิว สลิม มีปีก 23 ซม. 8ชิ้น  (โซฟี ถนอมผิว สลิม มีปีก 23 ซม. 8ชิ้น แพค6ห่อ)","U00002035","8851111131020","U00002035","","","","","","",""
"SKU-1749-3232","1749","3232","โซฟี คูลลิ่งเฟรช อัลตร้าสลิม มีปีก 23 ซม. 6ชิ้น x6 (โซฟี คูลลิ่งเฟรช อัลตร้าสลิม มีปีก 23 ซม. 6ชิ้น x6)","U00002038","8851111113026","U00002038","","","","","","",""
"SKU-1750-3233","1750","3233","โอรีโอ เวเฟอร์ วานิลลา 18 ก. x 12 (โอรีโอ เวเฟอร์ วานิลลา 18 ก. x 12)","U00002039","-","U00002039","","","","","","",""
"SKU-1751-3234","1751","3234","โอรีโอ เวเฟอร์โรลสอดไส้ครีม กลิ่นวานิลลา 54 ก. x 5 (โอรีโอ เวเฟอร์โรลสอดไส้ครีม กลิ่นวานิลลา 54 ก. x 5)","U00002040","8850338025914","U00002040","","","","","","",""
"SKU-1752-3235","1752","3235","โอรีโอ คุกกี้ ทินส์ ซีโร่ ชูการ์ ดาร์กช็อกโกแลต 62 ก. x 3 (โอรีโอ คุกกี้ ทินส์ ซีโร่ ชูการ์ ดาร์กช็อกโกแลต 62 ก. x 3)","U00002041","6901668943828","U00002041","","","","","","",""
"SKU-1753-3236","1753","3236","ซูโม่ มินิคุกกี้ ช็อคโกแลต 28 ก. 12 ชิ้น (ซูโม่ มินิคุกกี้ ช็อคโกแลต 28 ก. 12 ชิ้น)","U00002042","8858279002131","U00002042","","","","","","",""
"SKU-1754-3237","1754","3237","ไทนี่โอ มินิคุกกี้ช็อกโกแลต 28 ก. x 12 (ไทนี่โอ มินิคุกกี้ช็อกโกแลต 28 ก. x 12)","U00002043","8859745300836","U00002043","","","","","","",""
"SKU-1755-3238","1755","3238","ไทนี่โอ มินิคุกกี้ ครีมรสนม 28 ก. x 12 (ไทนี่โอ มินิคุกกี้ ครีมรสนม 28 ก. x 12)","U00002044","8859745300898","U00002044","","","","","","",""
"SKU-1756-3239","1756","3239","เดลฟี่ ช็อกโกแลตมิลค์กี้ 13 ก. x 12 (เดลฟี่ ช็อกโกแลตมิลค์กี้ 13 ก. x 12)","U00002045","8850939947479","U00002045","","","","","","",""
"SKU-1757-3240","1757","3240","แอลฟี่ ขนมหวาน รสช็อกโกแลต 15 ก. x 12 (แอลฟี่ ขนมหวาน รสช็อกโกแลต 15 ก. x 12)","U00002046","8851019920276","U00002046","","","","","","",""
"SKU-1758-3241","1758","3241","แอลฟี่ ทูโทน ขนมหวาน รสนม/สตรอเบอร์รี่ 15 ก. X 12 (แอลฟี่ ทูโทน ขนมหวาน รสนม/สตรอเบอร์รี่ 15 ก. X 12)","U00002047","8851019920368","U00002047","","","","","","",""
"SKU-1761-3242","1761","3242","เดทตอล สบู่ก้อน ออริจินัล เขียว 100 ก. แพค4 (เดทตอล สบู่ก้อน ออริจินัล เขียว 100 ก. แพค4)","U00002049","8850360037855","U00002049","","","","","","",""
"SKU-1762-3243","1762","3243","เดทตอล สบู่ก้อน รีเฟรชชิ่ง ส้ม 100 ก. แพค4 (เดทตอล สบู่ก้อน รีเฟรชชิ่ง ส้ม 100 ก. แพค4)","U00002050","8850360037831","U00002050","","","","","","",""
"SKU-1763-3244","1763","3244","เดทตอล สบู่ก้อน รีเพลนนิชชิ่ง ชมพู 100 ก. แพค4 (เดทตอล สบู่ก้อน รีเพลนนิชชิ่ง ชมพู 100 ก. แพค4)","U00002051","8850360037879","U00002051","","","","","","",""
"SKU-1764-3245","1764","3245","เดทตอล สบู่ก้อน ออริจินัล 60 ก. เขียว แพคx5 (เดทตอล สบู่ก้อน ออริจินัล 60 ก. เขียว แพคx5)","U00002052","8850360036087","U00002052","","","","","","",""
"SKU-1765-3246","1765","3246","เดทตอล สบู่ก้อน รีเฟรชชิ่ง 60 ก. ส้ม แพคx5 (เดทตอล สบู่ก้อน รีเฟรชชิ่ง 60 ก. ส้ม แพคx5)","U00002053","8850360036094","U00002053","","","","","","",""
"SKU-1766-3247","1766","3247","เมนทอส DUO รสผลไม้ 100 เม็ด (เมนทอส DUO รสผลไม้ 100 เม็ด)","U00002054","8935001720980","U00002054","","","","","","",""
"SKU-1767-3248","1767","3248","เมนทอส ซาวร์ มิกซ์ ลูกอมรสผลไม้ 100 เม็ด (เมนทอส ซาวร์ มิกซ์ ลูกอมรสผลไม้ 100 เม็ด)","U00002055","8935001707752","U00002055","","","","","","",""
"SKU-1768-3249","1768","3249","เมนทอส ลูกอมรสผลไม้ 100 เม็ด (เมนทอส ลูกอมรสผลไม้ 100 เม็ด)","U00002056","8990800002859","U00002056","","","","","","",""
"SKU-1769-3250","1769","3250","เมนทอส ลูกอม รสมินต์ 100 เม็ด (เมนทอส ลูกอม รสมินต์ 100 เม็ด)","U00002057","8990800002569","U00002057","","","","","","",""
"SKU-1770-3251","1770","3251","รสดี ผงปรุงรส หมู 20ก แพค12ซ (รสดี ผงปรุงรส หมู 20ก แพค12ซ)","U00002048","8850250011569","U00002048","","","","","","",""
"SKU-1770-3252","1770","3252","รสดี ผงปรุงรส หมู 20ก แพค12ซ (รสดี ผงปรุงรส หมู 20ก แพค12ซ หีบx20แพค)","U00002048","88502500115768","U00002048","","","","","","",""
"SKU-1772-3253","1772","3253","โอรีโอ เวเฟอร์ ช็อคโกแลต 18 ก. x 12 (โอรีโอ เวเฟอร์ ช็อคโกแลต 18 ก. x 12)","U00002058","8934680015875","U00002058","","","","","","",""
"SKU-1774-3255","1774","3255","แคมปัส ช็อกโกแลต 10บ. 24 ก แพค6 (แคมปัส  10บ.  ช็อกโกแลต24 ก แพค6)","U00002059","8851004203063","U00002059","","","","","","",""
"SKU-1775-3337","1775","3337","แม่บุญล้ำ น้ำปลาร้า สูตรมะกอก 400มล ฝาทอง (แม่บุญล้ำ น้ำปลาร้า สูตรมะกอก 400มล ฝาทอง)","U00002060","8858981502950","U00002060","","","","","","",""
"SKU-1775-3590","1775","3590","แม่บุญล้ำ น้ำปลาร้า สูตรมะกอก 400มล ฝาทอง (แม่บุญล้ำ น้ำปลาร้า สูตรมะกอก 400มล ฝาทอง แพค3ขวด)","U00002060","-","U00002060","","","","","","",""
"SKU-1775-3257","1775","3257","แม่บุญล้ำ น้ำปลาร้า สูตรมะกอก 400มล ฝาทอง (แม่บุญล้ำ น้ำปลาร้า สูตรมะกอก 400มล ฝาทอง	หีบx12)","U00002060","8858981503018","U00002060","","","","","","",""
"SKU-1776-3258","1776","3258","คอลเกต ยาสีฟัน ยอดนิยม 20ก x12 (คอลเกต ยาสีฟัน ยอดนิยม 20ก x12)","U00002061","8850006912201","U00002061","","","","","","",""
"SKU-1777-3260","1777","3260","อิชิตัน ชาเขียว น้ำผึ้งมะนาว 295 มล. หีบx24 (อิชิตัน ชาเขียว น้ำผึ้งมะนาว 295 มล. หีบx24)","U00002062","8858891309823","U00002062","","","","","","",""
"SKU-1778-3261","1778","3261","ทเวลฟ์พลัส แป้งเย็น ไวท์เทนนิ่ง ชมพู 270 ก. x2 (ทเวลฟ์พลัส แป้งเย็น ไวท์เทนนิ่ง ชมพู 270 ก. x2)","-","8851123784474","-","","","","","","",""
"SKU-1779-3262","1779","3262","ทเวลฟ์พลัส แป้งเย็น ไวท์เทนนิ่ง ม่วง 270 ก. x 2 (ทเวลฟ์พลัส แป้งเย็น ไวท์เทนนิ่ง ม่วง 270 ก. x 2)","-","8851123784504","-","","","","","","",""
"SKU-1780-3263","1780","3263","โฟร์โมสต์ โอเมก้า นมรสจืด 110 มล. x 48 (โฟร์โมสต์ โอเมก้า นมรสจืด 110 มล. x 48)","U00002065","48850188210100","U00002065","","","","","","",""
"SKU-1781-3265","1781","3265","เบลล์ น้ำยาล้างจาน 400 มล (เบลล์ น้ำยาล้างจาน 400 มล)","U00002066","8858718755567","U00002066","","","","","","",""
"SKU-1781-3264","1781","3264","เบลล์ น้ำยาล้างจาน 400 มล (เบลล์ น้ำยาล้างจาน 400 มล หีบx36)","U00002066","8858718701458","U00002066","","","","","","",""
"SKU-1782-3268","1782","3268","แมนซั่ม โมฮิโตซิงค์ 310มล. เขียว (แมนซั่ม โมฮิโตซิงค์ 310มล. เขียว แพค6)","U00002067","8850228006535","U00002067","","","","","","",""
"SKU-1782-3267","1782","3267","แมนซั่ม โมฮิโตซิงค์ 310มล. เขียว (แมนซั่ม โมฮิโตซิงค์ 310มล. เขียว หีบx24)","U00002067","8850228013793","U00002067","","","","","","",""
"SKU-1783-3269","1783","3269","อิงอร สบู่สมุนไพร มะขามแท้ 85 ก. กล่อง (อิงอร สบู่สมุนไพร มะขามแท้ 85 ก. แพค4)","U00002068","-","U00002068","","","","","","",""
"SKU-1783-3664","1783","3664","อิงอร สบู่สมุนไพร มะขามแท้ 85 ก. กล่อง (อิงอร สบู่สมุนไพร มะขามแท้ 85 ก. แพค6)","U00002068","8858587001451","U00002068","","","","","","",""
"SKU-1784-3270","1784","3270","อิงอร สบู่สมุนไพร น้ำนมจมูกข้าว 85 ก. กล่อง (อิงอร สบู่สมุนไพร น้ำนมจมูกข้าว 85 ก. แพค4)","U00002069","8858587007149","U00002069","","","","","","",""
"SKU-1784-3663","1784","3663","อิงอร สบู่สมุนไพร น้ำนมจมูกข้าว 85 ก. กล่อง (อิงอร สบู่สมุนไพร น้ำนมจมูกข้าว 85 ก. แพค6)","U00002069","8858587007156","U00002069","","","","","","",""
"SKU-1785-3271","1785","3271","อิงอร สบู่สมุนไพร มะขามผสมน้ำผึ้ง 85 ก. (อิงอร สบู่สมุนไพร มะขามผสมน้ำผึ้ง 85 ก.แพค4)","U00002070","8858587001697","U00002070","","","","","","",""
"SKU-1785-3857","1785","3857","อิงอร สบู่สมุนไพร มะขามผสมน้ำผึ้ง 85 ก. (อิงอร สบู่สมุนไพร มะขามผสมน้ำผึ้ง 85 ก.แพค6)","U00002070","8858587001543","U00002070","","","","","","",""
"SKU-1786-3272","1786","3272","อิงอร สบู่สมุนไพร ขมิ้นชัน 85 ก. กล่อง (อิงอร สบู่สมุนไพร ขมิ้นชัน 85 ก. แพค4)","U00002071","8858587001703","U00002071","","","","","","",""
"SKU-1786-3662","1786","3662","อิงอร สบู่สมุนไพร ขมิ้นชัน 85 ก. กล่อง (อิงอร สบู่สมุนไพร ขมิ้นชัน 85 ก. แพค6)","U00002071","8858587001512","U00002071","","","","","","",""
"SKU-1787-3273","1787","3273","แคร์ แป้งเด็ก คลาสสิค ฟ้า 160ก.  (แคร์ แป้งเด็ก คลาสสิค ฟ้า 160ก. แพค6)","U00002072","8850006913635","U00002072","","","","","","",""
"SKU-1787-3274","1787","3274","แคร์ แป้งเด็ก คลาสสิค ฟ้า 160ก.  (แคร์ แป้งเด็ก คลาสสิค ฟ้า 160ก. หีบx4แพค6)","U00002072","18850006592851","U00002072","","","","","","",""
"SKU-1788-3275","1788","3275","แคร์ แป้งเด็ก พิงค์ซอฟท์ ชมพู 160ก.  (แคร์ แป้งเด็ก พิงค์ซอฟท์ ชมพู 160ก. แพค6)","U00002073","8850006913642","U00002073","","","","","","",""
"SKU-1788-3276","1788","3276","แคร์ แป้งเด็ก พิงค์ซอฟท์ ชมพู 160ก.  (แคร์ แป้งเด็ก พิงค์ซอฟท์ ชมพู 160ก. หีบx4แพค6)","U00002073","18850006592868","U00002073","","","","","","",""
"SKU-1789-3277","1789","3277","แคร์ แป้งเด็ก ซากุระ ขาวชมพู 160ก.  (แคร์ แป้งเด็ก ซากุระ ขาวชมพู 160ก. แพค6)","U00002074","8850006925386","U00002074","","","","","","",""
"SKU-1789-3278","1789","3278","แคร์ แป้งเด็ก ซากุระ ขาวชมพู 160ก.  (แคร์ แป้งเด็ก ซากุระ ขาวชมพู 160ก. หีบx4แพค6)","U00002074","18850006593254","U00002074","","","","","","",""
"SKU-1790-3281","1790","3281","ไฮคลาส ปรับผ้านุ่ม ฮานาบูเกต์ 450 มล ม่วง แพค 3 (ไฮคลาส ปรับผ้านุ่ม ฮานาบูเกต์ 450 มล ม่วง แพค3)","U00002081","8850002029200","U00002081","","","","","","",""
"SKU-1790-3282","1790","3282","ไฮคลาส ปรับผ้านุ่ม ฮานาบูเกต์ 450 มล ม่วง แพค 3 (ไฮคลาส ปรับผ้านุ่ม ฮานาบูเกต์ 450 มล ม่วง หีบx12แพค3)","U00002081","18850002029207","U00002081","","","","","","",""
"SKU-1791-3283","1791","3283","ไฮคลาส ปรับผ้านุ่ม ฮานาพิงค์เก้ 450 มล ชมพู แพค 3 (ไฮคลาส ปรับผ้านุ่ม ฮานาพิงค์เก้ 450 มล ชมพู แพค 3)","U00002082","8850002023444","U00002082","","","","","","",""
"SKU-1791-3284","1791","3284","ไฮคลาส ปรับผ้านุ่ม ฮานาพิงค์เก้ 450 มล ชมพู แพค 3 (ไฮคลาส ปรับผ้านุ่ม ฮานาพิงค์เก้ 450 มล ชมพู หีบx12แพค3)","U00002082","8850002023444","U00002082","","","","","","",""
"SKU-1792-3285","1792","3285","ไฮคลาส ปรับผ้านุ่ม ฮานาโรเซ่ 450 มล แดง แพค 3 (ไฮคลาส ปรับผ้านุ่ม ฮานาโรเซ่ 450 มล แดง แพค 3)","U00002083","8850002029217","U00002083","","","","","","",""
"SKU-1792-3286","1792","3286","ไฮคลาส ปรับผ้านุ่ม ฮานาโรเซ่ 450 มล แดง แพค 3 (ไฮคลาส ปรับผ้านุ่ม ฮานาโรเซ่ 450 มล แดง หีบx12แพค3)","U00002083","18850002029214","U00002083","","","","","","",""
"SKU-1793-3287","1793","3287","ไฮคลาส ปรับผ้านุ่ม ฮานาไชน์เน่ 450 มล เหลือง แพค3 (ไฮคลาส ปรับผ้านุ่ม ฮานาไชน์เน่ 450 มล เหลือง แพค3)","U00002084","8850002029224","U00002084","","","","","","",""
"SKU-1793-3288","1793","3288","ไฮคลาส ปรับผ้านุ่ม ฮานาไชน์เน่ 450 มล เหลือง แพค3 (ไฮคลาส ปรับผ้านุ่ม ฮานาไชน์เน่ 450 มล เหลือง หีบx12แพค3)","U00002084","18850002029221","U00002084","","","","","","",""
"SKU-1794-3289","1794","3289","เจอรี่ ครันช์โรล เวเฟอร์ไส้ช็อก 23ก แพค12 (เจอรี่ ครันช์โรล เวเฟอร์ไส้ช็อก 23ก แพค12)","U00002075","8992775301104","U00002075","","","","","","",""
"SKU-1795-3290","1795","3290","ยูปี้ 2บ แฟรงเฟอร์เทอร์ 7ก กล่อง24ซ (ยูปี้ 2บ แฟรงเฟอร์เทอร์ 7ก กล่อง24ซ)","U00002094","8992741943215","U00002094","","","","","","",""
"SKU-1795-3291","1795","3291","ยูปี้ 2บ แฟรงเฟอร์เทอร์ 7ก กล่อง24ซ (ยูปี้ 2บ แฟรงเฟอร์เทอร์ 7ก หีบx12กล่อง)","U00002094","18992741943212","U00002094","","","","","","",""
"SKU-1796-3292","1796","3292","ยูปี้ 2บ เบอร์เกอร์ 7ก แพค24ซ (ยูปี้ 2บ เบอร์เกอร์ 7ก)","U00002095","8992741980784","U00002095","","","","","","",""
"SKU-1797-3293","1797","3293","ยูปี้ 2บ กัมมี่แฟงส์ 7ก แพค24ซ (ยูปี้ 2บ กัมมี่แฟงส์ 7ก แพค24ซ)","U00002096","8992741948708","U00002096","","","","","","",""
"SKU-1798-3294","1798","3294","ยูปี้ 5บ. ฟรุตคอกเทล 14ก กล่อง12ซ (ยูปี้ 5บ. ฟรุตคอกเทล 14ก กล่อง12ซ)","U00002090","8992741973595","U00002090","","","","","","",""
"SKU-1798-3295","1798","3295","ยูปี้ 5บ. ฟรุตคอกเทล 14ก กล่อง12ซ (ยูปี้ 5บ. ฟรุตคอกเทล 14ก หีบx12กล่อง)","U00002090","18992741973592","U00002090","","","","","","",""
"SKU-1799-3296","1799","3296","ยูปี้ 5บ. ฟรุตปาร์ตี้ 15ก แพค12ซ (ยูปี้ 5บ. ฟรุตปาร์ตี้ 15ก แพค12ซ)","U00002091","8992741944786","U00002091","","","","","","",""
"SKU-1800-3297","1800","3297","ยูปี้ 5บ. กัมมี่พิซซ่า 14ก กล่อง12ซ (ยูปี้ 5บ. กัมมี่พิซซ่า 14ก กล่อง12ซ)","U00002092","8992741973588","U00002092","","","","","","",""
"SKU-1801-3298","1801","3298","ยูปี้ 5บ. กัมมี่ไอซ์โคล่า 15ก กล่อง12ซ (ยูปี้ 5บ. กัมมี่ไอซ์โคล่า 15ก กล่อง12ซ)","U00002093","8992741981774","U00002093","","","","","","",""
"SKU-1802-3299","1802","3299","บรีสเอกเซล ซักน้ำ 560มล พิงค์โรซี่  แพค1+1 (บรีสเอกเซล น้ำยาซัก กลิ่นพิงค์โรซี่ 560มล แพค1+1)","U00002097","8851932416061","U00002097","","","","","","",""
"SKU-1803-3301","1803","3301","เฟอร์เชย์ริช 3บ แยมส้ม 15ก x24 (เฟอร์เชย์ริช 3บ แยมส้ม 15ก หีบx12แพค24)","U00002085","8858709604034","U00002085","","","","","","",""
"SKU-1803-3300","1803","3300","เฟอร์เชย์ริช 3บ แยมส้ม 15ก x24 (เฟอร์เชย์ริช 3บ แยมส้ม 15ก x24)","U00002085","8858709604027","U00002085","","","","","","",""
"SKU-1804-3302","1804","3302","เฟอร์เชย์ริช 3บ วานิลา 15ก x24 (เฟอร์เชย์ริช 3บ วานิลา 15ก x24)","U00002086","8858709603181","U00002086","","","","","","",""
"SKU-1805-3304","1805","3304","เฟอร์เชย์ริช 3บ ใบเตย 15ก x24 (เฟอร์เชย์ริช 3บ ใบเตย 15ก หีบx12ก)","U00002087","8858709603242","U00002087","","","","","","",""
"SKU-1805-3303","1805","3303","เฟอร์เชย์ริช 3บ ใบเตย 15ก x24 (เฟอร์เชย์ริช 3บ ใบเตย 15ก x24)","U00002087","8858709603198","U00002087","","","","","","",""
"SKU-1806-3306","1806","3306","เฟอร์เชย์ริช 3บ กล้วยหอม 15ก x24 (เฟอร์เชย์ริช 3บ กล้วยหอม 15ก หีบx12แพค24)","U00002088","8858709603709","U00002088","","","","","","",""
"SKU-1806-3305","1806","3305","เฟอร์เชย์ริช 3บ กล้วยหอม 15ก x24 (เฟอร์เชย์ริช 3บ กล้วยหอม 15ก x24)","U00002088","8858709603693","U00002088","","","","","","",""
"SKU-1807-3308","1807","3308","เฟอร์เชย์ริช 3บ สตรอฯ 15ก x24 (เฟอร์เชย์ริช 3บ สตรอฯ 15ก หีบx12แพค24)","U00002089","8858709603273","U00002089","","","","","","",""
"SKU-1807-3307","1807","3307","เฟอร์เชย์ริช 3บ สตรอฯ 15ก x24 (เฟอร์เชย์ริช 3บ สตรอฯ 15ก x24)","U00002089","8858709603228","U00002089","","","","","","",""
"SKU-1808-3309","1808","3309","อิมพีเรียล เวเฟอร์ 27ก สตรอ แพค12 (อิมพีเรียล เวเฟอร์ 27ก สตรอ แพค12)","U00002076","8850332221183","U00002076","","","","","","",""
"SKU-1808-3310","1808","3310","อิมพีเรียล เวเฟอร์ 27ก สตรอ แพค12 (อิมพีเรียล เวเฟอร์ 27ก สตรอ หีบx12แพค12)","U00002076","18850332221173","U00002076","","","","","","",""
"SKU-1814-3316","1814","3316","อิมพีเรียล เวเฟอร์ 27ก มะพร้าว แพค12 (อิมพีเรียล เวเฟอร์ 27ก มะพร้าว แพค12)","U00002077","8850332221206","U00002077","","","","","","",""
"SKU-1814-3317","1814","3317","อิมพีเรียล เวเฟอร์ 27ก มะพร้าว แพค12 (อิมพีเรียล เวเฟอร์ 27ก มะพร้าว หีบx12แพค12)","U00002077","18850332221197","U00002077","","","","","","",""
"SKU-1815-3318","1815","3318","อิมพีเรียล เวเฟอร์ 27ก ส้ม แพค12 (อิมพีเรียล เวเฟอร์ 27ก ส้ม แพค12)","U00002078","8850332221220","U00002078","","","","","","",""
"SKU-1815-3319","1815","3319","อิมพีเรียล เวเฟอร์ 27ก ส้ม แพค12 (อิมพีเรียล เวเฟอร์ 27ก ส้ม หีบx12แพค12)","U00002078","18850332221210","U00002078","","","","","","",""
"SKU-1816-3320","1816","3320","อิมพีเรียล เวเฟอร์ 27ก นม แพค12 (อิมพีเรียล เวเฟอร์ 27ก นม แพค12)","U00002079","8850332221145","U00002079","","","","","","",""
"SKU-1816-3321","1816","3321","อิมพีเรียล เวเฟอร์ 27ก นม แพค12 (อิมพีเรียล เวเฟอร์ 27ก นม หีบx12แพค12)","U00002079","18850332221135","U00002079","","","","","","",""
"SKU-1817-3322","1817","3322","อิมพีเรียล เวเฟอร์ 27ก ช็อค แพค12 (อิมพีเรียล เวเฟอร์ 27ก ช็อค แพค12)","U00002080","8850332221169","U00002080","","","","","","",""
"SKU-1817-3323","1817","3323","อิมพีเรียล เวเฟอร์ 27ก ช็อค แพค12 (อิมพีเรียล เวเฟอร์ 27ก ช็อค หีบx12แพค12)","U00002080","18850332221159","U00002080","","","","","","",""
"SKU-1818-3331","1818","3331","วอยซ์ วาฟเฟิลครันช์ คุกกี้แอนด์ครีม 19 ก. 12 ชิ้น (วอยซ์ วาฟเฟิลครันช์ คุกกี้แอนด์ครีม 19 ก. 12 ชิ้น)","-","-","-","","","","","","",""
"SKU-1819-3338","1819","3338","ไฟน์ไลน์ ปรับผ้านุ่ม 470มล ทอง แพค3 (ไฟน์ไลน์ ปรับผ้านุ่ม 470มล ทอง แพค3)","U00002098","8851989936932","U00002098","","","","","","",""
"SKU-1819-3356","1819","3356","ไฟน์ไลน์ ปรับผ้านุ่ม 470มล ทอง แพค3 (ไฟน์ไลน์ ปรับผ้านุ่ม 470มล ทอง หีบx24)","U00002098","28851989036933","U00002098","","","","","","",""
"SKU-1820-3339","1820","3339","นาริตะ น้ำผลไม้ 25% รสลิ้นจี่ 700 มล หีบx24 (นาริตะ น้ำผลไม้ 25% รสลิ้นจี่ 700 มล หีบx24)","U00002099","18859567322013","U00002099","","","","","","",""
"SKU-1821-3340","1821","3340","ดาวน์นี่ ปรับ หอมละมุนฟองสบู่ 470 มล ฟ้าอ่อน P2+1 (ดาวน์นี่ ปรับ หอมละมุนฟองสบู่ 470 มล ฟ้าอ่อน P2+1)","U00002100","-","U00002100","","","","","","",""
"SKU-1822-3341","1822","3341","ฟันโอ คุกกี้แซนวิช ไส้ครีมรสนม 40.5 ก. 12 ชิ้น (ฟันโอ คุกกี้แซนวิช ไส้ครีมรสนม 40.5 ก. 12 ชิ้น)","U00002101","8850309201354","U00002101","","","","","","",""
"SKU-1823-3342","1823","3342","ฟันโอ คุกกี้แซนวิช ช็อกสอดไส้ช็อก ถุงใหญ่ 40.5 ก แพคx24 (ฟันโอ คุกกี้แซนวิช ช็อกสอดไส้ช็อก ถุงใหญ่ 40.5 ก แพคx24)","U00002102","-","U00002102","","","","","","",""
"SKU-1824-3343","1824","3343","จับใจ เครื่องดื่มสูตรจับเลี้ยง 350 มล. หีบx24 (จับใจ เครื่องดื่มสูตรจับเลี้ยง 350 มล. หีบx24)","U00002103","8854698013680","U00002103","","","","","","",""
"SKU-1825-3344","1825","3344","โซฟี คูลลิ่งเฟรช0.1ปีก 23ซม 3ชิ้น x6 (โซฟี คูลลิ่งเฟรช0.1ปีก 23ซม 3ชิ้น x6)","U00002104","8851111115075","U00002104","","","","","","",""
"SKU-1826-3345","1826","3345","โซฟี คูลลิ่งอัลตร้าสลิม 25ซม 6แผ่น x6  (โซฟี คูลลิ่งอัลตร้าสลิม 25ซม 6แผ่น x6 )","U00002105","8851111154050","U00002105","","","","","","",""
"SKU-1827-3346","1827","3346","โซฟี ขอบปกป้อง กลางคืน35ซม 4ชิ้น x6 (โซฟี ขอบปกป้อง กลางคืน35ซม 4ชิ้น x6)","U00002106","8851111023028","U00002106","","","","","","",""
"SKU-1828-3347","1828","3347","โซฟี คูลลิ่งเนเชอรัล 0.1ปีก 25ซม 6ชิ้นx6 (โซฟี คูลลิ่งเนเชอรัล 0.1ปีก 25ซม 6ชิ้นx6)","U00002107","8851111158027","U00002107","","","","","","",""
"SKU-1829-3348","1829","3348","ออรัล-บี แปรงสีฟัน คลาสสิค ขนนุ่ม แพค6 (ออรัล-บี แปรงสีฟัน คลาสสิค ขนนุ่ม แพค6)","U00002108","4902430562829","U00002108","","","","","","",""
"SKU-1830-3349","1830","3349","ออรัล-บี แปรงสีฟัน คลาสสิค มีเดียม แพค6 (ออรัล-บี แปรงสีฟัน คลาสสิค มีเดียม แพค6)","-","-","-","","","","","","",""
"SKU-1831-3350","1831","3350","คอลเกต ยาสีฟัน ริ้วใส 140 ก. (คอลเกต ยาสีฟัน ริ้วใส 140 ก. แพค6)","U00002110","8850006911556","U00002110","","","","","","",""
"SKU-1832-3351","1832","3351","เจอรี่ เวเฟอร์โรลไส้ครีม ซ็อคโกแลตวานิลลา 24ก แพค12 (เจอรี่ เวเฟอร์โรลไส้ครีม ซ็อคโกแลตวานิลลา 24ก แพค12)","U00002111","8992775345276","U00002111","","","","","","",""
"SKU-1833-3352","1833","3352","ซอลส์ ยาสีฟัน สูตรเฟรช 40ก แพค12 (ซอลส์ ยาสีฟัน สูตรเฟรช 40ก แพค12)","U00002112","8850002016163","U00002112","","","","","","",""
"SKU-1834-3353","1834","3353","ควิกไวไว ต้มยำกุ้ง ส้ม 60ก แพค10ซอง  (ควิกไวไว ต้มยำกุ้ง 60ก แพค10ซอง สีส้ม)","U00002113","8850100107206","U00002113","","","","","","",""
"SKU-1835-3354","1835","3354","ควิกไวไว ต้มโคล้ง 60ก แพค10ซอง  (ควิกไวไว ต้มโคล้ง 60ก แพค10ซอง )","U00002114","8850100121202","U00002114","","","","","","",""
"SKU-1836-3355","1836","3355","ควิกไวไว ต้มยำมันกุ้ง แดง 60ก แพค10ซอง  (ควิกไวไว ต้มยำมันกุ้ง 60ก แพค10ซอง สีแดง)","U00002115","8850100117205","U00002115","","","","","","",""
"SKU-1837-3358","1837","3358","คริสตอลลา น้ำตาลทรายขาว 1กก (คริสตอลลา น้ำตาลทรายขาว 1กก)","U00002116","8857122281174","U00002116","","","","","","",""
"SKU-1837-3357","1837","3357","คริสตอลลา น้ำตาลทรายขาว 1กก (คริสตอลลา น้ำตาลทรายขาว 1กก กระสอบx25)","U00002116","8857122281327","U00002116","","","","","","",""
"SKU-1838-3359","1838","3359","เปา วินวอช น้ำยาซักผ้า พิ้งค์ซอฟท์ 600 มล แพค2+1 (เปา วินวอช น้ำยาซักผ้า พิ้งค์ซอฟท์ 600 มล แพค2+1)","U00002117","8850002041936","U00002117","","","","","","",""
"SKU-1839-3360","1839","3360","เปา วินวอช น้ำยาซักผ้า บลูแอคทีฟ ฟ้า 600 มล แพค2+1 (เปา วินวอช น้ำยาซักผ้า บลูแอคทีฟ ฟ้า 600 มล แพค2+1)","U00002118","8850002041912","U00002118","","","","","","",""
"SKU-1840-3361","1840","3361","เปา วินวอช น้ำยาซักผ้า ส้ม 600 มล แพค2+1 (เปา วินวอช น้ำยาซักผ้า ส้ม 600 มล แพค2+1)","U00002119","8850002041950","U00002119","","","","","","",""
"SKU-1841-3362","1841","3362","ฟันโอ อิโมจิ คุกกี้แซนวิช ไส้ครีมรสช็อกโกแลต 45 ก. 12 ชิ้น (ฟันโอ อิโมจิ คุกกี้แซนวิช ไส้ครีมรสช็อกโกแลต 45 ก. 12 ชิ้น)","U00002120","8850309215429","U00002120","","","","","","",""
"SKU-1842-3363","1842","3363","โฟร์โมสต์ โอเมก้า369 สมาร์ท4+จืด 180มล แพค12 (โฟร์โมสต์ โอเมก้า369 สมาร์ท4+จืด 180มล แพค12)","U00002121","8850188903981","U00002121","","","","","","",""
"SKU-1843-3364","1843","3364","คอลเกต แปรงสีฟัน กัมคลีน แพค6 (คอลเกต แปรงสีฟัน กัมคลีน แพค6)","U00002122","8850006927014","U00002122","","","","","","",""
"SKU-1844-3365","1844","3365","ออรัล-บี แปรงสีฟัน ชายนี่คลีน แปรงสีฟันขนแปรงนุ่ม แพค12 (ออรัล-บี แปรงสีฟัน ชายนี่คลีน แปรงสีฟันขนแปรงนุ่ม แพค12)","U00002123","4902430357968","U00002123","","","","","","",""
"SKU-1845-3366","1845","3366","โคโดโม แป้งเด็ก 160ก เจนเทิลซอฟท์ ชมพู  (โคโดโม แป้งเด็ก 160ก เจนเทิลซอฟท์ ชมพู แพค6)","U00002124","8850002904095","U00002124","","","","","","",""
"SKU-1846-3367","1846","3367","โคโดโม แป้งเด็ก 160 ก เอ็กซ์ตร้ามายด์ ฟ้า (โคโดโม แป้งเด็ก 160 ก เอ็กซ์ตร้ามายด์ ฟ้า แพค6)","U00002125","8850002909199","U00002125","","","","","","",""
"SKU-1847-3368","1847","3368","โปร ผงซักฟอก มาตรฐาน แดง 1.7 กก (โปร ผงซักฟอก มาตรฐาน แดง 1.7 กก)","U00002127","8850002024199","U00002127","","","","","","",""
"SKU-1848-3369","1848","3369","โปร ผงซักฟอก สวีทฟลอรัล ชมพู 1.7กก (โปร ผงซักฟอก สวีทฟลอรัล ชมพู 1.7กก)","U00002128","8850002029699","U00002128","","","","","","",""
"SKU-1849-3370","1849","3370","ป๊อกกี้ บิสกิตแท่ง รสนม 10ก.แพค12 (ป๊อกกี้ บิสกิตแท่ง รสนม 10ก.แพค12)","U00002126","-","U00002126","","","","","","",""
"SKU-1850-3373","1850","3373","ยู่ยี่ ขนมเปี๊ยะไก่หยอง 42ก แพค12 (ยู่ยี่ ขนมเปี๊ยะไก่หยอง 42ก แพค12)","U00002129","8858709606144","U00002129","","","","","","",""
"SKU-1851-3374","1851","3374","ยู่ยี่ ขนมเปี๊ยะรสกุ้ง 42ก แพค12 (ยู่ยี่ ขนมเปี๊ยะรสกุ้ง 42ก แพค12)","U00002130","8858709606328","U00002130","","","","","","",""
"SKU-1852-3375","1852","3375","ยู่ยี่ พัฟ เผือกไข่เค็ม 32ก แพค12 (ยู่ยี่ พัฟ เผือกไข่เค็ม 32ก ฟ้า แพค12)","U00002131","8858709607967","U00002131","","","","","","",""
"SKU-1853-3376","1853","3376","ยู่ยี่ พัฟ มันม่วง 32ก แพค12 (ยู่ยี่ พัฟ มันม่วง 32ก แพค12)","U00002132","8858709608513","U00002132","","","","","","",""
"SKU-1854-3377","1854","3377","ยู่ยี่ พัฟ ไข่เค็ม 32ก แพค12 (ยู่ยี่ พัฟ ไข่เค็ม 32ก แดง แพค12)","U00002133","8858709608544","U00002133","","","","","","",""
"SKU-1855-3378","1855","3378","ยู่ยี่ พัฟ ลาวา เหลือง 32ก แพค12 (ยู่ยี่ พัฟ ลาวา เหลือง 32ก แพค12)","U00002134","8858709608483","U00002134","","","","","","",""
"SKU-1856-3379","1856","3379","ยู่ยี่ ยูฟูกุ ไส้ถั่วแดง 30ก แพค12 (ยู่ยี่ ยูฟูกุ ไส้ถั่วแดง 30ก แพค12)","U00002135","8858709608643","U00002135","","","","","","",""
"SKU-1860-3380","1860","3380","ยู่ยี่ ยูฟูกุ ไส้งาดำ 30ก แพค12 (ยู่ยี่ ยูฟูกุ ไส้งาดำ 30ก แพค12)","U00002136","8858709608612","U00002136","","","","","","",""
"SKU-1861-3381","1861","3381","เบนเนท สบู่เอ็กซ์ตร้าไวท์ 130ก  (เบนเนท สบู่เอ็กซ์ตร้าไวท์ 130ก )","U00002137","8850784994741","U00002137","","","","","","",""
"SKU-1862-3382","1862","3382","ดีนี่ ปรับผ้านุ่มเด็ก 530มล สวีทดรีม ม่วงเข้ม P3+1 (ดีนี่ ปรับผ้านุ่มเด็ก 530มล สวีทดรีม ม่วงเข้ม P3+1)","U00002138","8851989966601","U00002138","","","","","","",""
"SKU-1863-3383","1863","3383","ไฮยีน เอ็กเพิร์ทแคร์ 470มล เรนโบว์บลูม พีช (ไฮยีน เอ็กเพิร์ทแคร์ 470มล เรนโบว์บลูม พีช)","U00002139","8850092279790","U00002139","","","","","","",""
"SKU-1863-3659","1863","3659","ไฮยีน เอ็กเพิร์ทแคร์ 470มล เรนโบว์บลูม พีช (ไฮยีน เอ็กเพิร์ทแคร์ 470มล เรนโบว์บลูม พีช แพค2+1)","U00002139","-","U00002139","","","","","","",""
"SKU-1864-3384","1864","3384","รวมรส น้ำปลาผสม 300มล (รวมรส น้ำปลาผสม 300มล แพค6)","U00002140","8851008000750","U00002140","","","","","","",""
"SKU-1864-3385","1864","3385","รวมรส น้ำปลาผสม 300มล (รวมรส น้ำปลาผสม 300มล หีบx36)","U00002140","18851008000733","U00002140","","","","","","",""
"SKU-1865-3386","1865","3386","มงกุฎทะเล ปลาแมคเคอเรลในซอสมะเขือเทศ 145 ก (มงกุฎทะเล ปลาแมคเคอเรลในซอสฯ 145 ก แพค10)","U00002141","8850229101918","U00002141","","","","","","",""
"SKU-1865-3387","1865","3387","มงกุฎทะเล ปลาแมคเคอเรลในซอสมะเขือเทศ 145 ก (มงกุฎทะเล ปลาแมคเคอเรลในซอสฯ 145 ก หีบx100)","U00002141","18850229101854","U00002141","","","","","","",""
"SKU-1866-3389","1866","3389","ปินโต้ ล้างจาน กลิ่นมะนาว ขวด700มล (ปินโต้ ล้างจาน กลิ่นมะนาว ขวด700มล)","U00002142","8850969367018","U00002142","","","","","","",""
"SKU-1866-3388","1866","3388","ปินโต้ ล้างจาน กลิ่นมะนาว ขวด700มล (ปินโต้ ล้างจาน กลิ่นมะนาว ขวด700มล หีบx12)","U00002142","8850969370070","U00002142","","","","","","",""
"SKU-1867-3745","1867","3745","ปินโต้ ล้างจาน ถุง450มล กลิ่นมะนาว  (ปินโต้ ล้างจาน กลิ่นมะนาว ถุง450มล)","U00002143","-","U00002143","","","","","","",""
"SKU-1867-3390","1867","3390","ปินโต้ ล้างจาน ถุง450มล กลิ่นมะนาว  (ปินโต้ ล้างจาน กลิ่นมะนาว ถุง450มล หีบx24)","U00002143","-","U00002143","","","","","","",""
"SKU-1868-3392","1868","3392","ปินโต้ ล้างจาน กลิ่นข้าวหอมมะลิ ถุง400มล (ปินโต้ ล้างจาน กลิ่นข้าวหอมมะลิ ถุง400มล)","U00002144","8850969386101","U00002144","","","","","","",""
"SKU-1868-3391","1868","3391","ปินโต้ ล้างจาน กลิ่นข้าวหอมมะลิ ถุง400มล (ปินโต้ ล้างจาน กลิ่นข้าวหอมมะลิ ถุง400มล หีบx24)","U00002144","18850969386108","U00002144","","","","","","",""
"SKU-1869-3394","1869","3394","โอโม ซันชายน์ 3500ก ฟลอรัลชมพู   (โอโม ซันชายน์ ฟลอรัลชมพู 3500ก )","U00002145","8851932479172","U00002145","","","","","","",""
"SKU-1869-3395","1869","3395","โอโม ซันชายน์ 3500ก ฟลอรัลชมพู   (โอโม ซันชายน์ ฟลอรัลชมพู 3500ก หีบx6)","U00002145","18851932465851","U00002145","","","","","","",""
"SKU-1870-3396","1870","3396","โอโม ซันชายน์ 250ก ฟลอรัลชมพู  (โอโม ซันชายน์ ฟลอรัลชมพู 250ก แพค6)","U00002146","-","U00002146","","","","","","",""
"SKU-1870-3397","1870","3397","โอโม ซันชายน์ 250ก ฟลอรัลชมพู  (โอโม ซันชายน์ ฟลอรัลชมพู 250ก หีบx36)","U00002146","18851932465820","U00002146","","","","","","",""
"SKU-1871-3398","1871","3398","บรีสเอกเซล ลิควิด เขียว 670มล  (บรีสเอกเซล ลิควิด เขียว 670มล )","U00002147","8851932230490","U00002147","","","","","","",""
"SKU-1871-3399","1871","3399","บรีสเอกเซล ลิควิด เขียว 670มล  (บรีสเอกเซล ลิควิด เขียว 670มล หีบx12)","U00002147","18851932382011","U00002147","","","","","","",""
"SKU-1872-3400","1872","3400","บรีสเอกเซล ลิควิด ชมพู 670มล  (บรีสเอกเซล ลิควิด ชมพู 670มล )","U00002148","8851932272414","U00002148","","","","","","",""
"SKU-1872-3401","1872","3401","บรีสเอกเซล ลิควิด ชมพู 670มล  (บรีสเอกเซล ลิควิด ชมพู 670มล หีบx12)","U00002148","18851932257036","U00002148","","","","","","",""
"SKU-1873-3402","1873","3402","บรีสเอกเซล ลิควิด ม่วง 670มล  (บรีสเอกเซล ลิควิด ม่วง 670มล )","U00002149","8851932378017","U00002149","","","","","","",""
"SKU-1873-3403","1873","3403","บรีสเอกเซล ลิควิด ม่วง 670มล  (บรีสเอกเซล ลิควิด ม่วง 670มล หีบx12)","U00002149","18851932389409","U00002149","","","","","","",""
"SKU-1874-3404","1874","3404","บรีสเอกเซล ลิควิด เขียว 1350มล  (บรีสเอกเซล ลิควิด เขียว 1350มล )","U00002150","8851932364959","U00002150","","","","","","",""
"SKU-1874-3405","1874","3405","บรีสเอกเซล ลิควิด เขียว 1350มล  (บรีสเอกเซล ลิควิด เขียว 1350มล หีบx6)","U00002150","18851932382141","U00002150","","","","","","",""
"SKU-1875-3406","1875","3406","บรีสเอกเซล ลิควิด ชมพู 1350มล  (บรีสเอกเซล ลิควิด ชมพู 1350มล )","U00002151","8851932364966","U00002151","","","","","","",""
"SKU-1875-3407","1875","3407","บรีสเอกเซล ลิควิด ชมพู 1350มล  (บรีสเอกเซล ลิควิด ชมพู 1350มล หีบx6)","U00002151","18851932382158","U00002151","","","","","","",""
"SKU-1876-3413","1876","3413","มาม่า โอเค 85 ก. รสต้มยำกุ้งน้ำข้น แพค4 (มาม่า โอเค 85 ก. รสต้มยำกุ้งน้ำข้น แพค4)","U00002161","8850987195075","U00002161","","","","","","",""
"SKU-1877-3414","1877","3414","ไบกอน กำจัดปลวก สีส้มดำ 300 มล แพค3 ฟลอรัล (ไบกอน กำจัดปลวก สีส้มดำ 300 มล แพค3)","U00002152","8850175069409","U00002152","","","","","","",""
"SKU-1878-3415","1878","3415","ไบกอน กำจัดแมลง ดีเลมอนนีน ส้ม 520 มล. แพค3 (ไบกอน กำจัดแมลง ดีเลมอนนีน ส้ม 520 มล. แพค3)","U00002153","8850175069171","U00002153","","","","","","",""
"SKU-1879-3416","1879","3416","ไบกอน กำจัดแมลง เฟรช สีเขียว 520 มล. แพค3 (ไบกอน กำจัดแมลง สีเขียว 520 มล. แพค3)","U00002154","8850175069096","U00002154","","","","","","",""
"SKU-1880-3417","1880","3417","ไบกอน กำจัดแมลง ลาเวนเดอร์ ม่วง 520 มล แพค3 (ไบกอน กำจัดแมลง ลาเวนเดอร์ ม่วง 520 มล แพค3)","U00002155","8850175069133","U00002155","","","","","","",""
"SKU-1881-3418","1881","3418","ไบกอน กำจัดแมลง ไร้กลิ่น ขาว 520 มล. แพค3 (ไบกอน กำจัดแมลง ไร้กลิ่น ขาว 520 มล. แพค3)","U00002156","8850175069218","U00002156","","","","","","",""
"SKU-1882-3419","1882","3419","ดีนี่ ซักผ้าเด็กชนิดน้ำ สีฟ้า 530 มล. แพค3 (ดีนี่ ซักผ้าเด็กชนิดน้ำ สีฟ้า 530 มล. แพค3)","U00002157","8851989960166","U00002157","","","","","","",""
"SKU-1883-3420","1883","3420","ดีนี่ ซักผ้าเด็ก นิวบอร์น สีชมพู 530 มล. แพค3 (ดีนี่ ซักผ้าเด็ก นิวบอร์น สีชมพู 530 มล. แพค3)","U00002158","8851989960302","U00002158","","","","","","",""
"SKU-1884-3421","1884","3421","ดีนี่ ซักผ้าเด็กผสมปรับผ้านุ่ม สีม่วง 460ml X3 (ดีนี่ ซักผ้าเด็กผสมปรับผ้านุ่ม สีม่วง 460ml X3)","U00002159","8851989961521","U00002159","","","","","","",""
"SKU-1885-3422","1885","3422","ดีนี่ ซักผ้าเด็ก อโลเวร่า สีเขียว 530 มล. x3 (ดีนี่ ซักผ้าเด็ก อโลเวร่า สีเขียว 530 มล. x3)","U00002160","8851989962207","U00002160","","","","","","",""
"SKU-1886-3423","1886","3423","คนอร์ คัพโจ๊ก ถ้วย รสหมู 32ก (คนอร์ คัพโจ๊ก ถ้วย รสหมู 32ก แพค6)","U00002162","8850144207887","U00002162","","","","","","",""
"SKU-1886-3424","1886","3424","คนอร์ คัพโจ๊ก ถ้วย รสหมู 32ก (คนอร์ คัพโจ๊ก ถ้วย รสหมู 32ก หีบx36)","U00002162","18851932429662","U00002162","","","","","","",""
"SKU-1887-3425","1887","3425","คนอร์ คัพโจ๊ก ถ้วย กุ้งปูอัด 32ก (คนอร์ คัพโจ๊ก ถ้วย กุ้งปูอัด 32ก แพค6)","U00002163","8850144208785","U00002163","","","","","","",""
"SKU-1887-3426","1887","3426","คนอร์ คัพโจ๊ก ถ้วย กุ้งปูอัด 32ก (คนอร์ คัพโจ๊ก ถ้วย กุ้งปูอัด 32ก หีบx36)","U00002163","18851932429686","U00002163","","","","","","",""
"SKU-1888-3427","1888","3427","คนอร์ คัพโจ๊ก ถ้วย หมูสาหร่าย 32ก (คนอร์ คัพโจ๊ก ถ้วย หมูสาหร่าย 32ก แพค6)","U00002164","8850144214021","U00002164","","","","","","",""
"SKU-1888-3428","1888","3428","คนอร์ คัพโจ๊ก ถ้วย หมูสาหร่าย 32ก (คนอร์ คัพโจ๊ก ถ้วย หมูสาหร่าย 32ก หีบx36)","U00002164","18851932429693","U00002164","","","","","","",""
"SKU-1889-3429","1889","3429","คนอร์ ซุปก้อน รสต้มยำ 24ก (คนอร์ ซุปก้อน รสต้มยำ 24ก แพค24)","U00002165","8850144058199","U00002165","","","","","","",""
"SKU-1889-3430","1889","3430","คนอร์ ซุปก้อน รสต้มยำ 24ก (คนอร์ ซุปก้อน รสต้มยำ 24ก หีบx144)","U00002165","18851932431337","U00002165","","","","","","",""
"SKU-1890-3570","1890","3570","คนอร์ ซุปก้อน รสหมู 40ก  (คนอร์ ซุปก้อน รสหมู 40ก แพค12)","U00002168","8850144206460","U00002168","","","","","","",""
"SKU-1890-3432","1890","3432","คนอร์ ซุปก้อน รสหมู 40ก  (คนอร์ ซุปก้อน รสหมู 40ก  หีบx12แพค12)","U00002168","-","U00002168","","","","","","",""
"SKU-1891-3433","1891","3433","พอนด์ส แป้งฝุ่น พิ้งคิสโกล์ว สีขาวขมพู 45ก (พอนด์ส แป้งฝุ่น สีขาวขมพู 45ก แพค6)","U00002171","8851932111799","U00002171","","","","","","",""
"SKU-1894-3434","1894","3434","พอนด์ส แป้งฝุ่น เมจิก บีบี 45ก (พอนด์ส แป้งฝุ่น เมจิก บีบี 45ก แพค6)","U00002172","8851932301589","U00002172","","","","","","",""
"SKU-1895-3435","1895","3435","พอนด์ส แป้งฝุ่นเบลอริ่ง  สีทอง 45ก (พอนด์ส แป้งฝุ่นเบลอริ่ง  สีทอง 45ก แพค6)","U00002173","8851932416337","U00002173","","","","","","",""
"SKU-1896-3436","1896","3436","ซิตร้า โลชั่น 110มล เพิร์ล ชมพู (ซิตร้า โลชั่น 110มล เพิร์ล ชมพู แพค3)","U00002174","8851932471879","U00002174","","","","","","",""
"SKU-1897-3437","1897","3437","ซิตร้า โลชั่น 110มล ซากุระ ฟ้าชมพู (ซิตร้า โลชั่น 110มล ซากุระ ฟ้าชมพู แพค3)","U00002175","8851932471916","U00002175","","","","","","",""
"SKU-1898-3438","1898","3438","ซิตร้า โลชั่น 110 มล ทานาคา เขียว (ซิตร้า โลชั่น 110 มล ทานาคา เขียว แพค3)","U00002176","8851932471893","U00002176","","","","","","",""
"SKU-1899-3439","1899","3439","อัมพวา กะทิ ""ขวด"" 1000มล (อัมพวา กะทิ ""ขวด"" 1000มล)","U00001863","8850161166143","U00001863","","","","","","",""
"SKU-1899-3440","1899","3440","อัมพวา กะทิ ""ขวด"" 1000มล (อัมพวา กะทิ ""ขวด"" 1000มล หีบx12)","U00001863","28850161166147","U00001863","","","","","","",""
"SKU-1900-3441","1900","3441","อัมพวา กะทิ ขวด 500มล แพค3 (อัมพวา กะทิ ขวด 500มล แพค3)","U00001865","8850161166235","U00001865","","","","","","",""
"SKU-1900-3442","1900","3442","อัมพวา กะทิ ขวด 500มล แพค3 (อัมพวา กะทิ ขวด 500มล หีบx24)","U00001865","18850161166232","U00001865","","","","","","",""
"SKU-1901-3443","1901","3443","อาเจ บิ๊ก กลิ่นโคล่า 360มล แพค12 (อาเจ บิ๊ก กลิ่นโคล่า 360มล แพค12)","U00002177","8858638007241","U00002177","","","","","","",""
"SKU-1902-3444","1902","3444","อาเจ บิ๊ก กลิ่นมิกซ์ฟรุต เขียว 360มล แพค12 (อาเจ บิ๊ก กลิ่นมิกซ์ฟรุต เขียว 360มล แพค12)","U00002180","8858638007289","U00002180","","","","","","",""
"SKU-1903-3445","1903","3445","อาเจ บิ๊ก กลิ่นสตรอเบอร์รี่ แดง 360มล แพค12 (อาเจ บิ๊ก กลิ่นสตรอเบอร์รี่ แดง 360มล แพค12)","U00002178","8858638007272","U00002178","","","","","","",""
"SKU-1904-3446","1904","3446","อาเจ บิ๊ก กลิ่นส้ม 360มล แพค12 (อาเจ บิ๊ก กลิ่นส้ม 360มล แพค12)","U00002179","8858638007258","U00002179","","","","","","",""
"SKU-1907-3447","1907","3447","โวลต์ เครื่องดื่มโซดากาเฟอีนซิงค์ 200มล แพค12 (โวลต์ เครื่องดื่มกาเฟอีนและซิงค์ 200มล แพค12)","U00002181","8858638003649","U00002181","","","","","","",""
"SKU-1908-3448","1908","3448","เซียโล่ เครื่องดื่ม ลิ้นจี่โซดา ""590มล""  (เชียโล่ เครื่องดื่มกลิ่นลิ้นจี่โซดา 590มล แพค12)","U00002182","8858638009450","U00002182","","","","","","",""
"SKU-1909-3450","1909","3450","ทอมมี่ เยลลี่ ฟรุตตี้ น้ำเงิน 15กx12 (ทอมมี่ เยลลี่ ฟรุตตี้ น้ำเงิน 15กx12)","U00002183","8852047237411","U00002183","","","","","","",""
"SKU-1910-3451","1910","3451","ทอมมี่่ เยลลี่ วิตามินซี เหลือง 15กx12 (ทอมมี่่ เยลลี่ วิตามินซี เหลือง 15กx12)","U00002184","8852047237220","U00002184","","","","","","",""
"SKU-1911-3452","1911","3452","โยโย เยลลี่ โคล่า 15ก x12 (โยโย เยลลี่ โคล่า 15ก x12)","U00002185","8852047232034","U00002185","","","","","","",""
"SKU-1912-3453","1912","3453","โยโย เยลลี่ องุ่น 15ก x12 (โยโย เยลลี่ องุ่น 15ก x12)","U00002186","8852047232416","U00002186","","","","","","",""
"SKU-1913-3454","1913","3454","โยโย เยลลี่ สัปปะรดพริกเกลือ 15ก x12 (โยโย เยลลี่ สัปปะรดพริกเกลือ 15ก x12)","U00002187","8852047260082","U00002187","","","","","","",""
"SKU-1914-3455","1914","3455","โยโย เยลลี่ บับเบิ้ลฟิล 24.5ก x12 (โยโย เยลลี่ บับเบิ้ลฟิล 24.5ก x12)","U00002188","8852047249797","U00002188","","","","","","",""
"SKU-1915-3456","1915","3456","โยโย เยลลี่ ซูสวนสัตว์ 15ก x12 (โยโย เยลลี่ ซูสวนสัตว์ 15ก x12)","U00002189","8852047249773","U00002189","","","","","","",""
"SKU-1916-3457","1916","3457","โปร ผงซักฟอก บลูพลัส แดง 2.4กก (โปร ผงซักฟอก บลูพลัส แดง 2.4กก)","U00002190","8850002001510","U00002190","","","","","","",""
"SKU-1916-3458","1916","3458","โปร ผงซักฟอก บลูพลัส แดง 2.4กก (โปร ผงซักฟอก บลูพลัส แดง 2.4กก หีบx4)","U00002190","8850002001510","U00002190","","","","","","",""
"SKU-1917-3459","1917","3459","โปร ผงซักฟอก สวีทฟลอรัล ชมพู 2.4กก (โปร ผงซักฟอก สวีทฟลอรัล ชมพู 2.4กก)","U00002191","8850002029675","U00002191","","","","","","",""
"SKU-1917-3460","1917","3460","โปร ผงซักฟอก สวีทฟลอรัล ชมพู 2.4กก (โปร ผงซักฟอก สวีทฟลอรัล ชมพู 2.4กก หีบx4)","U00002191","18850002029672","U00002191","","","","","","",""
"SKU-1918-3461","1918","3461","โปร ผงซักฟอก กรีนฟอเรส เขียวเข้ม 2.4กก (โปร ผงซักฟอก กรีนฟอเรส เขียวเข้ม 2.4กก)","U00002192","8850002034297","U00002192","","","","","","",""
"SKU-1918-3462","1918","3462","โปร ผงซักฟอก กรีนฟอเรส เขียวเข้ม 2.4กก (โปร ผงซักฟอก กรีนฟอเรส เขียวเข้ม 2.4กก หีบx4)","U00002192","18850002034294","U00002192","","","","","","",""
"SKU-1919-3464","1919","3464","ซอฟเฟล สเปร์ยกันยุง 30 มล ฟลอร่า แพค4 (ซอฟเฟล สเปร์ยกันยุง 30 มล ฟลอร่า แพค4)","U00002193","8992772064200","U00002193","","","","","","",""
"SKU-1920-3465","1920","3465","โคโดโม ซักผ้าเด็ก ฟ้า 580 มล. (โคโดโม ซักผ้าเด็ก ฟ้า 580 มล. แพค3)","U00002194","8850002015715","U00002194","","","","","","",""
"SKU-1921-3466","1921","3466","โคโดโม ซักผ้าเด็ก นิวบอร์น ชมพู 580 มล (โคโดโม ซักผ้าเด็ก นิวบอร์น ชมพู 580 มล แพค3)","U00002195","8850002035256","U00002195","","","","","","",""
"SKU-1922-3467","1922","3467","เบบี้มายด์ ซักผ้าเด็ก 2in1 ไบโอแกนิค เขียว 530มล. (เบบี้มายด์ ซักผ้าเด็ก 2in1 ไบโอแกนิค เขียว 530มล แพค3)","U00002196","8851123742269","U00002196","","","","","","",""
"SKU-1923-3468","1923","3468","เบบี้มายด์ ซักผ้าเด็ก 2in1 ไวท์ซากุระ ชมพู 530มล. (เบบี้มายด์ ซักผ้าเด็ก 2in1 ไวท์ซากุระ ชมพู 530มล แพค3)","U00002197","8851123742320","U00002197","","","","","","",""
"SKU-1924-3469","1924","3469","เบบี้มายด์ ซักผ้าเด็ก 2in1 เบบี้ทัช ขาวส้ม 570มล. (เบบี้มายด์ ซักผ้าเด็ก เบบี้ทัช ขาวส้ม 570มล.แพค3)","U00002198","8851123347105","U00002198","","","","","","",""
"SKU-1925-3470","1925","3470","เบบี้มายด์ ซักผ้าเด็ก 2in1 ลาเวนเดอร์ ม่วง 530มล. (เบบี้มายด์ ซักผ้าเด็ก ลาเวนเดอร์ ม่วง 530มล. แพค3)","U00002199","8851123742825","U00002199","","","","","","",""
"SKU-1926-3471","1926","3471","สก๊อตซ์-ไบรต์ ฟองน้ำ 3x4"" แพค12 (สก๊อตซ์-ไบรต์ ฟองน้ำ 3x4"" แพค12)","U00002205","8850304017868","U00002205","","","","","","",""
"SKU-1927-3472","1927","3472","เบบี้มายด์ แป้งเด็ก ไบโอแกนิค เขียว 160ก  (เบบี้มายด์ แป้งเด็ก ไบโอแกนิค เขียว 160ก แพค3)","U00002200","8851123740432","U00002200","","","","","","",""
"SKU-1928-3473","1928","3473","เบบี้มายด์ แป้งเด็ก สวีทตี้พิงค์ ชมพู 160 ก (เบบี้มายด์ แป้งเด็ก สวีทตี้พิงค์ ชมพู 160 ก แพค3)","U00002201","8851123705691","U00002201","","","","","","",""
"SKU-1929-3474","1929","3474","เบบี้มายด์ แป้งเด็ก ดับเบิ้ลมิลค์ ม่วง 160 ก (เบบี้มายด์ แป้งเด็ก ดับเบิ้ลมิลค์ ม่วง 160 ก แพค3)","U00002202","8851123740470","U00002202","","","","","","",""
"SKU-1930-3475","1930","3475","เบบี้มายด์ แป้งเด็ก ไวท์ซากุระ ขาวชมพู160 ก (เบบี้มายด์ แป้งเด็ก ไวท์ซากุระ ขาวชมพู160 ก แพค3)","U00002203","8851123740609","U00002203","","","","","","",""
"SKU-1931-3476","1931","3476","เบบี้มายด์ แป้งเด็ก พรีไบโอติก ฟ้า 160 ก (เบบี้มายด์ แป้งเด็ก พรีไบโอติก ฟ้า 160 ก แพค3)","U00002204","8851123750202","U00002204","","","","","","",""
"SKU-1932-3477","1932","3477","ทเวลฟ์ พลัส โรลออน ดับเบิลไวท์ ชมพู 20 มล. P2+1 (ทเวลฟ์ พลัส โรลออน ดับเบิลไวท์ ชมพู 20 มล. P2+1)","U00002206","8851123809504","U00002206","","","","","","",""
"SKU-1933-3478","1933","3478","ทเวลฟ์ พลัส โรลออน ออร่าไบร์ท  20 มล. P2+1 (ทเวลฟ์ พลัส โรลออน ออร่าไบร์ท  20 มล. P2+1)","U00002207","8851123809443","U00002207","","","","","","",""
"SKU-1934-3479","1934","3479","ทเวลฟ์ พลัส โรลออน สเนล 20 มล. P2+1 (ทเวลฟ์ พลัส โรลออน สเนล 20 มล. P2+1)","U00002208","8851123809498","U00002208","","","","","","",""
"SKU-1935-3480","1935","3480","ทเวลฟ์ พลัส โรลออน นูริช 20 มล. P2+1 (ทเวลฟ์ พลัส โรลออน นูริช 20 มล. P2+1)","U00002209","8851123809450","U00002209","","","","","","",""
"SKU-1936-3481","1936","3481","ไบกอน กำจัดแมลง เฟรช สีเขียว 250มล แพค3 (ไบกอน กำจัดแมลง เฟรช สีเขียว 250มล แพค3)","U00002210","8850175069072","U00002210","","","","","","",""
"SKU-1937-3482","1937","3482","ไบกอน กำจัดแมลง ดีเลมอนนีน ส้ม 250มล แพค3 (ไบกอน กำจัดแมลง ดีเลมอนนีน ส้ม 250มล แพค3)","U00002211","8850175069157","U00002211","","","","","","",""
"SKU-1938-3483","1938","3483","ไบกอน กำจัดแมลง ลาเวนเดอร์ ม่วง 250มล แพค3 (ไบกอน กำจัดแมลง ลาเวนเดอร์ ม่วง 250มล แพค3)","U00002212","8850175069119","U00002212","","","","","","",""
"SKU-1939-3484","1939","3484","ไบกอน กำจัดแมลง กรีนที 250มล แพค3 (ไบกอน กำจัดแมลง กรีนที 250มล แพค3)","U00002213","8850175069270","U00002213","","","","","","",""
"SKU-1940-3485","1940","3485","ไบกอน กำจัดแมลง ไร้กลิ่น เขียวคาดขาว 250มล แพค3 (ไบกอน กำจัดแมลง ไร้กลิ่น เขียวคาดขาว 250มล แพค3)","U00002214","8850175069195","U00002214","","","","","","",""
"SKU-1941-3486","1941","3486","ดีน่า งาดำ น้ำตาลน้อย  180มล (ดีน่า งาดำ น้ำตาลน้อย  180มล หีบx12แพค4)","U00002221","8851717200694","U00002221","","","","","","",""
"SKU-1942-3487","1942","3487","ฟ้าไทย ผงปรุงรสหมู 800ก (ฟ้าไทย ผงปรุงรสหมู 800ก)","U00002216","8854334000241","U00002216","","","","","","",""
"SKU-1943-3488","1943","3488","มอลคิสท์ แครกเกอร์ สาหร่าย 14ก x24 (มอลคิสท์ แครกเกอร์ สาหร่าย 14ก แพค24)","U00002230","8996001312902","U00002230","","","","","","",""
"SKU-1944-3489","1944","3489","มอลคิสท์ แครกเกอร์ ต้มยำ 14ก x24 (มอลคิสท์ แครกเกอร์ ต้มยำ 14ก แพค24)","U00002231","8996001311103","U00002231","","","","","","",""
"SKU-1945-3490","1945","3490","มอลคิสท์ แครกเกอร์ บาร์บีคิวฟรอส 14 ก x24 (มอลคิสท์ แครกเกอร์ บาร์บีคิวฟรอส 14ก แพค24)","U00002229","8996001302934","U00002229","","","","","","",""
"SKU-1946-3491","1946","3491","ชาวเกาะ กะทิ กล่อง 1000 มล. (  ชาวเกาะ กะทิ กล่อง 1000 มล.)","U00002215","8850367100026","U00002215","","","","","","",""
"SKU-1946-3492","1946","3492","ชาวเกาะ กะทิ กล่อง 1000 มล. (  ชาวเกาะ กะทิ กล่อง 1000 มล.)","U00002215","28850367100020","U00002215","","","","","","",""
"SKU-1947-3493","1947","3493","ชาวเกาะ กะทิ กล่อง 250 มล. (  ชาวเกาะ กะทิ กล่อง 250 มล.)","U00002222","8850367100132","U00002222","","","","","","",""
"SKU-1947-3494","1947","3494","ชาวเกาะ กะทิ กล่อง 250 มล. (  ชาวเกาะ กะทิ กล่อง 250 มล.)","U00002222","58850367100014","U00002222","","","","","","",""
"SKU-1948-3495","1948","3495","ฟลูโล เวเฟอร์สติกช็อกโกแลต 18 ก. (ฟลูโล เวเฟอร์สติกช็อกโกแลต 18 ก.)","U00002217","8991102772204","U00002217","","","","","","",""
"SKU-1953-3500","1953","3500","แพนทีน ครีมนวดผม โททัล แดมเมจ แคร์ 70 มล. x 3 (แพนทีน ครีมนวดผม โททัล แดมเมจ แคร์ 70 มล. x 3)","U00002232","4902430563369","U00002232","","","","","","",""
"SKU-1955-3502","1955","3502","แพนทีน ครีมนวดผม แฮร์ ฟอล คอนโทรล 70 มล. x 3 (แพนทีน ครีมนวดผม แฮร์ ฟอล คอนโทรล 70 มล. x 3)","U00002233","4902430563314","U00002233","","","","","","",""
"SKU-1956-3503","1956","3503","โก ช็อกโก โรลทวิน 24ก (โก ช็อกโก โรลทวิน 24ก)","U00002218","8996001353424","U00002218","","","","","","",""
"SKU-1957-3504","1957","3504","ฟลูโล บราวนี่ คริสปี้ 9 ก. (ฟลูโล บราวนี่ คริสปี้ 9 ก.)","U00002219","8991102017633","U00002219","","","","","","",""
"SKU-1960-3505","1960","3505","แพนทีน ครีมนวดผม ทรี-มินิท โททัล ม่วงทอง 70 มล. x 3 (แพนทีน ครีมนวดผม ทรี-มินิท โททัล ม่วงทอง 70 มล. x 3)","U00002234","4902430643467","U00002234","","","","","","",""
"SKU-1961-3506","1961","3506","ภูเขาทอง ซอสปรุงรส ฝาเหลือง 210มล. (ภูเขาทอง ซอสปรุงรส ฝาเหลือง 210มล.)","U00002220","8851954193117","U00002220","","","","","","",""
"SKU-1962-3507","1962","3507","แพนทีน ครีมนวดผม ทรี-มินิท แฮร์ฟอล ชมพูทอง 70 มล. x 3 (แพนทีน ครีมนวดผม ทรี-มินิท แฮร์ฟอล ชมพูทอง 70 มล. x 3)","U00002235","4902430643450","U00002235","","","","","","",""
"SKU-1964-3508","1964","3508","ฟลูโล วาฟเฟิล สตรอเบอรี่โยเกิร์ต 17ก. (ฟลูโล วาฟเฟิล สตรอเบอรี่โยเกิร์ต 17ก.)","U00002223","8991102017350","U00002223","","","","","","",""
"SKU-1965-3509","1965","3509","ฟลูโล วาฟเฟิล ช็อกโกเฮเซลนัท 17ก. (ฟลูโล วาฟเฟิล ช็อกโกเฮเซลนัท 17ก.)","U00002224","8991102974783","U00002224","","","","","","",""
"SKU-1966-3510","1966","3510","ฟลูโล วาฟเฟิล คุกกี้&ครีม 17ก. (ฟลูโล วาฟเฟิล คุกกี้&ครีม 17ก.)","U00002225","8991102385336","U00002225","","","","","","",""
"SKU-1967-3511","1967","3511","ท็อปโป สตรอเบอร์รี่ 11ก. (ท็อปโป สตรอเบอร์รี่ 11ก.)","U00002226","8852008511215","U00002226","","","","","","",""
"SKU-1968-3512","1968","3512","ท็อปโป ช็อก+วนิลา 11ก. (ท็อปโป ช็อก+วนิลา 11ก.)","U00002227","8852008510324","U00002227","","","","","","",""
"SKU-1969-3513","1969","3513","ท็อปโป ช็อคโกแลต 11ก. (ท็อปโป ช็อคโกแลต 11ก.)","U00002228","8852008510539","U00002228","","","","","","",""
"SKU-1971-3515","1971","3515","ซันซิล ครีมนวดผม เพอร์เฟคสเตรท ม่วง 60 มล. x 6 (ซันซิล ครีมนวดผม เพอร์เฟคสเตรท ม่วง 60 มล. x6)","U00002236","8851932354578","U00002236","","","","","","",""
"SKU-1972-3516","1972","3516","ซันซิล ครีมนวดผม ซอฟท์&สมูท เหลือง 60 มล. x6 (ซันซิล ครีมนวดผม ซอฟท์&สมูท เหลือง 60 มล. x 6)","U00002237","8851932354554","U00002237","","","","","","",""
"SKU-1973-3517","1973","3517","ซอลส์ ยาสีฟัน สูตรเฟรช 140ก แพค4 (ซอลส์ ยาสีฟัน สูตรเฟรช 140ก แพค4)","U00002238","8850002027992","U00002238","","","","","","",""
"SKU-1974-3518","1974","3518","ซอลส์ ยาสีฟัน สูตรออริจินัล 40ก แพค12 (ซอลส์ ยาสีฟัน สูตรออริจินัล 40ก แพค12)","U00002239","8850002900806","U00002239","","","","","","",""
"SKU-1975-3519","1975","3519","ซอลส์ ยาสีฟัน สูตรออริจินัล 140ก แพค4 (ซอลส์ ยาสีฟัน สูตรออริจินัล 140ก แพค4)","U00002240","8850002027985","U00002240","","","","","","",""
"SKU-1976-3520","1976","3520","ร็อคเมาเท็น โซดา 325 มล. แพคx24 (ร็อค เมาเท็น โซดา 325 มล. แพคx24)","U00002241","8851994112109","U00002241","","","","","","",""
"SKU-1977-3521","1977","3521","โอคาชิ ลูกอมรสเปรี้ยว กลิ่นเลมอน 16กรัมx12ห่อ (โอคาชิ ลูกอมรสเปรี้ยว กลิ่นเลมอน 16กรัมx12ห่อ)","U00002242","8858152018143","U00002242","","","","","","",""
"SKU-1977-3775","1977","3775","โอคาชิ ลูกอมรสเปรี้ยว กลิ่นเลมอน 16กรัมx12ห่อ (โอคาชิ ลูกอมรสเปรี้ยว กลิ่นเลมอน 16กรัมx12ห่อx24)","U00002242","8858152018150","U00002242","","","","","","",""
"SKU-1978-3523","1978","3523","องุ่น น้ำมันถั่วเหลือง ขวด 1ลิตร (องุ่น น้ำมันถั่วเหลือง ขวด 1ลิตร)","U00002246","8850210000039","U00002246","","","","","","",""
"SKU-1978-3536","1978","3536","องุ่น น้ำมันถั่วเหลือง ขวด 1ลิตร (องุ่น น้ำมันถั่วเหลือง ขวด 1ลิตร หีบx12)","U00002246","28850210000033","U00002246","","","","","","",""
"SKU-1979-3525","1979","3525","กาโตะ น้ำสับปะรด25%+วุ้นมะพร้าว 250มล  (กาโตะ น้ำสับปะรด25%+วุ้นมะพร้าว 250มล แพค6)","U00002243","8850624232262","U00002243","","","","","","",""
"SKU-1979-3524","1979","3524","กาโตะ น้ำสับปะรด25%+วุ้นมะพร้าว 250มล  (กาโตะ น้ำสับปะรด25%+วุ้นมะพร้าว 250มล หีบx48)","U00002243","8850624232286","U00002243","","","","","","",""
"SKU-1980-3527","1980","3527","กาโตะ น้ำซัมเมอร์พั้นซ์25%+วุ้นมะพร้าว 250มล  (กาโตะ น้ำซัมเมอร์พั้นซ์25%+วุ้นมะพร้าว 250มล แพค6)","U00002244","8850624232606","U00002244","","","","","","",""
"SKU-1980-3526","1980","3526","กาโตะ น้ำซัมเมอร์พั้นซ์25%+วุ้นมะพร้าว 250มล  (กาโตะ น้ำซัมเมอร์พั้นซ์25%+วุ้นมะพร้าว 250มล หีบx48)","U00002244","8850624232620","U00002244","","","","","","",""
"SKU-1981-3529","1981","3529","กาโตะ บลูฮาวาย+วุ้นมะพร้าว 250มล  (กาโตะ บลูฮาวาย+วุ้นมะพร้าว 250มล  แพค6)","U00002245","8850624232347","U00002245","","","","","","",""
"SKU-1981-3528","1981","3528","กาโตะ บลูฮาวาย+วุ้นมะพร้าว 250มล  (กาโตะ บลูฮาวาย+วุ้นมะพร้าว 250มล  หีบx48)","U00002245","8850624232361","U00002245","","","","","","",""
"SKU-1982-3530","1982","3530","วาเฟโร เวเฟอร์ไส้ครีมซอกโกแลต 27.5ก  (วาเฟโร เวเฟอร์ไส้ครีมซอกโกแลต 27.5ก)","U00002247","8996001351741","U00002247","","","","","","",""
"SKU-1987-3531","1987","3531","โอวัลติน 3อิน1 หวานน้อย 31ก P17ซอง (โอวัลติน 3อิน1 หวานน้อย 31ก P17ซอง)","U00002248","8850086165948","U00002248","","","","","","",""
"SKU-1988-3532","1988","3532","ฮอลล์ ชิวส์ รสมินต์ 47 ก. x 15 (ฮอลล์ ชิวส์ รสมินต์ 47 ก. x 15)","U00002249","7622202051005","U00002249","","","","","","",""
"SKU-1989-3533","1989","3533","ฮอลล์ ชิวส์ แตงโม 47 ก. x 15 (ฮอลล์ ชิวส์ แตงโม 47 ก. x 15)","U00002250","7622202051258","U00002250","","","","","","",""
"SKU-1990-3534","1990","3534","ฟันโอ คุกกี้สอดไส้ ครีมช็อค 25 ก. x 12 (ฟันโอ คุกกี้สอดไส้ ครีมช็อค 25 ก. x 12)","U00002251","8850309205246","U00002251","","","","","","",""
"SKU-1991-3535","1991","3535","ทิวลี่ คอมโบ ไส้ช็อค,คาราเมล,ข้าวพอง 30 ก x 12  (ทิวลี่ คอมโบ ไส้ช็อค,คาราเมล,ข้าวพอง 30 ก x 12 )","U00002252","8850309205260","U00002252","","","","","","",""
"SKU-1992-3541","1992","3541","ซอลส์ ยาสีฟัน สูตรเฟรช 80ก  (ซอลส์ ยาสีฟัน สูตรเฟรช 80ก แพค6)","U00002253","8850002016170","U00002253","","","","","","",""
"SKU-1992-3542","1992","3542","ซอลส์ ยาสีฟัน สูตรเฟรช 80ก  (ซอลส์ ยาสีฟัน สูตรเฟรช 80ก หีบx6แพค6)","U00002253","8850002008953","U00002253","","","","","","",""
"SKU-1993-3543","1993","3543","ซอลส์ ยาสีฟัน สูตรออริจินัล 80ก  (ซอลส์ ยาสีฟัน สูตรออริจินัล 80ก แพค6)","U00002254","-","U00002254","","","","","","",""
"SKU-1993-3544","1993","3544","ซอลส์ ยาสีฟัน สูตรออริจินัล 80ก  (ซอลส์ ยาสีฟัน สูตรออริจินัล 80ก หีบx36)","U00002254","-","U00002254","","","","","","",""
"SKU-1994-3549","1994","3549","ไฮยีน เอ็กเพิร์ทแคร์ 20มล มอร์นิ่งเฟรช น้ำเงิน แพค24 (ไฮยีน เอ็กเพิร์ทแคร์ 20มล มอร์นิ่งเฟรช น้ำเงิน)","U00002258","8850092283100","U00002258","","","","","","",""
"SKU-1995-3550","1995","3550","ซิสเท็มมา ยาสีฟัน ไอซีมินต์ ฟ้า 80ก (ซิสเท็มมา ยาสีฟัน ไอซีมินต์ ฟ้า 80ก แพค6)","U00002255","8850002017504","U00002255","","","","","","",""
"SKU-1995-3551","1995","3551","ซิสเท็มมา ยาสีฟัน ไอซีมินต์ ฟ้า 80ก (ซิสเท็มมา ยาสีฟัน ไอซีมินต์ ฟ้า 80ก หีบx36)","U00002255","8850002017498","U00002255","","","","","","",""
"SKU-1996-3553","1996","3553","ซิสเท็มมา ยาสีฟัน สปริงมินต์ เขียว 80ก (ซิสเท็มมา ยาสีฟัน สปริงมินต์ เขียว 80ก)","U00002256","8850002017566","U00002256","","","","","","",""
"SKU-1996-3552","1996","3552","ซิสเท็มมา ยาสีฟัน สปริงมินต์ เขียว 80ก (ซิสเท็มมา ยาสีฟัน สปริงมินต์ เขียว 80ก แพค6)","U00002256","8850002017573","U00002256","","","","","","",""
"SKU-2002-3554","2002","3554","ซิสเท็มมา ยาสีฟัน เชอรี่ ชมพู 80ก (ซิสเท็มมา ยาสีฟัน เชอรี่ ชมพู 80ก แพค6)","U00002257","8850002020450","U00002257","","","","","","",""
"SKU-2002-3555","2002","3555","ซิสเท็มมา ยาสีฟัน เชอรี่ ชมพู 80ก (ซิสเท็มมา ยาสีฟัน เชอรี่ ชมพู 80ก หีบx36)","U00002257","8850002020443","U00002257","","","","","","",""
"SKU-2003-3556","2003","3556","แม็กกี้ ซอสเหยาะจิ้ม 200 มล (แม็กกี้ ซอสปรุงเหยาะจิ้ม 200 มล แพค6)","U00002259","8850124065513","U00002259","","","","","","",""
"SKU-2003-3917","2003","3917","แม็กกี้ ซอสเหยาะจิ้ม 200 มล (แม็กกี้ ซอสปรุงเหยาะจิ้ม 200 มล หีบx4แพค6)","U00002259","-","U00002259","","","","","","",""
"SKU-2004-3557","2004","3557","แม็กกี้ ซอสปรุง ฝาเขียว 680 มล. สูตรเข้ม (แม็กกี้ ซอสปรุง ฝาเขียว 680 มล. สูตรเข้ม แพค3)","U00002260","8850125080928","U00002260","","","","","","",""
"SKU-2004-3916","2004","3916","แม็กกี้ ซอสปรุง ฝาเขียว 680 มล. สูตรเข้ม (แม็กกี้ ซอสปรุง ฝาเขียว 680 มล. สูตรเข้ม หีบx12)","U00002260","-","U00002260","","","","","","",""
"SKU-2005-3558","2005","3558","แม็กกี้ ซอสปรุง สูตรผัด 1000มล  ฝาเหลือง (แม็กกี้ ซอสปรุงอาหาร 1 ล สูตรผัด เหลือง แพค3)","U00002261","8850011074567","U00002261","","","","","","",""
"SKU-2006-3559","2006","3559","คนอร์ ซุปก้อน รสหมู 80ก แพค6 (คนอร์ ซุปก้อน รสหมู 80ก แพค6)","U00002262","8850144206569","U00002262","","","","","","",""
"SKU-2007-3560","2007","3560","โฟร์โมสต์ โอเมก้า นม UHT หวาน 110 มล. x 48 (โฟร์โมสต์ โอเมก้า นม UHT หวาน 110 มล. x 48)","U00002263","-","U00002263","","","","","","",""
"SKU-2008-3561","2008","3561","โฟร์โมสต์ โอเมก้า นม ช็อค 110 มล. x 48 (โฟร์โมสต์ โอเมก้า ช็อค 110 มล. x 48)","U00002264","-","U00002264","","","","","","",""
"SKU-2009-3562","2009","3562","วอยซ์ แครกเกอร์วอยซ์ แครกเกอร์สอดไส้ครีม 24 ก. x 12 (วอยซ์ แครกเกอร์วอยซ์ แครกเกอร์สอดไส้ครีม 24 ก. x 12)","U00002265","8858279001950","U00002265","","","","","","",""
"SKU-2010-3563","2010","3563","วอยซ์ แครกเกอร์สอดไส้ครีมรสนม 24 ก. 12 ชิ้น (วอยซ์ แครกเกอร์สอดไส้ครีมรสนม 24 ก. 12 ชิ้น)","U00002266","8858279001196","U00002266","","","","","","",""
"SKU-2011-3564","2011","3564","วอยซ์ แครกเกอร์ สอดไส้ครีมรสช็อกโกแลต 24 ก. x 12 (วอยซ์ แครกเกอร์ สอดไส้ครีมรสช็อกโกแลต 24 ก. x 12)","U00002267","8858279001288","U00002267","","","","","","",""
"SKU-2012-3565","2012","3565","ซุปเปอร์สตาร์ ช็อกโกแลตเวเฟอร์ 12.5 ก. 12 ชิ้น (ซุปเปอร์สตาร์ ช็อกโกแลตเวเฟอร์ 12.5 ก. 12 ชิ้น)","U00002268","-","U00002268","","","","","","",""
"SKU-2013-3566","2013","3566","ฉั่วฮะเส็ง น้ำพริกเผาถุง สูตรต้มยำ 500 ก. (ฉั่วฮะเส็ง น้ำพริกเผาถุง สูตรต้มยำ 500 ก.)","U00002269","8852391011347","U00002269","","","","","","",""
"SKU-2014-3567","2014","3567","ฉั่วฮะเส็ง น้ำพริกเผาทรงเครื่อง 20 ก. x 6 (ฉั่วฮะเส็ง น้ำพริกเผาทรงเครื่อง 20 ก. x 6)","U00002270","-","U00002270","","","","","","",""
"SKU-2017-3568","2017","3568","ฉั่วฮะเส็ง น้ำพริกเผา ต้มยำ 20 ก. x 6 (ฉั่วฮะเส็ง น้ำพริกเผา ต้มยำ 20 ก. x 6)","U00002272","-","U00002272","","","","","","",""
"SKU-2018-3569","2018","3569","ฉั่วฮะเส็ง น้ำพริกเผา สูตรเผ็ด 20 ก. x 6 (ฉั่วฮะเส็ง น้ำพริกเผา สูตรเผ็ด 20 ก. x 6)","U00002271","-","U00002271","","","","","","",""
"SKU-2019-3571","2019","3571","โอคาชิ ลูกอมรสเปรี้ยว กลิ่นส้ม 16ก (โอคาชิ ลูกอมรสเปรี้ยว กลิ่นส้ม 16กรัมx12ห่อ)","U00002274","8858152018167","U00002274","","","","","","",""
"SKU-2019-3780","2019","3780","โอคาชิ ลูกอมรสเปรี้ยว กลิ่นส้ม 16ก (โอคาชิ ลูกอมรสเปรี้ยว กลิ่นส้ม 16กรัมx12ห่อx24)","U00002274","8858152018174","U00002274","","","","","","",""
"SKU-2020-3572","2020","3572","ไมโล 3อิน1 สูตรน้ำตาลน้อย 23 ก. แพค14ซอง (ไมโล 3อิน1 สูตรน้ำตาลน้อย 23 ก. แพค14ซอง)","U00002283","8850125082311","U00002283","","","","","","",""
"SKU-2021-3573","2021","3573","โฟร์โมสต์ โอเมก้า ช็อกโกแลต 180 มล. แพค12 (โฟร์โมสต์ โอเมก้า ช็อกโกแลต 180 มล. แพค12)","U00002284","-","U00002284","","","","","","",""
"SKU-2022-3574","2022","3574","บีไนซ์ ครีมอาบน้ำ ชมพู บิวติฟูลไวท์ 170มล แพค3 (บีไนซ์ ครีมอาบน้ำ ชมพู บิวติฟูลไวท์ 170มล แพค3)","U00002285","-","U00002285","","","","","","",""
"SKU-2022-3575","2022","3575","บีไนซ์ ครีมอาบน้ำ ชมพู บิวติฟูลไวท์ 170มล แพค3 (บีไนซ์ ครีมอาบน้ำ ชมพู บิวติฟูลไวท์ 170มล หีบx24)","U00002285","-","U00002285","","","","","","",""
"SKU-2023-3576","2023","3576","บีไนซ์ ครีมอาบน้ำ แดง เบอรี่ 170 มล แพค3 (บีไนซ์ ครีมอาบน้ำ แดง เบอรี่ 170 มล แพค3)","U00002286","-","U00002286","","","","","","",""
"SKU-2023-3577","2023","3577","บีไนซ์ ครีมอาบน้ำ แดง เบอรี่ 170 มล แพค3 (บีไนซ์ ครีมอาบน้ำ แดง เบอรี่ 170 มล หีบx24)","U00002286","-","U00002286","","","","","","",""
"SKU-2024-3578","2024","3578","บีไนซ์ ครีมอาบน้ำ เขียว เพอร์เฟ็ค 170 มล แพค3 (บีไนซ์ ครีมอาบน้ำ เขียว เพอร์เฟ็ค 170 มล แพค3)","U00002287","-","U00002287","","","","","","",""
"SKU-2024-3579","2024","3579","บีไนซ์ ครีมอาบน้ำ เขียว เพอร์เฟ็ค 170 มล แพค3 (บีไนซ์ ครีมอาบน้ำ เขียว เพอร์เฟ็ค 170 มล หีบx24)","U00002287","-","U00002287","","","","","","",""
"SKU-2025-3580","2025","3580","เปา ซุปเปอร์ซอฟท์ ชมพู  750ก (เปา ซุปเปอร์ซอฟท์ ชมพู  750ก)","U00002288","-","U00002288","","","","","","",""
"SKU-2025-3581","2025","3581","เปา ซุปเปอร์ซอฟท์ ชมพู  750ก (เปา ซุปเปอร์ซอฟท์ ชมพู  750ก หีบx12)","U00002288","-","U00002288","","","","","","",""
"SKU-2026-3582","2026","3582","โอโม ซันชายน์ 3500ก ส้ม  (โอโม ซันชายน์ ส้ม 3500ก )","U00002289","-","U00002289","","","","","","",""
"SKU-2026-3583","2026","3583","โอโม ซันชายน์ 3500ก ส้ม  (โอโม ซันชายน์ ส้ม 3500ก หีบx6)","U00002289","-","U00002289","","","","","","",""
"SKU-2027-3584","2027","3584","บรีสเอกเซล ซักน้ำ 550มล.อัลตร้า เขียว แพค2+1 (บรีสเอกเซล น้ำยาซักผ้า อัลตร้า เขียว 550มล. แพค2+1)","U00002291","-","U00002291","","","","","","",""
"SKU-2028-3585","2028","3585","บรีสเอกเซล ซักน้ำ 670มล คอมฟอร์ท ชมพู  แพค2+1 (บรีสเอกเซล น้ำยาซักผ้า คอมฟอร์ท ชมพู 670 มล แพค2+1)","U00002292","-","U00002292","","","","","","",""
"SKU-2029-3586","2029","3586","บรีสเอกเซล ซักน้ำ 670มล ม่วง แพค2+1 (บรีสเอกเซล น้ำยาซักผ้า สีม่วง 670 มล แพค2+1)","U00002293","-","U00002293","","","","","","",""
"SKU-2030-3587","2030","3587","ไลปอนเอฟ เอ็กซ์ไฮจีนิค ล้างจาน 300 มล แพค3+1 (ไลปอนเอฟ เอ็กซ์ไฮจีนิค ล้างจาน 300 มล แพค3+1)","U00002328","8850002042629","U00002328","","","","","","",""
"SKU-2030-3588","2030","3588","ไลปอนเอฟ เอ็กซ์ไฮจีนิค ล้างจาน 300 มล แพค3+1 (ไลปอนเอฟ เอ็กซ์ไฮจีนิค ล้างจาน 300 มล หีบx12แพค3+1 )","U00002328","18850002042619","U00002328","","","","","","",""
"SKU-2031-3591","2031","3591","คนอร์ ซุปก้อน รสหมู 20ก แพค24ก้อน (คนอร์ ซุปก้อน รสหมู 20ก แพค24)","U00002167","8850144206385","U00002167","","","","","","",""
"SKU-2031-3592","2031","3592","คนอร์ ซุปก้อน รสหมู 20ก แพค24ก้อน (คนอร์ ซุปก้อน รสหมู 20ก หีบx6แพค24)","U00002167","-","U00002167","","","","","","",""
"SKU-2032-3593","2032","3593","โอคาชิ  ลูกอมรสเปรี้ยว กลิ่นองุ่น (โอคาชิ ลูกอมรสเปรี้ยว กลิ่นองุ่น 16กรัมx12ห่อ)","U00002273","8858152018211","U00002273","","","","","","",""
"SKU-2032-3778","2032","3778","โอคาชิ  ลูกอมรสเปรี้ยว กลิ่นองุ่น (โอคาชิ ลูกอมรสเปรี้ยว กลิ่นองุ่น 16กรัมx12ห่อx24)","U00002273","8858152018228","U00002273","","","","","","",""
"SKU-2033-3598","2033","3598","ดีเฮิร์บ ยาสีฟัน พิงค์เฮอร์เบิล 100กรัม  (ดีเฮิร์บ ยาสีฟัน พิงค์เฮอร์เบิล 100กรัม )","U00002340","8858956701791","U00002340","","","","","","",""
"SKU-2033-3594","2033","3594","ดีเฮิร์บ ยาสีฟัน พิงค์เฮอร์เบิล 100กรัม  (ดีเฮิร์บ ยาสีฟัน พิงค์เฮอร์เบิล 100กรัม แพค6)","U00002340","8858956701807","U00002340","","","","","","",""
"SKU-2033-3595","2033","3595","ดีเฮิร์บ ยาสีฟัน พิงค์เฮอร์เบิล 100กรัม  (ดีเฮิร์บ ยาสีฟัน พิงค์เฮอร์เบิล 100กรัม หีบx12แพค6)","U00002340","8858956701814","U00002340","","","","","","",""
"SKU-2034-3596","2034","3596","ดีเฮิร์บ ยาสีฟัน 100กรัม หลอดเปลือย แพค5 (ดีเฮิร์บ ยาสีฟัน 100กรัม หลอดเปลือย แพค5)","U00002341","8858956700985","U00002341","","","","","","",""
"SKU-2034-3597","2034","3597","ดีเฮิร์บ ยาสีฟัน 100กรัม หลอดเปลือย แพค5 (FOC. ดีเฮิร์บ ยาสีฟัน พิงค์เฮอร์เบิล 100กรัม หลอดเปลือย)","U00002341","8858956700978","U00002341","","","","","","",""
"SKU-2035-3599","2035","3599","รุ่งอรุณ ปลาแมคเคอเรลในซอสมะเขือเทศ 155ก (รุ่งอรุณ ปลาแมคเคอเรลในซอสฯ 155ก แพค10)","U00002290","-","U00002290","","","","","","",""
"SKU-2035-3600","2035","3600","รุ่งอรุณ ปลาแมคเคอเรลในซอสมะเขือเทศ 155ก (รุ่งอรุณ ปลาแมคเคอเรลในซอสมะเขือฯ 155ก หีบx100)","U00002290","-","U00002290","","","","","","",""
"SKU-2036-3601","2036","3601","ไฮยีน น้ำยาซักผ้า 600 มล พิโอนี่ ดำ แพค2 (ไฮยีน น้ำยาซักผ้า 600 มล พิโอนี่ ดำ แพค2)","U00002294","-","U00002294","","","","","","",""
"SKU-2036-3602","2036","3602","ไฮยีน น้ำยาซักผ้า 600 มล พิโอนี่ ดำ แพค2 (ไฮยีน น้ำยาซักผ้า 600 มล พิโอนี่ ดำ หีบx6แพค2)","U00002294","-","U00002294","","","","","","",""
"SKU-2037-3603","2037","3603","ไฮยีน น้ำยาซักผ้า 600 มล ซันชายน์ ส้ม แพค2 (ไฮยีน น้ำยาซักผ้า 600 มล ซันชายน์ ส้ม แพค2)","U00002295","-","U00002295","","","","","","",""
"SKU-2037-3604","2037","3604","ไฮยีน น้ำยาซักผ้า 600 มล ซันชายน์ ส้ม แพค2 (ไฮยีน น้ำยาซักผ้า 600 มล ซันชายน์ ส้ม หีบx6แพค2)","U00002295","-","U00002295","","","","","","",""
"SKU-2038-3605","2038","3605","ไฮยีน น้ำยาซักผ้า 600 มล เลิฟลี่ ชมพู แพค2 (ไฮยีน น้ำยาซักผ้า 600 มล เลิฟลี่ ชมพู แพค2)","U00002296","-","U00002296","","","","","","",""
"SKU-2038-3606","2038","3606","ไฮยีน น้ำยาซักผ้า 600 มล เลิฟลี่ ชมพู แพค2 (ไฮยีน น้ำยาซักผ้า 600 มล เลิฟลี่ ชมพู หีบx6แพค2)","U00002296","-","U00002296","","","","","","",""
"SKU-2039-3607","2039","3607","ลัคกี้ทวิน วุ้นเจลลาตินรูปลูกตา กลิ่นสตรอเบอร์รี่ 9 กรัมx12ชิ้น (ลัคกี้ทวิน วุ้นเจลลาตินรูปลูกตา กลิ่นสตรอเบอร์รี่ 9 กรัมx12ชิ้น)","-","8858152039520","-","","","","","","",""
"SKU-2039-3784","2039","3784","ลัคกี้ทวิน วุ้นเจลลาตินรูปลูกตา กลิ่นสตรอเบอร์รี่ 9 กรัมx12ชิ้น (ลัคกี้ทวิน วุ้นเจลลาตินรูปลูกตา กลิ่นสตรอเบอร์รี่ 9 กรัมx12ชิ้นx24)","-","8858152039537","-","","","","","","",""
"SKU-2040-3608","2040","3608","ลัคกี้ทวิน วุ้นเจลลาติน สตรอเบอร์รี่  9 กรัมx12ชิ้น (ลัคกี้ทวิน วุ้นเจลลาติน สตรอเบอร์รี่ 9 กรัมx12ชิ้น)","-","8858152039506","-","","","","","","",""
"SKU-2040-3783","2040","3783","ลัคกี้ทวิน วุ้นเจลลาติน สตรอเบอร์รี่  9 กรัมx12ชิ้น (ลัคกี้ทวิน วุ้นเจลลาติน สตรอเบอร์รี่ 9 กรัมx12ชิ้นx24)","-","8858152039513","-","","","","","","",""
"SKU-2041-3609","2041","3609","ลัคกี้ทวิน วุ้นเจลลาติน วอเทอะเมลอน  9 กรัมx12ชิ้น (ลัคกี้ทวิน วุ้นเจลลาติน วอเทอะเมลอน 9 กรัมx12ชิ้น)","-","8858152039483","-","","","","","","",""
"SKU-2041-3782","2041","3782","ลัคกี้ทวิน วุ้นเจลลาติน วอเทอะเมลอน  9 กรัมx12ชิ้น (ลัคกี้ทวิน วุ้นเจลลาติน วอเทอะเมลอน 9 กรัมx12ชิ้นx24)","-","8858152039490","-","","","","","","",""
"SKU-2042-3610","2042","3610","ไฟน์ไลน์ ซักน้ำ 400มล พลัส ชมพู (ไฟน์ไลน์ น้ำยาซัก 400มล พลัส ชมพู)","U00002300","-","U00002300","","","","","","",""
"SKU-2042-3611","2042","3611","ไฟน์ไลน์ ซักน้ำ 400มล พลัส ชมพู (ไฟน์ไลน์ น้ำยาซัก 400มล พลัส ชมพู หีบx12)","U00002300","-","U00002300","","","","","","",""
"SKU-2043-3612","2043","3612","ไฟน์ไลน์ ซักน้ำ 550มล พลัส ทอง  (ไฟน์ไลน์ น้ำยาซัก พลัส ทอง 550มล)","U00002297","-","U00002297","","","","","","",""
"SKU-2043-3613","2043","3613","ไฟน์ไลน์ ซักน้ำ 550มล พลัส ทอง  (ไฟน์ไลน์ น้ำยาซัก พลัส ทอง 550มล หีบx12)","U00002297","-","U00002297","","","","","","",""
"SKU-2044-3614","2044","3614","ไฟน์ไลน์ ซักน้ำ 550มล ดีลักซ์ ม่วง (ไฟน์ไลน์ น้ำยาซัก ดีลักซ์ ม่วง 550มล)","U00002298","-","U00002298","","","","","","",""
"SKU-2044-3615","2044","3615","ไฟน์ไลน์ ซักน้ำ 550มล ดีลักซ์ ม่วง (ไฟน์ไลน์ น้ำยาซัก ดีลักซ์ ม่วง 550มล หีบx12)","U00002298","-","U00002298","","","","","","",""
"SKU-2045-3616","2045","3616","ไฟน์ไลน์ ซักน้ำ 550มล  ดีลักซ์ ชมพู  (ไฟน์ไลน์ น้ำยาซัก ดีลักซ์ ชมพู 550มล)","U00002299","-","U00002299","","","","","","",""
"SKU-2045-3617","2045","3617","ไฟน์ไลน์ ซักน้ำ 550มล  ดีลักซ์ ชมพู  (ไฟน์ไลน์ น้ำยาซัก ดีลักซ์ ชมพู 550มล หีบx12)","U00002299","-","U00002299","","","","","","",""
"SKU-2046-3618","2046","3618","","U00002301","-","U00002301","","","","","","",""
"SKU-2047-3619","2047","3619","ซันซิล ครีมนวดผม ส้ม 60 มล. x 6 (ซันซิล ครีมนวดผม ส้ม 60 มล. x 6)","U00002302","-","U00002302","","","","","","",""
"SKU-2048-3620","2048","3620","ซันซิล ครีมนวดผม เขียว 60 มล. x 6 (ซันซิล ครีมนวดผม เขียว 60 มล. x 6)","U00002303","-","U00002303","","","","","","",""
"SKU-2049-3621","2049","3621","ซิตร้า เพิร์ล ชมพู โลชั่น 300 มล. แพค1+1 (ซิตร้า เพิร์ล ชมพู โลชั่น 300 มล. แพค1+1)","U00002304","8851932471558","U00002304","","","","","","",""
"SKU-2049-3622","2049","3622","ซิตร้า เพิร์ล ชมพู โลชั่น 300 มล. แพค1+1 (ซิตร้า เพิร์ล ชมพู โลชั่น 300 มล. หีบx6แพค1+1)","U00002304","18851932459539","U00002304","","","","","","",""
"SKU-2050-3623","2050","3623","ซิตร้า ซากุระ ฟ้า โลชั่น 300 มล. แพค1+1 (ซิตร้า ซากุระ ฟ้า โลชั่น 300 มล. แพค1+1)","U00002305","8851932471589","U00002305","","","","","","",""
"SKU-2051-3624","2051","3624","ซิตร้า เรดแอลจี ส้ม โลชั่น 300 มล. แพค1+1 (ซิตร้า เรดแอลจี ส้ม โลชั่น 300 มล. แพค1+1)","U00002306","8851932471596","U00002306","","","","","","",""
"SKU-2052-3625","2052","3625","ซีเล็ค ปลาแมคเคอเรลในซอสมะเขือเทศ 155ก (ซีเล็ค ปลาแมคเคอเรลในซอสมะเขือเทศ 155ก แพค10)","U00002307","-","U00002307","","","","","","",""
"SKU-2052-3626","2052","3626","ซีเล็ค ปลาแมคเคอเรลในซอสมะเขือเทศ 155ก (ซีเล็ค ปลาแมคเคอเรลในซอสมะเขือเทศ 155ก หีบx100)","U00002307","-","U00002307","","","","","","",""
"SKU-2053-3627","2053","3627","เอลิส แฟรี่วิงส์ 35ซม 10ชิ้น (เอลิส แฟรี่วิงส์ 35ซม 10ชิ้น)","U00002308","-","U00002308","","","","","","",""
"SKU-2053-3628","2053","3628","เอลิส แฟรี่วิงส์ 35ซม 10ชิ้น (เอลิส แฟรี่วิงส์ 35ซม 10ชิ้น หีบx12)","U00002308","-","U00002308","","","","","","",""
"SKU-2054-3629","2054","3629","เอลิส แฟรี่วิงส์ 30ซม 12ชิ้น (เอลิส แฟรี่วิงส์ 30ซม 12ชิ้น)","U00002309","-","U00002309","","","","","","",""
"SKU-2054-3630","2054","3630","เอลิส แฟรี่วิงส์ 30ซม 12ชิ้น (เอลิส แฟรี่วิงส์ 30ซม 12ชิ้น หีบx12)","U00002309","-","U00002309","","","","","","",""
"SKU-2055-3631","2055","3631","ไบโอเซฟตี้ แปรงสีฟัน สไมล์ แพค12 (ไบโอเซฟตี้ แปรงสีฟัน สไมล์ แพค12)","U00002310","-","U00002310","","","","","","",""
"SKU-2055-3640","2055","3640","ไบโอเซฟตี้ แปรงสีฟัน สไมล์ แพค12 (ไบโอเซฟตี้ แปรงสีฟัน สไมล์ หีบx6แพค12)","U00002310","-","U00002310","","","","","","",""
"SKU-2059-3638","2059","3638","ไลปอนเอฟ ล้างจาน แพค3 เอ็กซ์ตร้าไฮจีนิค 300 มล แพค3 (ไลปอนเอฟ ล้างจาน แพค3 เอ็กซ์ตร้าไฮจีนิค 300 มล แพค3)","U00002329","-","U00002329","","","","","","",""
"SKU-2059-3639","2059","3639","ไลปอนเอฟ ล้างจาน แพค3 เอ็กซ์ตร้าไฮจีนิค 300 มล แพค3 (ไลปอนเอฟ ล้างจาน เอ็กซ์ตร้า 300 มล หีบx12แพค3)","U00002329","-","U00002329","","","","","","",""
"SKU-2060-3642","2060","3642","โกช็อคโก้ เวเฟอร์โรล มินิ 20 ก. x12 (โกช็อคโก้ เวเฟอร์โรล มินิ 20 ก. หีบx12แพค)","U00002311","-","U00002311","","","","","","",""
"SKU-2060-3641","2060","3641","โกช็อคโก้ เวเฟอร์โรล มินิ 20 ก. x12 (โกช็อคโก้ เวเฟอร์โรล มินิ 20 ก. x12)","U00002311","-","U00002311","","","","","","",""
"SKU-2061-3644","2061","3644","โก ช็อกโก วิล 30ก x12 (โก ช็อกโก วิล 30ก หีบx12แพค)","U00002312","-","U00002312","","","","","","",""
"SKU-2061-3643","2061","3643","โก ช็อกโก วิล 30ก x12 (โก ช็อกโก วิล 30ก x12)","U00002312","-","U00002312","","","","","","",""
"SKU-2062-3646","2062","3646","โกช็อคโก้ โรลทวิน 24 ก. x12 (โกช็อคโก้ โรลทวิน 24 ก. หีบx12แพค)","U00002313","-","U00002313","","","","","","",""
"SKU-2062-3645","2062","3645","โกช็อคโก้ โรลทวิน 24 ก. x12 (โกช็อคโก้ โรลทวิน 24 ก. x12)","U00002313","-","U00002313","","","","","","",""
"SKU-2063-3648","2063","3648","เซียงไฮ 6ก ครีมวานิลา เขียว x12  (เซียงไฮ 6ก ครีมวานิลา เขียว หีบx36แพค12)","U00002314","-","U00002314","","","","","","",""
"SKU-2063-3647","2063","3647","เซียงไฮ 6ก ครีมวานิลา เขียว x12  (เซียงไฮ 6ก ครีมวานิลา เขียว x12)","U00002314","-","U00002314","","","","","","",""
"SKU-2064-3650","2064","3650","เซียงไฮ 6ก รสนม ฟ้า x12 (เซียงไฮ 6ก รสนม ฟ้า หีบx36แพค12)","U00002315","-","U00002315","","","","","","",""
"SKU-2064-3649","2064","3649","เซียงไฮ 6ก รสนม ฟ้า x12 (เซียงไฮ 6ก รสนม ฟ้า x12)","U00002315","-","U00002315","","","","","","",""
"SKU-2065-3652","2065","3652","เซียงไฮ 6ก ช็อคโกแลต แดง  x12 (เซียงไฮ 6ก ช็อคโกแลต แดง  หีบx36แพค12)","U00002316","-","U00002316","","","","","","",""
"SKU-2065-3651","2065","3651","เซียงไฮ 6ก ช็อคโกแลต แดง  x12 (เซียงไฮ 6ก ช็อคโกแลต แดง  x12)","U00002316","-","U00002316","","","","","","",""
"SKU-2066-3653","2066","3653","เด็กสมบูรณ์ น้ำปลาแท้ 700มล (เด็กสมบูรณ์ น้ำปลาแท้ 700มล)","U00002169","-","U00002169","","","","","","",""
"SKU-2066-3654","2066","3654","เด็กสมบูรณ์ น้ำปลาแท้ 700มล (เด็กสมบูรณ์ น้ำปลาแท้ 700มล หีบx12)","U00002169","-","U00002169","","","","","","",""
"SKU-2067-3656","2067","3656","แม่ครัว ซอสหอยนางรม 300 มล  (แม่ครัว ซอสหอยนางรม 300 มล )","U00002337","-","U00002337","","","","","","",""
"SKU-2067-3655","2067","3655","แม่ครัว ซอสหอยนางรม 300 มล  (แม่ครัว ซอสหอยนางรม 300 มล หีบx12)","U00002337","-","U00002337","","","","","","",""
"SKU-2068-3657","2068","3657","แม่ครัว ซอสหอยนางรม 150 มล  (แม่ครัว ซอสหอยนางรม 150 มล )","U00002338","-","U00002338","","","","","","",""
"SKU-2068-3658","2068","3658","แม่ครัว ซอสหอยนางรม 150 มล  (แม่ครัว ซอสหอยนางรม 150 มล หีบx24)","U00002338","-","U00002338","","","","","","",""
"SKU-2069-3665","2069","3665","คนอร์ ซุปก้อน รสต้มยำ 72ก แพค6 (คนอร์ ซุปก้อน รสต้มยำ 72ก แพค6)","U00002166","-","U00002166","","","","","","",""
"SKU-2070-3666","2070","3666","คนอร์ ซุปก้อน รสเห็ดหอม 80ก แพค6 (คนอร์ ซุปก้อน รสเห็ดหอม 80ก แพค6)","U00002170","-","U00002170","","","","","","",""
"SKU-2071-3667","2071","3667","คนอร์ อร่อยชัวร์ ผงปรุงรสหมู 400ก (คนอร์ อร่อยชัวร์ ผงปรุงรสหมู 400ก)","U00002343","-","U00002343","","","","","","",""
"SKU-2072-3668","2072","3668","แพรอทนกแก้ว สบู่ก้อน บุปผชาติ ชมพู 105,115ก แพค4 (แพรอทนกแก้ว สบู่ก้อน บุปผชาติ ชมพู 105,115ก แพค4)","U00002317","-","U00002317","","","","","","",""
"SKU-2073-3669","2073","3669","แพรอทนกแก้ว สบู่ก้อน กุหลาบ ชมพู105ก แพค4 (แพรอทนกแก้ว สบู่ก้อน กุหลาบ ชมพู105ก แพค4)","U00002318","-","U00002318","","","","","","",""
"SKU-2074-3670","2074","3670","แพรอทนกแก้ว สบู่ก้อน ไม้หอม ฟ้า 105ก แพค4 (แพรอทนกแก้ว สบู่ก้อน ไม้หอม ฟ้า 105ก แพค4)","U00002319","-","U00002319","","","","","","",""
"SKU-2075-3671","2075","3671","แพรอทนกแก้ว สบู่ก้อน ลิลลี่ พีช 105ก แพค4 (แพรอทนกแก้ว สบู่ก้อน ลิลลี่ พีช 105ก แพค4)","U00002320","-","U00002320","","","","","","",""
"SKU-2076-3672","2076","3672","แพรอทนกแก้ว สบู่ก้อน โรสเบอรี่ ชมพู 105ก แพค4 (แพรอทนกแก้ว สบู่ก้อน โรสเบอรี่ ชมพู 105ก แพค4)","U00002321","-","U00002321","","","","","","",""
"SKU-2077-3673","2077","3673","ลัคกี้ทวิน อมยิ้มรูปหัวใจ 16 กรัมx12ชิ้น (ลัคกี้ทวิน อมยิ้มรูปหัวใจ 16กรัมx12ชิ้น)","U00002278","8858152037656","U00002278","","","","","","",""
"SKU-2077-3786","2077","3786","ลัคกี้ทวิน อมยิ้มรูปหัวใจ 16 กรัมx12ชิ้น (ลัคกี้ทวิน อมยิ้มรูปหัวใจ 16กรัมx12ชิ้นx24)","U00002278","8858152037663","U00002278","","","","","","",""
"SKU-2078-3674","2078","3674","ลัคกี้ทวิน อมยิ้มรูปดาว 16 กรัมx12ชิ้น (ลัคกี้ทวิน อมยิ้มรูปดาว 16 กรัมx12ชิ้น)","U00002279","8858152037694","U00002279","","","","","","",""
"SKU-2078-3787","2078","3787","ลัคกี้ทวิน อมยิ้มรูปดาว 16 กรัมx12ชิ้น (ลัคกี้ทวิน อมยิ้มรูปดาว 16 กรัมx12ชิ้นx24)","U00002279","8858152037700","U00002279","","","","","","",""
"SKU-2079-3675","2079","3675","กาโต้ ล้างจานเลมอน ถุง 900มล (กาโต้ ล้างจานเลมอน ถุง 900มล)","U00002326","-","U00002326","","","","","","",""
"SKU-2079-3676","2079","3676","กาโต้ ล้างจานเลมอน ถุง 900มล (กาโต้ ล้างจานเลมอน ถุง 900มล หีบx12)","U00002326","-","U00002326","","","","","","",""
"SKU-2080-3677","2080","3677","ก่อหยวน เกาลัดอบ 80 กรัม (ก่อหยวน เกาลัดอบ 80 กรัม)","U00002280","8858150001680","U00002280","","","","","","",""
"SKU-2080-3788","2080","3788","ก่อหยวน เกาลัดอบ 80 กรัม (ก่อหยวน เกาลัดอบ 80 กรัมx1x60)","U00002280","8858152011830","U00002280","","","","","","",""
"SKU-2081-3679","2081","3679","กาโต้ ล้างจานเลมอน ถุง 450มล (กาโต้ ล้างจานเลมอน ถุง 450มล )","U00002327","-","U00002327","","","","","","",""
"SKU-2081-3678","2081","3678","กาโต้ ล้างจานเลมอน ถุง 450มล (กาโต้ ล้างจานเลมอน ถุง 450มล หีบx24)","U00002327","-","U00002327","","","","","","",""
"SKU-2082-3680","2082","3680","คริสตัล น้ำมันปาล์ม ขวด 1ลิตร (คริสตัล น้ำมันปาล์ม ขวด 1ลิตร หีบx12)","U00002349","-","U00002349","","","","","","",""
"SKU-2083-3681","2083","3681","โพรเทคส์ สบู่ก้อน  โปรคลีน 60 ก แพค4   (โพรเทคส์ สบู่ก้อน  โปรคลีน 60 ก แพค4  )","U00002372","-","U00002372","","","","","","",""
"SKU-2084-3682","2084","3682","โพรเทคส์ สบู่ก้อน  ฟอร์เมนชาโคล60 ก แพค4   (โพรเทคส์ สบู่ก้อน  ฟอร์เมนชาโคล60 ก แพค4  )","U00002373","-","U00002373","","","","","","",""
"SKU-2085-3683","2085","3683","โพรเทคส์ สบู่ก้อน  ลาเวนเดอร์ไอซ์ฟรีซ 60 ก แพค4   (โพรเทคส์ สบู่ก้อน  ลาเวนเดอร์ไอซ์ฟรีซ 60 ก แพค4  )","U00002375","-","U00002375","","","","","","",""
"SKU-2086-3684","2086","3684","โพรเทคส์ สบู่ก้อน  เจจู 60 ก แพค4   (โพรเทคส์ สบู่ก้อน  เจจู 60 ก แพค4  )","U00002374","-","U00002374","","","","","","",""
"SKU-2087-3685","2087","3685","โพรเทคส์ สบู่ก้อน  พีโอนีทับทิม 60 ก แพค4   (โพรเทคส์ สบู่ก้อน  พีโอนีทับทิม 60 ก แพค4  )","U00002376","-","U00002376","","","","","","",""
"SKU-2091-3686","2091","3686","ราชารส ซอสหอยนางรม 1,000 มล. (ราชารส ซอสหอยนางรม 1,000มล.)","U00002344","8857100050006","U00002344","","","","","","",""
"SKU-2091-3687","2091","3687","ราชารส ซอสหอยนางรม 1,000 มล. (ราชารส ซอสหอยนางรม 1,000 มล.)","U00002344","18857100050003","U00002344","","","","","","",""
"SKU-2098-3688","2098","3688","หมีแพนด้า สาหร่ายทะเลปรุงรสดั้งเดิม 2 แผ่น 33 กรัมx100ชิ้น  (หมีแพนด้า สาหร่ายทะเลปรุงรสดั้งเดิม 2 แผ่น 33 กรัมx100ชิ้น)","U00002281","8850525002377","U00002281","","","","","","",""
"SKU-2099-3689","2099","3689","หมีแพนด้า สาหร่ายทะเลแห้งปรุงรสเผ็ด 2 แผ่น 35 กรัมx100ชิ้น (หมีแพนด้า สาหร่ายทะเลแห้งปรุงรสเผ็ด 2 แผ่น 35 กรัมx100ชิ้น)","U00002282","8850525002384","U00002282","","","","","","",""
"SKU-2100-3690","2100","3690","ราชารส ซอสปรุงรสน้ำปลา 700มล. (ราชารส ซอสปรุงรส รสน้ำปลา 700มล.)","U00002345","8857100050228","U00002345","","","","","","",""
"SKU-2100-3693","2100","3693","ราชารส ซอสปรุงรสน้ำปลา 700มล. (ราชารส ซอสปรุงรส รสน้ำปลา 700มล.)","U00002345","18857100050225","U00002345","","","","","","",""
"SKU-2104-3694","2104","3694","ลัคกี้ทวิน ลิตเติล ซีเล็คชั่น เยลลี่ สำเร็จรูปคละกลิ่นผลไม้ 10กรัมx12ชิ้น (ลัคกี้ทวิน ลิตเติล ซีเล็คชั่น เยลลี่ สำเร็จรูปคละกลิ่นผลไม้ 10กรัมx12ชิ้น)","U00002380","8858152030169","U00002380","","","","","","",""
"SKU-2105-3695","2105","3695","เลัคกี้ทวิน ลิตเติล ซีเล็คชั่น เยลลี่ สำเร็จรูปกังหัน คละกลิ่นผลไม้ 10กรัมx12ชิ้นยลล (ลัคกี้ทวิน ลิตเติล ซีเล็คชั่น เยลลี่ สำเร็จรูปกังหัน คละกลิ่นผลไม้ 10กรัมx12ชิ้น)","-","8858152031128","-","","","","","","",""
"SKU-2106-3696","2106","3696","ราชารส น้ำส้มสายชู 700มล. (ราชารสน้ำส้มสายชู 700มล.)","U00002346","8857100050303","U00002346","","","","","","",""
"SKU-2106-3697","2106","3697","ราชารส น้ำส้มสายชู 700มล. (ราชารสน้ำส้มสายชู 700มล.)","U00002346","18857100050300","U00002346","","","","","","",""
"SKU-2113-3698","2113","3698","ราชารส น้ำมะนาว1,000มล. (ราชารส น้ำมะนาว1,000มล.)","U00002347","8857100050372","U00002347","","","","","","",""
"SKU-2113-3699","2113","3699","ราชารส น้ำมะนาว1,000มล. (ราชารส น้ำมะนาว1,000มล.)","U00002347","18857100050379","U00002347","","","","","","",""
"SKU-2114-3700","2114","3700","ราชารส น้ำกระเทียมดอง 860มล. (ราชารสน้ำกระเทียมดอง 860มล.)","U00002348","8857100050402","U00002348","","","","","","",""
"SKU-2114-3702","2114","3702","ราชารส น้ำกระเทียมดอง 860มล. (ราชารส น้ำกระเทียมดอง 860มล)","U00002348","18857100050409","U00002348","","","","","","",""
"SKU-2115-3703","2115","3703","แพรอท ครีมอาบน้ำ ไวท์ทานาคา โอโรส 450มล แพค1+1 (แพรอท ครีมอาบน้ำ ไวท์ทานาคา โอโรส 450มล แพค1+1)","U00002322","-","U00002322","","","","","","",""
"SKU-2116-3704","2116","3704","แพรอท ครีมอาบน้ำ ทรอปิคอลไชน์ ส้ม 450มล แพค1+1 (แพรอท ครีมอาบน้ำ ทรอปิคอลไชน์ ส้ม 450มล แพค1+1)","U00002323","-","U00002323","","","","","","",""
"SKU-2117-3705","2117","3705","แพรอท ครีมอาบน้ำ เชอรี่โกลว์ แดง 450มล แพค1+1 (แพรอท ครีมอาบน้ำ เชอรี่โกลว์ แดง 450มล แพค1+1)","U00002324","-","U00002324","","","","","","",""
"SKU-2118-3706","2118","3706","แพรอท ครีมอาบน้ำ ไวท์ซากุระ ชมพูอ่อน 450มล แพค1+1 (แพรอท ครีมอาบน้ำ ไวท์ซากุระ ชมพูอ่อน 450มล แพค1+1)","U00002325","-","U00002325","","","","","","",""
"SKU-2119-3707","2119","3707","เบบี้มายด์ แป้งเด็ก สวีทตี้พิงค์ ชมพู 350 ก แพค1+1 (เบบี้มายด์ แป้งเด็ก สวีทตี้พิงค์ ชมพู 350 ก แพค1+1)","-","-","-","","","","","","",""
"SKU-2119-3708","2119","3708","เบบี้มายด์ แป้งเด็ก สวีทตี้พิงค์ ชมพู 350 ก แพค1+1 (เบบี้มายด์ แป้งเด็ก สวีทตี้พิงค์ ชมพู 350 ก หีบx12แพค1+1)","-","-","-","","","","","","",""
"SKU-2120-3709","2120","3709","เบบี้มายด์ แป้งเด็ก ดับเบิ้ลมิลค์ ม่วง 350 ก แพค1+1 (เบบี้มายด์ แป้งเด็ก ดับเบิ้ลมิลค์ ม่วง 350 ก แพค1+1)","-","-","-","","","","","","",""
"SKU-2121-3710","2121","3710","เบบี้มายด์ แป้งเด็ก ไบโอแกนิค เขียว 350 ก แพค1+1 (เบบี้มายด์ แป้งเด็ก ไบโอแกนิค เขียว 350 ก แพค1+1)","-","-","-","","","","","","",""
"SKU-2122-3711","2122","3711","เบบี้มายด์ แป้งเด็ก พรีไบโอติก ฟ้า 350 ก แพค1+1 (เบบี้มายด์ แป้งเด็ก พรีไบโอติก ฟ้า 350 ก แพค1+1)","-","-","-","","","","","","",""
"SKU-2123-3712","2123","3712","เบบี้มายด์ แป้งเด็ก ไวท์ซากุระ ขาวชมพู 350 ก แพค1+1 (เบบี้มายด์ แป้งเด็ก ไวท์ซากุระ ขาวชมพู 350 ก แพค1+1)","-","-","-","","","","","","",""
"SKU-2124-3713","2124","3713","เบบี้มายด์ แป้งเด็ก ลาเวนเดอร์ ขาวม่วง 160 ก (เบบี้มายด์ แป้งเด็ก ลาเวนเดอร์ ขาวม่วง 160 ก แพค3)","U00002335","-","U00002335","","","","","","",""
"SKU-2125-3714","2125","3714","รวมรส น้ำส้มสายชูเทียม 700มล หีบx12 (รวมรส น้ำส้มสายชูเทียม 700มล หีบx12)","U00002336","-","U00002336","","","","","","",""
"SKU-2126-3715","2126","3715","แพรอท ครีมอาบน้ำ พฤกษา เขียว 450มล เดี่ยว (แพรอท ครีมอาบน้ำ พฤกษา เขียว 450มล เดี่ยว)","U00002342","-","U00002342","","","","","","",""
"SKU-2126-3716","2126","3716","แพรอท ครีมอาบน้ำ พฤกษา เขียว 450มล เดี่ยว (แพรอท ครีมอาบน้ำ พฤกษา เขียว 450มล หีบx12)","U00002342","-","U00002342","","","","","","",""
"SKU-2129-3717","2129","3717","ไฮยีน ปรับผ้านุ่ม 20มล เลิฟทัช โอโรส แพค24 (ไฮยีน ปรับผ้านุ่ม 20มล เลิฟทัช โอโรส แพค24)","-","-","-","","","","","","",""
"SKU-2130-3718","2130","3718","ซันซิล แชมพู+นวด 325+300 มล ม่วง (ซันซิล แชมพู+นวด 325+300 มล ม่วง)","-","-","-","","","","","","",""
"SKU-2131-3719","2131","3719","ลักส์ ครีมอาบน้ำ ทับทิม แดง ถุงเติม 350มล 1+1 (ลักส์ ครีมอาบน้ำ ทับทิม แดง ถุงเติม 350มล 1+1)","-","-","-","","","","","","",""
"SKU-2132-3720","2132","3720","มงกุฎทะเล ปลาซาร์ดีน ในซอสมะเขือเทศ 145 ก (มงกุฎทะเล ปลาซาร์ดีน ในซอสมะเขือเทศ 145ก แพค10)","U00002359","-","U00002359","","","","","","",""
"SKU-2132-3721","2132","3721","มงกุฎทะเล ปลาซาร์ดีน ในซอสมะเขือเทศ 145 ก (มงกุฎทะเล ปลาซาร์ดีน ในซอสมะเขือเทศ 145ก หีบx100)","U00002359","-","U00002359","","","","","","",""
"SKU-2133-3722","2133","3722","ไฮยีน ปรับผ้านุ่ม 110 มล สวีทคิส ชมพู (ไฮยีน ปรับผ้านุ่ม 110 มล สวีทคิส ชมพู แพค3)","-","8850092282219","-","","","","","","",""
"SKU-2133-3723","2133","3723","ไฮยีน ปรับผ้านุ่ม 110 มล สวีทคิส ชมพู (ไฮยีน ปรับผ้านุ่ม 110 มล สวีทคิส ชมพู หีบx16แพค3)","-","48850092282217","-","","","","","","",""
"SKU-2134-3724","2134","3724","บีไนซ์ ครีมอาบน้ำปั๊ม 400มล ชมพู บิวตี้ฟูลไวท์  (บีไนซ์ อาบปั๊ม 400มล ชมพู ขวด)","-","-","-","","","","","","",""
"SKU-2134-3725","2134","3725","บีไนซ์ ครีมอาบน้ำปั๊ม 400มล ชมพู บิวตี้ฟูลไวท์  (บีไนซ์ อาบปั๊ม 400มล ชมพู หีบx12)","-","-","-","","","","","","",""
"SKU-2135-3726","2135","3726","บีไนซ์ ครีมอาบน้ำปั๊ม 400มล เขียว กระชับผิว (บีไนซ์ ครีมอาบน้ำปั๊ม 400มล เขียว กระชับผิว)","-","-","-","","","","","","",""
"SKU-2135-3733","2135","3733","บีไนซ์ ครีมอาบน้ำปั๊ม 400มล เขียว กระชับผิว (บีไนซ์ ครีมอาบน้ำปั๊ม 400มล เขียว กระชับผิว หีบx12)","-","-","-","","","","","","",""
"SKU-2136-3727","2136","3727","บีไนซ์ อาบปั๊ม 400มล บลูมอิน โอโรส เอ็นชานท์ (บีไนซ์ อาบปั๊ม 400มล บลูมอิน โอโรส เอ็นชานท์)","-","-","-","","","","","","",""
"SKU-2136-3728","2136","3728","บีไนซ์ อาบปั๊ม 400มล บลูมอิน โอโรส เอ็นชานท์ (บีไนซ์ อาบปั๊ม 400มล บลูมอิน โอโรส เอ็นชานท์ หีบx12)","-","-","-","","","","","","",""
"SKU-2137-3729","2137","3729","บีไนซ์ อาบปั๊ม 400มล บลูมอิน ม่วง แกลมปารีส (บีไนซ์ อาบปั๊ม 400มล บลูมอิน ม่วง แกลมปารีส)","-","-","-","","","","","","",""
"SKU-2137-3730","2137","3730","บีไนซ์ อาบปั๊ม 400มล บลูมอิน ม่วง แกลมปารีส (บีไนซ์ อาบปั๊ม 400มล บลูมอิน ม่วง แกลมปารีส หีบx12)","-","-","-","","","","","","",""
"SKU-2138-3731","2138","3731","บีไนซ์ อาบปั๊ม 400มล บลูมอิน ชมพู บลอสซั่มบลูม (บีไนซ์ อาบปั๊ม 400มล บลูมอิน ชมพู บลอสซั่มบลูม)","-","-","-","","","","","","",""
"SKU-2138-3732","2138","3732","บีไนซ์ อาบปั๊ม 400มล บลูมอิน ชมพู บลอสซั่มบลูม (บีไนซ์ อาบปั๊ม 400มล บลูมอิน ชมพู บลอสซั่มบลูม หีบx12)","-","-","-","","","","","","",""
"SKU-2139-3735","2139","3735","บีไนซ์ อาบปั๊ม 400มล ขาว/ชมพู มิสทิคไวท์ (บีไนซ์ ครีมอาบน้ำปั๊ม 400มล ขาว/ชมพู มิสทิคไวท์ หีบx12)","-","-","-","","","","","","",""
"SKU-2139-3734","2139","3734","บีไนซ์ อาบปั๊ม 400มล ขาว/ชมพู มิสทิคไวท์ (บีไนซ์ ครีมอาบน้ำปั๊ม 400มล ขาว มิสทิคไวท์)","-","-","-","","","","","","",""
"SKU-2140-3737","2140","3737","ฟ้าไทย ผงปรุงรสหมู 75ก (ฟ้าไทย ผงปรุงรสหมู 75ก แพค10)","U00002363","8854334002665","U00002363","","","","","","",""
"SKU-2140-3738","2140","3738","ฟ้าไทย ผงปรุงรสหมู 75ก (ฟ้าไทย ผงปรุงรสหมู 75ก หีบx8แพค10)","U00002363","38854334002048","U00002363","","","","","","",""
"SKU-2141-3739","2141","3739","ฟ้าไทย ผงปรุงรสหมู 165ก (ฟ้าไทย ผงปรุงรสหมู 165ก แพค6)","U00002364","-","U00002364","","","","","","",""
"SKU-2141-3740","2141","3740","ฟ้าไทย ผงปรุงรสหมู 165ก (ฟ้าไทย ผงปรุงรสหมู 165ก หีบx6แพค6)","U00002364","-","U00002364","","","","","","",""
"SKU-2142-3741","2142","3741","ฟ้าไทย ผงปรุงรสหมู 400ก (ฟ้าไทย ผงปรุงรสหมู 400ก)","U00002365","-","U00002365","","","","","","",""
"SKU-2142-3742","2142","3742","ฟ้าไทย ผงปรุงรสหมู 400ก (ฟ้าไทย ผงปรุงรสหมู 400ก หีบx20)","U00002365","-","U00002365","","","","","","",""
"SKU-2143-3743","2143","3743","ฟ้าไทย ซุปน้ำรสหมู 25มล  (ฟ้าไทย ซุปน้ำรสหมู 25มล แพค10)","U00002366","8854334004737","U00002366","","","","","","",""
"SKU-2144-3744","2144","3744","ฟ้าไทย ผงทำซุปน้ำใส 165ก (ฟ้าไทย ผงทำซุปน้ำใส 165ก แพค6)","U00002367","8854334002856","U00002367","","","","","","",""
"SKU-2145-3747","2145","3747","ฟ้าไทย น้ำก๋วยเตี๋ยว 350ก เข้มข้น (น้ำใส) (ฟ้าไทย น้ำก๋วยเตี๋ยวเข้มข้น (น้ำใส) 350ก)","U00002368","8854334002498","U00002368","","","","","","",""
"SKU-2145-3746","2145","3746","ฟ้าไทย น้ำก๋วยเตี๋ยว 350ก เข้มข้น (น้ำใส) (ฟ้าไทย น้ำก๋วยเตี๋ยวเข้มข้น (น้ำใส) 350ก แพค6)","U00002368","8854334003686","U00002368","","","","","","",""
"SKU-2145-3748","2145","3748","ฟ้าไทย น้ำก๋วยเตี๋ยว 350ก เข้มข้น (น้ำใส) (ฟ้าไทย น้ำก๋วยเตี๋ยวเข้มข้น (น้ำใส) 350ก หีบx6แพค6)","U00002368","28854334000931","U00002368","","","","","","",""
"SKU-2146-3750","2146","3750","ฟ้าไทย น้ำก๋วยเตี๋ยว 350ก เข้มข้น (น้ำข้น)  (ฟ้าไทย น้ำก๋วยเตี๋ยว 350ก เข้มข้น (น้ำข้น) )","U00002369","8854334003488","U00002369","","","","","","",""
"SKU-2146-3749","2146","3749","ฟ้าไทย น้ำก๋วยเตี๋ยว 350ก เข้มข้น (น้ำข้น)  (ฟ้าไทย น้ำก๋วยเตี๋ยว 350ก เข้มข้น (น้ำข้น) แพค6)","U00002369","8854334003549","U00002369","","","","","","",""
"SKU-2146-3751","2146","3751","ฟ้าไทย น้ำก๋วยเตี๋ยว 350ก เข้มข้น (น้ำข้น)  (ฟ้าไทย น้ำก๋วยเตี๋ยว 350ก เข้มข้น (น้ำข้น) หีบx6แพค6)","U00002369","28854334000948","U00002369","","","","","","",""
"SKU-2147-3752","2147","3752","ฟ้าไทย น้ำซุปหมาล่าเข้มข้น 150มล (ฟ้าไทย น้ำซุปหมาล่าเข้มข้น 150มล แพค3)","U00002370","-","U00002370","","","","","","",""
"SKU-2148-3753","2148","3753","มากาโดะ ข้าวโพดอบ รสสวีทบัตเตอร์ 24 ก. x12 (มากาโดะ ข้าวโพดอบ รสสวีทบัตเตอร์ 24 ก. x 12)","U00002361","-","U00002361","","","","","","",""
"SKU-2149-3754","2149","3754","มากาโดะ ข้าวโพดอบ รสคอร์นชีส 24 ก. x 12 (มากาโดะ ข้าวโพดอบ รสคอร์นชีส 24 ก. x 12)","U00002362","-","U00002362","","","","","","",""
"SKU-2150-3755","2150","3755","ดีเฮิร์บ แปรงสีฟัน รุ่น7701 แพค12 (ดีเฮิร์บ แปรงสีฟัน รุ่น7701 เดี่ยว แพค12)","U00002339","8858956701258","U00002339","","","","","","",""
"SKU-2150-3756","2150","3756","ดีเฮิร์บ แปรงสีฟัน รุ่น7701 แพค12 (ดีเฮิร์บ แปรงสีฟัน รุ่น7701 เดี่ยว หีบx12แพค12)","U00002339","8858956701265","U00002339","","","","","","",""
"SKU-2151-3758","2151","3758","โอโม ซันชายน์ 2600ก ส้ม (โอโม ซันชายน์ 2600ก ส้ม)","U00002371","8851932443173","U00002371","","","","","","",""
"SKU-2151-3757","2151","3757","โอโม ซันชายน์ 2600ก ส้ม (โอโม ซันชายน์ 2600ก ส้ม หีบx6)","U00002371","18851932436639","U00002371","","","","","","",""
"SKU-2152-3759","2152","3759","เบบี้เลิฟ เดย์ไนท์แพนท์ L12 New (เบบี้เลิฟ เดย์ไนท์แพนท์ L12 New หีบx8)","U00002377","-","U00002377","","","","","","",""
"SKU-2153-3760","2153","3760","เบบี้เลิฟ เดย์ไนท์แพนท์ XL11 New (เบบี้เลิฟ เดย์ไนท์แพนท์ XL11 New หีบx8)","U00002378","-","U00002378","","","","","","",""
"SKU-2154-3761","2154","3761","เบบี้เลิฟ เดย์ไนท์แพนท์ XXL9 New (เบบี้เลิฟ เดย์ไนท์แพนท์ XXL9 New หีบx8)","U00002379","-","U00002379","","","","","","",""
"SKU-2155-3763","2155","3763","คาร์เนชั่น ครีมเทียมข้นหวาน กป 388ก  (คาร์เนชั่น ครีมเทียมข้นหวาน กป 388ก  )","U00002387","-","U00002387","","","","","","",""
"SKU-2155-3762","2155","3762","คาร์เนชั่น ครีมเทียมข้นหวาน กป 388ก  (คาร์เนชั่น ครีมเทียมข้นหวาน กป 388ก หีบx48)","U00002387","-","U00002387","","","","","","",""
"SKU-2156-3765","2156","3765","เบบี้มายด์ แป้ง 350 ก แพค2+1 สวีทตี้พิงค์ ชมพู  (เบบี้มายด์ แป้ง 350 ก แพค2+1 ชมพู หีบx12แพค  )","U00002382","18851123750179","U00002382","","","","","","",""
"SKU-2156-3764","2156","3764","เบบี้มายด์ แป้ง 350 ก แพค2+1 สวีทตี้พิงค์ ชมพู  (เบบี้มายด์ แป้ง 350 ก แพค2+1 สวีทตี้พิงค์ ชมพู )","U00002382","8851123749084","U00002382","","","","","","",""
"SKU-2157-3766","2157","3766","เบบี้มายด์ แป้ง 350 ก แพค2+1 ดับเบิ้ลมิลค์ ม่วง (เบบี้มายด์ แป้ง 350 ก แพค2+1 ดับเบิ้ลมิลค์ ม่วง)","U00002383","8851123749060","U00002383","","","","","","",""
"SKU-2157-3767","2157","3767","เบบี้มายด์ แป้ง 350 ก แพค2+1 ดับเบิ้ลมิลค์ ม่วง (เบบี้มายด์ แป้ง 350 ก แพค2+1 ม่วง หีบx12แพค)","U00002383","18851123750186","U00002383","","","","","","",""
"SKU-2158-3770","2158","3770","เบบี้มายด์ แป้ง 350 ก แพค2+1 ไบโอแกนิค เขียว (เบบี้มายด์ แป้ง 350ก ไบโอแกนิค เขียว หีบx12แพค2+1)","U00002384","18851123750292","U00002384","","","","","","",""
"SKU-2158-3769","2158","3769","เบบี้มายด์ แป้ง 350 ก แพค2+1 ไบโอแกนิค เขียว (เบบี้มายด์ แป้ง 350 ก แพค2+1 ไบโอแกนิค เขียว)","U00002384","8851123749008","U00002384","","","","","","",""
"SKU-2159-3772","2159","3772","เบบี้มายด์ แป้ง 350 ก แพค2+1 พรีไบโอติก ฟ้า (เบบี้มายด์ แป้ง 350 ก พรีไบโอติก ฟ้า หีบx12แพค2+1)","U00002385","-","U00002385","","","","","","",""
"SKU-2159-3771","2159","3771","เบบี้มายด์ แป้ง 350 ก แพค2+1 พรีไบโอติก ฟ้า (เบบี้มายด์ แป้ง 350 ก แพค2+1 พรีไบโอติก ฟ้า)","U00002385","8851123750257","U00002385","","","","","","",""
"SKU-2160-3774","2160","3774","เบบี้มายด์ แป้ง 350 ก แพค2+1 ไวท์ซากุระ ขาวชมพู (เบบี้มายด์ แป้ง 350 ก  ซากุระชมพู หีบx12แพค2+1)","U00002386","18851123750308","U00002386","","","","","","",""
"SKU-2160-3773","2160","3773","เบบี้มายด์ แป้ง 350 ก แพค2+1 ไวท์ซากุระ ขาวชมพู (เบบี้มายด์ แป้ง 350 ก แพค2+1 ไวท์ซากุระ ขาวชมพู)","U00002386","8851123749046","U00002386","","","","","","",""
"SKU-2161-3789","2161","3789","มอลคิสท์ แครกเกอร์ ต้มยำ 31ก x12 (มอลคิสท์ แครกเกอร์ ต้มยำ 31ก แพค12)","-","8996001311462","-","","","","","","",""
"SKU-2162-3790","2162","3790","ยูปี้ 5บ. วากิวเบอร์เกอร์ 18ก กล่อง12ซ (ยูปี้ 5บ. วากิวเบอร์เกอร์ 18ก กล่อง12ซ)","U00002389","8990102001048","U00002389","","","","","","",""
"SKU-2163-3791","2163","3791","ยูปี้ 5บ. ทวินเบอร์เกอร์ 15ก กล่อง12ซ (ยูปี้ 5บ. ทวินเบอร์เกอร์ 15ก กล่อง12ซ)","U00002390","-","U00002390","","","","","","",""
"SKU-2164-3792","2164","3792","ยูปี้ 5บ. กัมมี่ฟรายส์15ก กล่อง12ซ (ยูปี้ 5บ. กัมมี่ฟรายส์15ก กล่อง12ซ)","U00002391","8992741983549","U00002391","","","","","","",""
"SKU-2165-3793","2165","3793","กู๊ดดี้ ฮอร์ เซียงจา ขนิดแผ่น 10ชิ้น / 85 กรัม  (กู๊ดดี้ ฮอร์ขนิดแผ่น 85 กรัม /10ชิ้น )","-","6921951403570","-","","","","","","",""
"SKU-2166-3794","2166","3794","ยูปี้ 5บ. สตรอเบอรี่คิส 14ก กล่อง12ซ (ยูปี้ 5บ. สตรอเบอรี่คิส 14ก กล่อง12ซ)","U00002392","8992741944175","U00002392","","","","","","",""
"SKU-2167-3795","2167","3795","ยูปี้ 5บ. ทวินฮิปโป 14ก กล่อง12ซ (ยูปี้ 5บ. ทวินฮิปโป 14ก กล่อง12ซ)","U00002393","8990102000461","U00002393","","","","","","",""
"SKU-2168-3796","2168","3796","ยูปี้ 5บ. มายวอช 13ก กล่อง12ซ (ยูปี้ 5บ. มายวอช 13ก กล่อง12ซ)","U00002394","8992741988100","U00002394","","","","","","",""
"SKU-2169-3797","2169","3797","ยูปี้ 5บ. นีออนสติ๊ก 13ก กล่อง12ซ (ยูปี้ 5บ. นีออนสติ๊ก 13ก กล่อง12ซ)","U00002395","8992741981255","U00002395","","","","","","",""
"SKU-2170-3798","2170","3798","ยูปี้ 5บ. ซาวร์บอนซ์แตงโม 10ก กล่อง12ซ (ยูปี้ 5บ. ซาวร์บอนซ์แตงโม 10ก กล่อง12ซ)","-","-","-","","","","","","",""
"SKU-2171-3799","2171","3799","เชฟหวัง ขนมปัง รูปสัตว์น่ารัก 120 กรัม (เซฟหวัง ขนมปังกรอบ รูปสัตว์น่ารัก 120 กรัม)","-","8858152038325","-","","","","","","",""
"SKU-2172-3800","2172","3800","เชฟหวัง บิสกิต เอบีซี 125 กรัม   (เซฟหวัง บิสกิต เอบีซี 125 กรัม  )","-","8858152038332","-","","","","","","",""
"SKU-2173-3801","2173","3801","ราชารส พริกน้ำปลา 400กรัมx50ซอง (ราชารส พริกน้ำปลา 400กรัมx50ซอง)","U00002405","8857100050983","U00002405","","","","","","",""
"SKU-2174-3802","2174","3802","ราชารส พริกน้ำส้ม 400 กรัมx50ซอง (ราชารส พริกน้ำส้ม 400 กรัมx50ซอง)","U00002406","8857100050990","U00002406","","","","","","",""
"SKU-2175-3803","2175","3803","ราชารส พริกน้ำตาล 240 กรัมx50ซอง (ราชารส พริกน้ำตาล 240 กรัมx50ซอง)","U00002408","8857100050976","U00002408","","","","","","",""
"SKU-2176-3804","2176","3804","สยามชูรส พ่อครัว (สยามชูรส ตราพ่อครัว 250 กรัม)","-","8859299400167","-","","","","","","",""
"SKU-2176-3816","2176","3816","สยามชูรส พ่อครัว (สยามชูรส ตราพ่อครัว 250 กรัมx80ห่อ)","-","8859299400228","-","","","","","","",""
"SKU-2177-3807","2177","3807","มาม่า บิ๊กแพค หมูสับ 95 ก. (มาม่า บิ๊กแพค หมูสับ 95 ก. กล่อง24ซอง)","U00002410","-","U00002410","","","","","","",""
"SKU-2177-3808","2177","3808","มาม่า บิ๊กแพค หมูสับ 95 ก. (มาม่า บิ๊กแพค หมูสับ 95 ก. หีบx6กล่อง)","U00002410","-","U00002410","","","","","","",""
"SKU-2178-3809","2178","3809","มาม่า บิ๊กแพค ต้มยำ 95 ก (มาม่า บิ๊กแพค ต้มยำ 95ก กล่อง24ซอง)","-","-","-","","","","","","",""
"SKU-2178-3810","2178","3810","มาม่า บิ๊กแพค ต้มยำ 95 ก (มาม่า บิ๊กแพค ต้มยำ 95ก หีบx6กล่อง)","-","-","-","","","","","","",""
"SKU-2179-3811","2179","3811","มาม่า บิ๊กแพค ต้มยำกุ้งน้ำข้น 95 ก (มาม่า บิ๊กแพค ต้มยำกุ้งน้ำข้น 95 ก กล่อง24ซ)","-","8850987142345","-","","","","","","",""
"SKU-2179-3812","2179","3812","มาม่า บิ๊กแพค ต้มยำกุ้งน้ำข้น 95 ก (มาม่า บิ๊กแพค ต้มยำกุ้งน้ำข้น 95 ก หีบx6กล่อง)","-","-","-","","","","","","",""
"SKU-2180-3813","2180","3813","อายิโน๊ะโมะโต๊ะ พลัส 420ก (อายิโน๊ะโมะโต๊ะ พลัส 420ก )","U00002430","-","U00002430","","","","","","",""
"SKU-2181-3814","2181","3814","เค้กนึ่ง เลโด 30ก รสนม แพค12 (เค้กนึ่ง เลโด 30ก รสนม แพค12)","U00002413","8859874388859","U00002413","","","","","","",""
"SKU-2181-3815","2181","3815","เค้กนึ่ง เลโด 30ก รสนม แพค12 (เค้กนึ่ง เลโด 30ก รสนม หีบx12แพค12 )","U00002413","18859874311663","U00002413","","","","","","",""
"SKU-2182-3817","2182","3817","เค้กนึ่ง เลโด 30ก  ใบเตย แพค12 (เค้กนึ่ง เลโด 30ก  ใบเตย แพค12)","U00002414","8859874388866","U00002414","","","","","","",""
"SKU-2182-3818","2182","3818","เค้กนึ่ง เลโด 30ก  ใบเตย แพค12 (เค้กนึ่ง เลโด 30ก  ใบเตย หีบx12แพค12)","U00002414","18859874312660","U00002414","","","","","","",""
"SKU-2183-3819","2183","3819","เค้กนึ่ง เลโด 30ก มะพร้าว แพค12 (เค้กนึ่ง เลโด 30ก มะพร้าว แพค12)","U00002415","8859874325489","U00002415","","","","","","",""
"SKU-2183-3820","2183","3820","เค้กนึ่ง เลโด 30ก มะพร้าว แพค12 (เค้กนึ่ง เลโด 30ก มะพร้าว หีบx12แพค)","U00002415","18859874346948","U00002415","","","","","","",""
"SKU-2184-3821","2184","3821","เค้กนึ่ง เลโด 30ก เผือก แพค12 (เค้กนึ่ง เลโด 30ก เผือก แพค12)","U00002416","8859874351884","U00002416","","","","","","",""
"SKU-2184-3822","2184","3822","เค้กนึ่ง เลโด 30ก เผือก แพค12 (เค้กนึ่ง เลโด 30ก เผือก หีบx12แพค)","U00002416","18859874325899","U00002416","","","","","","",""
"SKU-2185-3823","2185","3823","เค้กนึ่ง เลโด 30ก รสส้ม แพค12 (เค้กนึ่ง เลโด 30ก รสส้ม แพค12)","U00002417","8859874345265","U00002417","","","","","","",""
"SKU-2185-3824","2185","3824","เค้กนึ่ง เลโด 30ก รสส้ม แพค12 (เค้กนึ่ง เลโด 30ก รสส้ม หีบx12แพค12)","U00002417","18859874369824","U00002417","","","","","","",""
"SKU-2195-3825","2195","3825","สยามชูรส พ่อครัว (สยามชูรส ตราพ่อครัว 500 กรัม)","-","8859299400174","-","","","","","","",""
"SKU-2195-3829","2195","3829","สยามชูรส พ่อครัว (สยามชูรส ตราพ่อครัว 500 กรัมx40ห่อ)","-","8859299400211","-","","","","","","",""
"SKU-2196-3826","2196","3826","สยามชูรส พ่อครัว 1,000 กรัม (สยามชูรส ตราพ่อครัว 1 ,000 กรัม)","-","8859299400181","-","","","","","","",""
"SKU-2196-3830","2196","3830","สยามชูรส พ่อครัว 1,000 กรัม (สยามชูรส ตราพ่อครัว 1 ,000 กรัมx20ห่อ)","-","8859299400204","-","","","","","","",""
"SKU-2197-3827","2197","3827","เซียโล่ เครื่องดื่ม มะนาวโซดา ""590มล"" แพค12 (เซียโล่ เครื่องดื่ม มะนาวโซดา 590มล แพค12)","U00002431","8858638009467","U00002431","","","","","","",""
"SKU-2198-3828","2198","3828","เซียโล่ เครื่องดื่ม พีชโซดา ""590มล"" แพค12 (เซียโล่ เครื่องดื่ม พีชโซดา 590มล แพค12)","U00002432","8858638009481","U00002432","","","","","","",""
"SKU-2199-3831","2199","3831","โวลต์ กป.เหลือง 190มล ทรอปิคอล แพค12 (โวลต์ กป.เหลือง 190มล ทรอปิคอล แพค12)","U00002433","8858638008996","U00002433","","","","","","",""
"SKU-2200-3832","2200","3832","โวลต์ กป. ฟ้า 190มล จินเส็ง โสม แพค12 (โวลต์ กป. ฟ้า 190มล โสม แพค12)","U00002434","-","U00002434","","","","","","",""
"SKU-2201-3833","2201","3833","โวลต์ กป.ม่วง 190มล สตรีม ผลไม้รวม แพค12 (โวลต์ กป.ม่วง 190มล ผลไม้รวม แพค12)","U00002435","-","U00002435","","","","","","",""
"SKU-2202-3834","2202","3834","คอลเกต ยาสีฟัน 100 ก เกลือ เอ็กซ์ตร้าเฟรช  (คอลเกต ยาสีฟัน 100 ก เกลือ เอ็กซ์ตร้าเฟรช )","-","-","-","","","","","","",""
"SKU-2203-3835","2203","3835","คอลเกต ยาสีฟัน 150 ก เฮอเบิ้ลซอลท์ เกลือสมุนไพร (คอลเกต ยาสีฟัน 150 ก เฮอเบิ้ลซอลท์ แพค6)","U00002429","-","U00002429","","","","","","",""
"SKU-2204-3836","2204","3836","ยูปี้ 2บ โคล่าเบอร์เกอร์ 7ก แพค24ซ (ยูปี้ 2บ โคล่าเบอร์เกอร์ 7ก แพค24ซ)","U00002397","8992741942881","U00002397","","","","","","",""
"SKU-2206-3838","2206","3838","ยูปี้ 2บ เบอรี่บอนซ์ สตรอเบอรี่ 7ก แพค24ซ (ยูปี้ 2บ เบอรี่บอนซ์ สตรอเบอรี่ 7ก แพค24ซ)","U00002402","8992741944403","U00002402","","","","","","",""
"SKU-2207-3839","2207","3839","ยูปี้ 2บ เบอรี่บอนซ์ แบล็คเบอรี่ 7ก แพค24ซ (ยูปี้ 2บ เบอรี่บอนซ์ แบล็คเบอรี่ 7ก แพค24ซ)","U00002403","8992741944564","U00002403","","","","","","",""
"SKU-2208-3840","2208","3840","ยูปี้ 2บ โคล่าบลาสท์ 9ก แพค24ซ (ยูปี้ 2บ โคล่าบลาสท์ 9ก แพค24ซ)","U00002404","8990102001093","U00002404","","","","","","",""
"SKU-2215-3841","2215","3841","ยูปี้ 5บ วอเตอร์เมลอน 16ก แตงโม แพค12 (ยูปี้ 5บ วอเตอร์เมลอน 16ก แตงโม แพค12)","U00002436","8990102001116","U00002436","","","","","","",""
"SKU-2217-3859","2217","3859","น้ำตาลปี๊บ ย่งเส็งเฮงล้ง 500 ก. (น้ำตาลปี๊บ ย่งเส็งเฮงล้ง 500 ก.)","U00002466","-","U00002466","","","","","","",""
"SKU-2218-3860","2218","3860","หัวกวาง ซอสเปรี้ยว ขวดพลาสติค 600 มล. (หัวกวาง ซอสเปรี้ยว ขวดพลาสติค 600 มล.)","U00002467","8859067000049","U00002467","","","","","","",""
"SKU-2219-3861","2219","3861","ง่วนเชียง ซีอิ๊วหวาน 700 มล. (ง่วนเชียง ซีอิ๊วหวาน 700 มล.)","U00002468","8851912030003","U00002468","","","","","","",""
"SKU-2219-3935","2219","3935","ง่วนเชียง ซีอิ๊วหวาน 700 มล. (ง่วนเชียง ซีอิ๊วหวาน 700 มล. แพค3)","U00002468","8851912030102","U00002468","","","","","","",""
"SKU-2219-3862","2219","3862","ง่วนเชียง ซีอิ๊วหวาน 700 มล. (ง่วนเชียง ซีอิ๊วหวาน 700 มล. หีบx12)","U00002468","2885026011128","U00002468","","","","","","",""
"SKU-2220-3863","2220","3863","สิงห์ เลม่อนโซดา เหลือง แพค6 (สิงห์ เลม่อนโซดา เหลือง (หีบx4แพค6))","U00002470","8850999016894","U00002470","","","","","","",""
"SKU-2221-3864","2221","3864","สิงห์ บ๊วย เลมอนโซดา เขียว แพค6 (สิงห์ บ๊วย เลมอนโซดา เขียว (หีบx4แพค6))","U00002471","8850999021232","U00002471","","","","","","",""
"SKU-2222-3865","2222","3865","สิงห์ พิ้งค์ เลมอนโซดา ชมพู แพค6 (สิงห์ พิ้งค์ เลมอนโซดา ชมพู (หีบx4แพค6))","U00002472","8850999023205","U00002472","","","","","","",""
"SKU-2223-3866","2223","3866","สิงห์ เรด เลมอนโซดา แดง แพค6 (สิงห์ เรด เลมอนโซดา แดง (หีบx4แพค6))","U00002473","8850999019154","U00002473","","","","","","",""
"SKU-2224-3868","2224","3868","จีเอสดี เครื่องดื่มโสม 100 มล. (จีเอสดี เครื่องดื่มโสม 100 มล.(แพค10))","U00002474","8852314004999","U00002474","","","","","","",""
"SKU-2224-3867","2224","3867","จีเอสดี เครื่องดื่มโสม 100 มล. (จีเอสดี เครื่องดื่มโสม 100 มล.(หีบx5แพค10))","U00002474","28852314120020","U00002474","","","","","","",""
"SKU-2225-3869","2225","3869","องุ่น น้ำมันถั่วเหลือง 230 มล. (องุ่น น้ำมันถั่วเหลือง 230 มล. แพค12)","U00002475","8850210000091","U00002475","","","","","","",""
"SKU-2225-3870","2225","3870","องุ่น น้ำมันถั่วเหลือง 230 มล. (องุ่น น้ำมันถั่วเหลือง 230 มล.(หีบx4แพค12))","U00002475","38850210000016","U00002475","","","","","","",""
"SKU-2226-3871","2226","3871","อาเจ บิ๊ก โคล่า 1.08ล แพค12 (อาเจ บิ๊ก โคล่า 1.08ล แพค12)","U00002437","8858638000679","U00002437","","","","","","",""
"SKU-2227-3872","2227","3872","อาเจ บิ๊ก โคล่า 3.1ล แพค6 (อาเจ บิ๊ก โคล่า 3.1ล แพค6)","U00002438","8858638000334","U00002438","","","","","","",""
"SKU-2231-3876","2231","3876","ตราช้อน ผงชูรส 1 กก. (ตราช้อน ผงชูรส 1 กก.)","U00002454","-","U00002454","","","","","","",""
"SKU-2232-3877","2232","3877","ไฮยีน ซักผ้าขาว ไวท์ฟลอรัล ชมพู 250 มล.  (ไฮยีน ซักผ้าขาว ไวท์ฟลอรัล ชมพู 250 มล. x 6+1)","U00002455","-","U00002455","","","","","","",""
"SKU-2233-3878","2233","3878","ไฮยีน ถุงหอม กลิ่นพีโอนี บลูม สีดำ 8 ก. x 3 (ไฮยีน ผลิตภัณฑ์ถุงหอม กลิ่นพีโอนี บลูม สีดำ 8 ก. x 3)","U00002456","-","U00002456","","","","","","",""
"SKU-2234-3879","2234","3879","โทมิ น้ำยาถูพื้นเขียว 550 มล. x 3+1 (โทมิ น้ำยาถูพื้นเขียว 550 มล. x 3+1)","U00002457","-","U00002457","","","","","","",""
"SKU-2235-3880","2235","3880","ชิลด์ท้อกซ์ กำจัดยุง ดีเลมอนนีน 300 มล (ชิลด์ท้อกซ์ สเปรย์กำจัดยุง ดีเลมอนนีน 300 มล)","U00002449","-","U00002449","","","","","","",""
"SKU-2236-3881","2236","3881","ชิลด์ท้อกซ์ ตะไคร้หอม มด แมลงสาบ 300 มล (ชิลด์ท้อกซ์ ตะไคร้หอม มด แมลงสาบ 300 มล)","U00002450","-","U00002450","","","","","","",""
"SKU-2237-3882","2237","3882","ชิลด์ท้อกซ์ กำจัดยุง มด แมลงสาบ ไร้กลิ่น 300 มล (ชิลด์ท้อกซ์ สเปรย์กำจัดยุง มด แมลงสาบ สูตรไร้กลิ่น 300 มล)","U00002451","-","U00002451","","","","","","",""
"SKU-2238-3883","2238","3883","รีบิสโก้ ช็อกโก มูโช มิลค์ ช็อกโกแลต 25 ก. x 10 (รีบิสโก้ ช็อกโก มูโช มิลค์ ช็อกโกแลต 25 ก. x 10)","U00002452","-","U00002452","","","","","","",""
"SKU-2239-3884","2239","3884","ช็อกโก มูโช ช็อกโกแลต คุกกี้ 25 ก. x 10 (ช็อกโก มูโช ช็อกโกแลต คุกกี้ 25 ก. x 10)","U00002453","-","U00002453","","","","","","",""
"SKU-2240-3885","2240","3885","เป็ด ห้องน้ำ พิงค์ ชมพู 900 มล. แพค2+1 (เป็ด ห้องน้ำ พิงค์ ชมพู 900 มล. แพค2+1)","U00002448","-","U00002448","","","","","","",""
"SKU-2241-3886","2241","3886","เป็ด ห้องน้ำ โปร นง. 900 มล. แพค2+1 (เป็ด ห้องน้ำ โปร นง. 900 มล. แพค2+1)","U00002447","-","U00002447","","","","","","",""
"SKU-2242-3887","2242","3887","ไลปอนเอฟ ชามะนาว 450มล (ไลปอนเอฟ ชามะนาว 450มล แพค3)","U00002446","-","U00002446","","","","","","",""
"SKU-2243-3888","2243","3888","คอลเกต ยาสีฟัน 150 ก เย็นซ่า เขียว (คอลเกต ยาสีฟัน 150 ก เย็นซ่า เขียว)","U00002444","-","U00002444","","","","","","",""
"SKU-2244-3889","2244","3889","คอลเกต ยาสีฟัน 150 ก เกลือ เอ็กตร้าเฟรชมินท์ (คอลเกต ยาสีฟัน 150 ก เกลือ เอ็กตร้าเฟรชมินท์)","U00002445","-","U00002445","","","","","","",""
"SKU-2245-3890","2245","3890","มาจิคลีน พื้น 400มล ถุงเติม แพค3 แดง เบอรี่ (มาจิคลีน พื้น 400มล ถุงเติม แพค3 แดง เบอรี่)","U00002441","-","U00002441","","","","","","",""
"SKU-2246-3891","2246","3891","สิงห์ เลมอนโซดา 330มล  แพค8กป (สิงห์ เลมอนโซดา 330มล  แพค8กป)","U00002469","-","U00002469","","","","","","",""
"SKU-2247-3892","2247","3892","ดาวน์นี่ ปรับ 950มล แพค1+1 หอมละมุนคอตตอน  (ดาวน์นี่ ปรับ 950มล แพค1+1 หอมละมุนคอตตอน )","U00002458","-","U00002458","","","","","","",""
"SKU-2248-3893","2248","3893","ดาวน์นี่ ปรับ 950มล แพค1+1 ช่อดอกไม้แสนน่ารัก (ดาวน์นี่ ปรับ 950มล แพค1+1 ช่อดอกไม้แสนน่ารัก)","U00002459","-","U00002459","","","","","","",""
"SKU-2249-3894","2249","3894","ดาวน์นี่ ปรับ 950มล แพค1+1 หอมช่อดอกไม้สดชื่น นง. (ดาวน์นี่ ปรับ 950มล แพค1+1 หอมช่อดอกไม้สดชื่น นง.)","U00002460","-","U00002460","","","","","","",""
"SKU-2250-3895","2250","3895","ดาวน์นี่ ปรับ 950มล แพค1+1 ดอกไม้บานสะพรั่ง ชมพูอ่อน (ดาวน์นี่ ปรับ 950มล แพค1+1 ดอกไม้บานสะพรั่ง ชมพูอ่อน)","U00002461","-","U00002461","","","","","","",""
"SKU-2251-3896","2251","3896","ดาวน์นี่ ปรับ 950มล แพค1+1 มิสทิค ม่วง (ดาวน์นี่ ปรับ 950มล แพค1+1 มิสทิค ม่วง)","U00002462","-","U00002462","","","","","","",""
"SKU-2252-3897","2252","3897","ดาวน์นี่ ปรับ 950มล แพค1+1 แพชชั่น แดง (ดาวน์นี่ ปรับ 950มล แพค1+1 แพชชั่น แดง)","U00002463","-","U00002463","","","","","","",""
"SKU-2253-3898","2253","3898","ดาวน์นี่ ปรับ 950มล แพค1+1 หอมละมุุนฟองสบู่ ฟ้าขาว (ดาวน์นี่ ปรับ 950มล แพค1+1 หอมละมุุนฟองสบู่ ฟ้าขาว)","U00002464","-","U00002464","","","","","","",""
"SKU-2254-3899","2254","3899","ก.ย. 15 โลชั่นทากันยุง ม่วง 8 ก. x 24 (ก.ย. 15 โลชั่นทากันยุง ม่วง 8 ก. x 24)","U00002476","-","U00002476","","","","","","",""
"SKU-2255-3900","2255","3900","ก.ย. 15 โลชั่นทากันยุง ชมพู 8 ก. x 24 (ก.ย. 15 โลชั่นทากันยุง ชมพู 8 ก. x 24)","U00002477","-","U00002477","","","","","","",""
"SKU-2256-3901","2256","3901","คอลเกต แปรงสีฟันผู้ใหญ่ เจนเทิลกัมแคร์ x 4+2 (คอลเกต แปรงสีฟันผู้ใหญ่ เจนเทิลกัมแคร์ x 4+2)","U00002478","-","U00002478","","","","","","",""
"SKU-2257-3902","2257","3902","ดาวน์นี่ ปรับ 20มล หอมละมุนฟองสบู่  ฟ้าขาว แพค24 (ดาวน์นี่ ปรับ  20มล แพค24 หอมละมุนฟองสบู่ฟ้าขาว )","U00002479","-","U00002479","","","","","","",""
"SKU-2258-3903","2258","3903","ดาวน์นี่ ลักซ์ ปรับ มิสทีค 900มล แพค1+1 ม่วงดำ (ดาวน์นี่ ลักซ์ ปรับ มิสทีค 900มล แพค1+1 ม่วงดำ)","U00002480","-","U00002480","","","","","","",""
"SKU-2259-3904","2259","3904","ดาวน์นี่ ลักซ์ ปรับ ฮาร์โมนี 900มล แพค1+1 ดำทอง (ดาวน์นี่ ลักซ์ ปรับ ฮาร์โมนี 900มล แพค1+1 ดำทอง)","U00002481","4987176352354","U00002481","","","","","","",""
"SKU-2260-3905","2260","3905","เด็กสมบูรณ์ เต้าเจี้ยว สูตร1 350ก (เด็กสมบูรณ์ เต้าเจี้ยว สูตร1 350ก แพค6)","U00002482","-","U00002482","","","","","","",""
"SKU-2261-3906","2261","3906","บรีสเอกเซล ซักน้ำ 550มล แอคทีฟเพรช ฟ้า แพค2+1 (บรีสเอกเซล น้ำยาซักผ้า แอคทีฟเพรช ฟ้า 550มล. แพค2+1)","U00002483","8851932444750","U00002483","","","","","","",""
"SKU-2266-3907","2266","3907","บรีสเอกเซล ซักน้ำ  620มล สวีทซากุระ  ชมพู แพค2+1 (บรีสเอกเซล น้ำยาซักผ้า สวีทซากุระ  ชมพู  620มล. แพค2+1)","U00002484","8851932463355","U00002484","","","","","","",""
"SKU-2267-3908","2267","3908","บรีสเอกเซล ซักน้ำ 650มล.ป้องกันสีตก  แพค2+1 (บรีสเอกเซล น้ำยาซักผ้า ป้องกันสีตก 650มล. แพค2+1)","U00002485","8851932474535","U00002485","","","","","","",""
"SKU-2268-3909","2268","3909","บรีสเอกเซล ซักน้ำ 670 มล เฮเว่นบลอสซั่ม  แพค2+1 (บรีสเอกเซล น้ำยาซักผ้า เฮเว่นบลอสซั่ม  670 มล. แพค2+1)","U00002486","8851932478052","U00002486","","","","","","",""
"SKU-2269-3910","2269","3910","มาจิคลีน พื้น 400มล ถุงเติม แพค3 ชมพู ลิลลี่บูเก้ (มาจิคลีน พื้น 400มล ถุงเติม แพค3 ชมพู ลิลลี่บูเก้)","U00002439","-","U00002439","","","","","","",""
"SKU-2270-3911","2270","3911","มาจิคลีน พื้น 400มล ถุงเติม แพค3 ม่วง ลาเวนเดอร์ (มาจิคลีน พื้น 400มล ถุงเติม แพค3 ม่วง ลาเวนเดอร์)","U00002440","-","U00002440","","","","","","",""
"SKU-2271-3912","2271","3912","มาจิคลีน พื้น 700มล ถุงเติม แพค3 เนเชอรัลเชียว (มาจิคลีน พื้น 700มล ถุงเติม แพค3 เนเชอรัลเชียว)","U00002443","-","U00002443","","","","","","",""
"SKU-2272-3913","2272","3913","มาจิคลีน พื้น ขวด 500มล แพค3 ชมพู (มาจิคลีน พื้น ขวด 500มล แพค3 ชมพู)","U00002442","-","U00002442","","","","","","",""
"SKU-2273-3914","2273","3914","แม็กกี้ ซอสปรุงสูตรผัด 680 มล. ฝาเหลือง (แม็กกี้ ซอสปรุงสูตรผัด 680 มล. ฝาเหลือง แพค3)","U00001532","-","U00001532","","","","","","",""
"SKU-2273-3915","2273","3915","แม็กกี้ ซอสปรุงสูตรผัด 680 มล. ฝาเหลือง (แม็กกี้ ซอสปรุงสูตรผัด 680 มล. ฝาเหลือง หีบx12)","U00001532","-","U00001532","","","","","","",""
"SKU-2274-3919","2274","3919","สไปรท์ 330 มล. แพค12 (สไปรท์ 330 มล. แพค12)","U00002495","8851959427361","U00002495","","","","","","",""
"SKU-2275-3920","2275","3920","แฟนต้าน้ำส้ม 330 มล. แพค12 (แฟนต้าน้ำส้ม 330 มล. แพค12)","U00002493","8851959427163","U00002493","","","","","","",""
"SKU-2276-3921","2276","3921","แฟนต้าน้ำแดง 330 มล. แพค12 (แฟนต้าน้ำแดง 330 มล. แพค12)","U00002494","8851959427170","U00002494","","","","","","",""
"SKU-2280-3922","2280","3922","แฟนต้าน้ำเขียว 330 มล. แพค12 (แฟนต้าน้ำเขียว 330 มล. แพค12)","U00002492","8851959427187","U00002492","","","","","","",""
"SKU-2281-3923","2281","3923","เป๊ปซี่-โคล่า 640 มล. 1X12 (เป๊ปซี่-โคล่า 640 มล. 1X12)","-","8858998591336","-","","","","","","",""
"SKU-2282-3924","2282","3924","เป๊ปซี่-โคล่า 1.26 ล. 1X12 (เป๊ปซี่-โคล่า 1.26 ล. 1X12)","-","8858998591237","-","","","","","","",""
"SKU-2283-3925","2283","3925","เป๊ปซี่-โคล่า 1.49 ล. 1X12 (เป๊ปซี่-โคล่า 1.49 ล. 1X12)","-","8858998591916","-","","","","","","",""
"SKU-2284-3926","2284","3926","เป๊ปซี่-โคล่า 2 ล. 1X6 (เป๊ปซี่-โคล่า 2 ล.1X6)","-","8858998593750","-","","","","","","",""
"SKU-2285-3927","2285","3927","เป๊ปซี่ไม่มีน้ำตาล 325 มล. 1X24 (เป๊ปซี่ไม่มีน้ำตาล 325 มล. 1X24)","-","8858998591664","-","","","","","","",""
"SKU-2286-3928","2286","3928","เป๊ปซี่ไม่มีน้ำตาลสตรอแอนด์ครีม 325 มล. 1X24 (เป๊ปซี่ไม่มีน้ำตาลสตรอแอนด์ครีม 325 มล. 1X24)","-","8858998596515","-","","","","","","",""
"SKU-2287-3929","2287","3929","เป๊ปซี่ไม่มีน้ำตาลดูไบช็อค 325 มล. 1X24 (เป๊ปซี่ไม่มีน้ำตาลดูไบช็อค 325 มล. 1X24)","-","8858998596546","-","","","","","","",""
"SKU-2288-3930","2288","3930","เป๊ปซี่ไม่มีน้ำตาล 345 มล. 1X12 (เป๊ปซี่ไม่มีน้ำตาล 345 มล. 1X12)","-","8858998591466","-","","","","","","",""
"SKU-2289-3931","2289","3931","เป๊ปซี่ไม่มีน้ำตาลสตรอแอนด์ครีม 345 มล. 1X12 (เป๊ปซี่ไม่มีน้ำตาลสตรอแอนด์ครีม 345 มล. 1X12)","-","8858998596539","-","","","","","","",""
"SKU-2290-3932","2290","3932","เป๊ปซี่ไม่มีน้ำตาลดูไบช็อค 345 มล. 1X12 (เป๊ปซี่ไม่มีน้ำตาลดูไบช็อค 345 มล. 1X12)","-","8858998596560","-","","","","","","",""
"SKU-2291-3933","2291","3933","เป๊ปซี่ไม่มีน้ำตาล 1.45 ล.1X12 (เป๊ปซี่ไม่มีน้ำตาล 1.45 ล. 1X12)","-","8858998591176","-","","","","","","",""
"SKU-2292-3934","2292","3934","มิรินด้าสตรอเบอร์รี 345 มล. 1X12 (มิรินด้าสตรอเบอร์รี 345 มล. 1X12)","-","8858998592388","-","","","","","","",""
"SKU-2293-3936","2293","3936","มิรินด้าส้ม 345 มล. 1X12 (มิรินด้าส้ม 345 มล. 1X12)","-","8858998592364","-","","","","","","",""
"SKU-2294-3937","2294","3937","มิรินด้ากรีนครีม 345 มล. 1X12 (มิรินด้ากรีนครีม 345 มล. 1X12)","-","8858998592685","-","","","","","","",""
"SKU-2295-3938","2295","3938","มิรินด้าบลูเบอร์รี ส้ม 345 มล. 1X12 (มิรินด้าบลูเบอร์รี ส้ม 345 มล. 1X12)","-","8858998594856","-","","","","","","",""
"SKU-2296-3939","2296","3939","มิรินด้าสตรอเบอร์รี 1.45 ล.1X12 (มิรินด้าสตรอเบอร์รี 1.45 ล. 1X12)","-","8858998592104","-","","","","","","",""
"SKU-2297-3940","2297","3940","มิรินด้าส้ม 1.45 ล. 1X12 (มิรินด้าส้ม 1.45 ล. 1X12)","-","8858998592050","-","","","","","","",""
"SKU-2298-3941","2298","3941","มิรินด้ากรีนครีม 1.45 ล. 1X12 (มิรินด้ากรีนครีม 1.45 ล. 1X12)","-","8858998592869","-","","","","","","",""
"SKU-2299-3942","2299","3942","เซเว่น-อัพไม่มีน้ำตาล 345 มล. 1X12 (เซเว่น-อัพไม่มีน้ำตาล 345 มล. 1X12)","-","8858998593194","-","","","","","","",""
"SKU-2300-3943","2300","3943","เซเว่น-อัพไม่มีน้ำตาลสตรอ เลมอน 345 มล. 1X12 (เซเว่น-อัพไม่มีน้ำตาลสตรอ เลมอน 345 มล. 1X12)","-","8858998596492","-","","","","","","",""
"SKU-2301-3944","2301","3944","ไบกอน กำจัดแมลง เขียว 250มล แพค5+1 เฟรช (ไบกอน กำจัดแมลง เขียว 250มล แพค5+1 เฟรช)","U00002491","-","U00002491","","","","","","",""
"SKU-2302-3945","2302","3945","ไบกอน กำจัดแมลง ม่วง 250มล แพค5+1 ลาเวนเดอร์ (ไบกอน กำจัดแมลง ม่วง 250มล แพค5+1 ลาเวนเดอร์)","U00002490","-","U00002490","","","","","","",""
"SKU-2303-3946","2303","3946","เอ็มแอนด์ดี เปี๊ยะไส้หมูหยอง 42ก แพค12 (เอ็มแอนด์ดี เปี๊ยะไส้หมูหยอง 42ก แพค12)","U00002487","8859580900451","U00002487","","","","","","",""
"SKU-2304-3947","2304","3947","เอ็มแอนด์ดี เปี๊ยะไส้ไก่หยอง 42 ก. แพค12 (เอ็มแอนด์ดี เปี๊ยะไส้ไก่หยอง 42 ก. แพค12)","U00002488","8859580900277","U00002488","","","","","","",""
"SKU-2305-3948","2305","3948","เซเว่น-อัพไม่มีน้ำตาล 1.45 ล. 1X12 (เซเว่น-อัพไม่มีน้ำตาล 1.45 ล. 1X12)","-","8858998593217","-","","","","","","",""
"SKU-2306-3949","2306","3949","เซเว่น-อัพไม่มีน้ำตาลเลมอนโซดา 325 มล. 1X24 (เซเว่น-อัพไม่มีน้ำตาลเลมอนโซดา 325 มล. 1X24)","-","8858998593514","-","","","","","","",""
"SKU-2307-3950","2307","3950","เซเว่น-อัพไม่มีน้ำตาลสตรอ เลมอน 325 มล. 1X24 (เซเว่น-อัพไม่มีน้ำตาลสตรอ เลมอน 325 มล. 1X24)","-","8858998593798","-","","","","","","",""
"SKU-2308-3951","2308","3951","สติงค์ สตรอว์เบอร์รี 250 มล. 1X12 (สติงค์ สตรอว์เบอร์รี 250 มล. 1X12)","-","8858998594535","-","","","","","","",""
"SKU-2309-3952","2309","3952","สติงค์ ออริจินัล บูสท์ 250 มล. 1X12 (สติงค์ ออริจินัล บูสท์ 250 มล. 1X12)","-","8858998596430","-","","","","","","",""
"SKU-2310-3953","2310","3953","ลิปตันเลมอน 245 มล. 1X24 (ลิปตันเลมอน 245 มล. 1X24)","-","8858998595051","-","","","","","","",""
"SKU-2311-3954","2311","3954","ลิปตันพีช 245 มล. 1X24 (ลิปตันพีช 245 มล. 1X24)","-","8858998595075","-","","","","","","",""
"SKU-2312-3955","2312","3955","ลิปตันเลมอน 320 มล. 1X12 (ลิปตันเลมอน 320 มล. 1X12)","-","8858998595280","-","","","","","","",""
"SKU-2313-3956","2313","3956","ลิปตันเลมอน 445 มล. 1X24 (ลิปตันเลมอน 445 มล. 1X24)","-","8858998595143","-","","","","","","",""
"SKU-2314-3957","2314","3957","ลิปตันเลมอน ไม่มีน้ำตาล 445 มล. 1X24 (ลิปตันเลมอน ไม่มีน้ำตาล 445 มล. 1X24)","-","8858998595440","-","","","","","","",""
"SKU-2315-3958","2315","3958","ลิปตันเลมอนซ่า ไม่มีน้ำตาล 325 มล. 1X24 (ลิปตันเลมอนซ่า ไม่มีน้ำตาล 325 มล. 1X24)","-","8858998595532","-","","","","","","",""
"SKU-2316-3959","2316","3959","ลิปตันซ่า เบอร์รี่ 325 มล. 1X24 (ลิปตันซ่า เบอร์รี่ 325 มล. 1X24)","-","8858998595648","-","","","","","","",""
"SKU-2317-3960","2317","3960","ทีพลัส กลมกล่อม 490 มล. 1X24 (ทีพลัส กลมกล่อม 490 มล. 1X24)","-","8858998594160","-","","","","","","",""
"SKU-2318-3961","2318","3961","ทีพลัส ไม่มีน้ำตาล 490 มล. 1X24 (ทีพลัส ไม่มีน้ำตาล 490 มล. 1X24)","-","8858998594177","-","","","","","","",""
"SKU-2319-3962","2319","3962","ทีพลัส ฮันนี่ เลมอน 490 มล. 1X24 (ทีพลัส ฮันนี่ เลมอน 490 มล. 1X24)","-","8858998594504","-","","","","","","",""
"SKU-2320-3963","2320","3963","ทีพลัส บราวซูก้า 490 มล. 1X24 (ทีพลัส บราวซูก้า 490 มล. 1X24)","-","8858998594696","-","","","","","","",""
"SKU-2321-3964","2321","3964","บอส คอฟฟี่ อเมริกาโน่ 230 มล. 1X24 (บอส คอฟฟี่ อเมริกาโน่ 230 มล. 1X24)","-","8858998599035","-","","","","","","",""
"SKU-2322-3965","2322","3965","บอส คอฟฟี่ แบล็ค ไม่หวาน 230 มล. 1X24 (บอส คอฟฟี่ แบล็ค ไม่หวาน 230 มล. 1X24)","-","8858998599011","-","","","","","","",""
"SKU-2323-3966","2323","3966","บอส คอฟฟี่ ลาเต้ 230 มล. 1X24 (บอส คอฟฟี่ ลาเต้ 230 มล. 1X24)","-","8858998599059","-","","","","","","",""
"SKU-2324-3967","2324","3967","บอส ยูซุ แบล็ค 230 มล. 1X24 (บอส ยูซุ แบล็ค 230 มล. 1X24)","-","8858998599165","-","","","","","","",""
"SKU-2325-3968","2325","3968","บอส ดับเบิ้ล เอสเพรสโซ 230 มล. 1X24 (บอส ดับเบิ้ล เอสเพรสโซ 230 มล. 1X24)","-","8858998599189","-","","","","","","",""
"SKU-2326-3969","2326","3969","ซันโทรี่ ไฮ! รสยูซุ 570 มล. 1X12 (ซันโทรี่ ไฮ! รสยูซุ 570 มล. 1X12)","-","8858998599264","-","","","","","","",""
"SKU-2327-3970","2327","3970","น้ำดื่มอควาฟินา 550 มล. 1X12 (น้ำดื่มอควาฟินา 550 มล. 1X12)","-","8858998596263","-","","","","","","",""
"SKU-2328-3971","2328","3971","น้ำดื่มอควาฟินา 1.5 ล. 1X6 (น้ำดื่มอควาฟินา 1.5 ล. 1X6)","-","8858998596270","-","","","","","","",""
"SKU-2329-3972","2329","3972","น้ำแร่อควาฟิน่า 550 มล. 1X12 (น้ำแร่อควาฟิน่า 550 มล. 1X12)","-","8858998596003","-","","","","","","",""
"SKU-2330-3973","2330","3973","น้ำแร่อควาฟิน่า 1.5 ล. 1X6 (น้ำแร่อควาฟิน่า 1.5 ล. 1X6)","-","8858998596119","-","","","","","","",""
"SKU-2331-3977","2331","3977","คาลพา เวเฟอร์ 20ก แพค12 (คาลพา เวเฟอร์ 20ก แพค12)","U00002489","-","U00002489","","","","","","",""
"SKU-2332-3978","2332","3978","รสดี แป้งชุบทอด ต้นตำรับ 90 ก. x 10 (รสดี แป้งชุบทอด ต้นตำรับ 90 ก. x 10)","U00002542","-","U00002542","","","","","","",""
"SKU-2333-3979","2333","3979","รสดี แป้งชุบทอด เผ็ดร้อน 90 ก. x 10 (รสดี แป้งชุบทอด เผ็ดร้อน 90 ก. x 10)","U00002543","-","U00002543","","","","","","",""
"SKU-2334-3980","2334","3980","โชกุบุสซึ อาบน้ำ ถุง 400 มล ชมพู ไชนีสมิลค์ ผิวนุ่ม (โชกุบุสซึ อาบน้ำ ถุง 400 มล ชมพู ไชนีสมิลค์ ผิวนุ่ม)","U00002544","-","U00002544","","","","","","",""
"SKU-2334-3981","2334","3981","โชกุบุสซึ อาบน้ำ ถุง 400 มล ชมพู ไชนีสมิลค์ ผิวนุ่ม (โชกุบุสซึ อาบน้ำ ถุง 400 มล ชมพู ไชนีสมิลค์ ผิวนุ่ม แพค3)","U00002544","-","U00002544","","","","","","",""
"SKU-2335-3982","2335","3982","โชกุบุสซึ อาบน้ำ ถุง 500 มล ส้ม ผิวใสกระจ่าง (โชกุบุสซึ อาบน้ำ ถุง 500 มล ส้ม ผิวใสกระจ่าง)","U00002545","-","U00002545","","","","","","",""
"SKU-2335-3983","2335","3983","โชกุบุสซึ อาบน้ำ ถุง 500 มล ส้ม ผิวใสกระจ่าง (โชกุบุสซึ อาบน้ำ ถุง 500 มล ส้ม ผิวใสกระจ่าง แพค3)","U00002545","-","U00002545","","","","","","",""
"SKU-2336-3984","2336","3984","ไฮยีน ปรับ ซัมเมอร์มาการอง 480 มล x 2+1 ชมพู (ไฮยีน ปรับ ซัมเมอร์ มาการอง ชมพู 480 มล x 2+1)","U00002546","8850092310813","U00002546","","","","","","",""
"SKU-2337-3985","2337","3985","ไฮยีน ปรับ มิลค์กี้ทัช 1 ล. แพค1+1 สีขาว (ไฮยีน ปรับ มิลค์กี้ทัช สีขาว 1 ล. แพค1+1)","U00002547","-","U00002547","","","","","","",""
"SKU-2338-3986","2338","3986","ไฮยีน ปรับ ซัมเมอร์มาการอง 1 ล. แพค1+1 ชมพู (ไฮยีน ปรับ ซัมเมอร์มาการอง 1 ล. แพค1+1 ชมพู)","U00002548","-","U00002548","","","","","","",""
"SKU-2341-3991","2341","3991","108 shop ซักน้ำ 120มล แดง เลิฟลี่คิส (108 shop ซักน้ำ 120มล แดง เลิฟลี่คิส )","U00002549","8858829657026","U00002549","","","","","","",""
"SKU-2341-3992","2341","3992","108 shop ซักน้ำ 120มล แดง เลิฟลี่คิส (108 shop ซักน้ำ 120มล แดง เลิฟลี่คิส หีบx36)","U00002549","-","U00002549","","","","","","",""
"SKU-2347-4000","2347","4000","108 Shop ชมพู 300ก ผงซักฟอก  (108 Shop ผงซักฟอก ชมพู 300ก)","U00002550","-","U00002550","","","","","","",""
"SKU-2347-4002","2347","4002","108 Shop ชมพู 300ก ผงซักฟอก  (108 Shop ผงซักฟอก ชมพู 300ก หีบx36)","U00002550","-","U00002550","","","","","","",""
"SKU-2347-4001","2347","4001","108 Shop ชมพู 300ก ผงซักฟอก  (108 Shop ผงซักฟอก ชมพู 300ก โหลx12)","U00002550","-","U00002550","","","","","","",""
"SKU-2348-4003","2348","4003","มาจิคลีน พื้น 750มล ถุง แพค3 เบอร์รี่อโรมา (มาจิคลีน พื้น 750มล ถุง แพค3 เบอร์รี่อโรมา แพค3)","U00002551","-","U00002551","","","","","","",""
"SKU-2349-4004","2349","4004","วิกซอล ล้างห้องน้ำ 450 มล ไวท์ ขาว แพค3 (วิกซอล ล้างห้องน้ำ 450 มล ไวท์ ขาว แพค3)","U00002552","-","U00002552","","","","","","",""
"SKU-2350-4005","2350","4005","วิซ ถูพื้น 2.1ล เลิฟลี่บลูม ชมพู (วิซ ถูพื้น 2.1ล เลิฟลี่บลูม ชมพู)","U00002553","-","U00002553","","","","","","",""
"SKU-2351-4006","2351","4006","อาเจ บิ๊ก โคล่า 1.8ล แพค6 (อาเจ บิ๊ก โคล่า 1.8ล แพค6)","U00002554","-","U00002554","","","","","","",""
"SKU-2353-4007","2353","4007","รสดี ผงปรุงรส ไก่ 70ก  (รสดี ผงปรุงรส ไก่ 70ก แพค10)","U00002555","-","U00002555","","","","","","",""
"SKU-2354-4008","2354","4008","รสดี ผงปรุงรส ไก่ 155ก  (รสดี ผงปรุงรส ไก่ 155ก แพค10)","U00002556","-","U00002556","","","","","","",""
"SKU-2355-4009","2355","4009","ไบกอน ยาจุด ลาเวนเดอร์ 12 ขด แพค6ก (ไบกอน ยาจุด ลาเวนเดอร์ 12 ขด แพค6ก)","U00002421","-","U00002421","","","","","","",""
"SKU-2355-4119","2355","4119","ไบกอน ยาจุด ลาเวนเดอร์ 12 ขด แพค6ก (ไบกอน ยาจุด ลาเวนเดอร์ 12 ขด หีบx72)","U00002421","-","U00002421","","","","","","",""
"SKU-2356-4010","2356","4010","เลิฟซ่า โซดา กลิ่นฮันนี่เลม่อน 330มล  (เลิฟซ่า โซดา กลิ่นเลมอน 330 มลเลิฟซ่า)","-","-","-","","","","","","",""
"SKU-2357-4011","2357","4011","ไบกอน กำจัดแมลง ยูคาลิปตัส เขียว 520 มล. x3 (ไบกอน กำจัดแมลง ยูคาลิปตัส เขียว 520 มล. แพค3)","U00002611","-","U00002611","","","","","","",""
"SKU-2358-4012","2358","4012","โอโมพลัส ลิควิด เขียว 600มล คอตตอนบลูม (โอโมพลัส ลิควิด เขียว 600มล คอตตอนบลูม)","U00002612","8851932493369","U00002612","","","","","","",""
"SKU-2358-4013","2358","4013","โอโมพลัส ลิควิด เขียว 600มล คอตตอนบลูม (โอโมพลัส ลิควิด เขียว 600มล คอตตอนบลูม หีบx12)","U00002612","18851932476017","U00002612","","","","","","",""
"SKU-2359-4014","2359","4014","ซิตร้า ทานาคา เขียว โลชั่น 300 มล. แพค1+1 (ซิตร้า ทานาคา เขียว โลชั่น 300 มล. แพค1+1)","U00002616","8851932471572","U00002616","","","","","","",""
"SKU-2359-4015","2359","4015","ซิตร้า ทานาคา เขียว โลชั่น 300 มล. แพค1+1 (ซิตร้า ทานาคา เขียว โลชั่น 300 มล. แพค1+1 หีบx6แพค2)","U00002616","18851932459553","U00002616","","","","","","",""
"SKU-2360-4016","2360","4016","ภูเขาทอง ซอสหอยนางรม 660 กรัม (ภูเขาทอง ซอสหอยนางรม 660 กรัม)","U00002617","-","U00002617","","","","","","",""
"SKU-2360-4017","2360","4017","ภูเขาทอง ซอสหอยนางรม 660 กรัม (ภูเขาทอง ซอสหอยนางรม 660 กรัม หีบx12)","U00002617","-","U00002617","","","","","","",""
"SKU-2361-4018","2361","4018","ยูโร ปังแซนวิช 40ก ราสเบอรี่ ชมพู x12 (ยูโร ปังแซนวิช 40ก ราสเบอรี่ x12)","U00002618","8850425012537","U00002618","","","","","","",""
"SKU-2361-4019","2361","4019","ยูโร ปังแซนวิช 40ก ราสเบอรี่ ชมพู x12 (ยูโร ปังแซนวิช 40ก ราสเบอรี่ x12  หีบx12แพค)","U00002618","18850425011568","U00002618","","","","","","",""
"SKU-2362-4021","2362","4021","ยูโร ปังแซนวิช 40ก รสนม ฟ้า x12 (ยูโร ปังแซนวิช 40ก รสนม หีบx12แพค)","U00002619","18850425011575","U00002619","","","","","","",""
"SKU-2362-4020","2362","4020","ยูโร ปังแซนวิช 40ก รสนม ฟ้า x12 (ยูโร ปังแซนวิช 40ก รสนม x12)","U00002619","8850425012551","U00002619","","","","","","",""
"SKU-2363-4023","2363","4023","ยูโร ปังแซนวิช 40ก บลูเบอรี่ ม่วง x12 (ยูโร ปังแซนวิช 40ก บลูเบอรี่ ม่วง  หีบx12แพค12)","-","-","-","","","","","","",""
"SKU-2363-4022","2363","4022","ยูโร ปังแซนวิช 40ก บลูเบอรี่ ม่วง x12 (ยูโร ปังแซนวิช 40ก บลูเบอรี่ ม่วง x12)","-","-","-","","","","","","",""
"SKU-2364-4025","2364","4025","ทาโร่ ปลาเส้น บาร์บีคิว 5ก x12 (ทาโร่ ปลาเส้น บาร์บีคิว 5ก หีบx12แพค)","U00002621","18852044110325","U00002621","","","","","","",""
"SKU-2364-4024","2364","4024","ทาโร่ ปลาเส้น บาร์บีคิว 5ก x12 (ทาโร่ ปลาเส้น บาร์บีคิว 5ก x12)","U00002621","8852044150324","U00002621","","","","","","",""
"SKU-2365-4027","2365","4027","ทาโร่ ปลาเส้น สาหร่ายเกาหลี 5ก x12 (ทาโร่ ปลาเส้น สาหร่ายเกาหลี 5ก หีบx12แพค)","U00002622","18852044377414","U00002622","","","","","","",""
"SKU-2365-4026","2365","4026","ทาโร่ ปลาเส้น สาหร่ายเกาหลี 5ก x12 (ทาโร่ ปลาเส้น สาหร่ายเกาหลี 5ก x12)","U00002622","8852044397415","U00002622","","","","","","",""
"SKU-2366-4029","2366","4029","ทาโร่ ปลาเส้น รสเข้มข้น 5ก x12 (ทาโร่ ปลาเส้น รสเข้มข้น 5ก หีบx12แพค)","U00002623","18852044110226","U00002623","","","","","","",""
"SKU-2366-4028","2366","4028","ทาโร่ ปลาเส้น รสเข้มข้น 5ก x12 (ทาโร่ ปลาเส้น รสเข้มข้น 5ก x12)","U00002623","8852044150225","U00002623","","","","","","",""
"SKU-2367-4030","2367","4030","มามี่โพโค แฮปปี้แพ้นท์ XXL48ชิ้น  (มามี่โพโค แฮปปี้แพ้นท์ XXL48ชิ้น )","U00002624","-","U00002624","","","","","","",""
"SKU-2367-4031","2367","4031","มามี่โพโค แฮปปี้แพ้นท์ XXL48ชิ้น  (มามี่โพโค แฮปปี้แพ้นท์ XXL48ชิ้น  หีบx4)","U00002624","-","U00002624","","","","","","",""
"SKU-2368-4033","2368","4033","เอ็มดี บุกรสหมาล่า 22ก x12 (เอ็มดี บุกรสหมาล่า 22ก  หีบx12แพค)","U00002625","8859580900857","U00002625","","","","","","",""
"SKU-2368-4032","2368","4032","เอ็มดี บุกรสหมาล่า 22ก x12 (เอ็มดี บุกรสหมาล่า 22ก x12)","U00002625","8859580900833","U00002625","","","","","","",""
"SKU-2369-4035","2369","4035","เอ็มดี บุกรสทะเลต้มยำ 22ก x12 (เอ็มดี บุกรสทะเลต้มยำ 22ก หีบx12แพค)","U00002626","8859580900840","U00002626","","","","","","",""
"SKU-2369-4034","2369","4034","เอ็มดี บุกรสทะเลต้มยำ 22ก x12 (เอ็มดี บุกรสทะเลต้มยำ 22ก x12)","U00002626","8859580900826","U00002626","","","","","","",""
"SKU-2370-4036","2370","4036","108 shop ซักน้ำ 120มล ชมพู ฟลอรัล (108 shop ซักน้ำ 120มล ชมพู ฟลอรัล ถุง)","U00002610","-","U00002610","","","","","","",""
"SKU-2370-4037","2370","4037","108 shop ซักน้ำ 120มล ชมพู ฟลอรัล (108 shop ซักน้ำ 120มล ชมพู ฟลอรัล หีบx36)","U00002610","-","U00002610","","","","","","",""
"SKU-2371-4038","2371","4038","ทิวลี่ ครั้นชี่เฟลค โอวัลตินช็อกมอลต์ 26ก. แพค12 (ทิวลี่ ครั้นชี่เฟลค โอวัลตินช็อกมอลต์ 26ก. แพค12)","U00002613","-","U00002613","","","","","","",""
"SKU-2372-base","2372","","เฟอร์เชย์ เค้กโรล วานิลลาไส้ครีม 20กรัมx12","-","-","-","","","","","","",""
"SKU-2373-base","2373","","เฟอร์เชย์ เค้กโรล ใบเตยไส้ครีม 20กรัมx12","-","-","-","","","","","","",""
"SKU-2374-base","2374","","เฟอร์เชย์ เค้กโรล วานิลลาไส้ครีมสตรอฯ 20กรัมx12","-","-","-","","","","","","",""
"SKU-2375-base","2375","","เฟอร์เชย์ เค้กโรล  ช็อกโกแลตไส้ครีม 20กรัมx12","-","-","-","","","","","","",""
"SKU-2376-base","2376","","เฟอร์เชย์ เค้กโรล กาแฟไส้ครีม 20กรัมx12","-","-","-","","","","","","",""
"SKU-2377-base","2377","","เฟอร์เชย์ เค้กโรล กล้วยหอมไส้ครีม 20กรัมx12","-","-","-","","","","","","",""
"SKU-2378-base","2378","","เฟอร์เชย์ เลเยอร์เค้ก แยมสตรอเบอร์รี่ไส้ครีม 15กรัมx24","-","-","-","","","","","","",""
"SKU-2379-base","2379","","เฟอร์เชย์ เลเยอร์เค้ก มะพร้าวไส้ครีม 15กรัมx24","-","-","-","","","","","","",""
"SKU-2380-base","2380","","เฟอร์เชย์ พัฟเค้ก ครีมคัสตาร์ด 17กรัมx12","-","-","-","","","","","","",""
"SKU-2381-base","2381","","เฟอร์เชย์ พัฟเค้ก ครีมคัสตาร์ดใบเตย 17กรัมx12","-","-","-","","","","","","",""
"SKU-2382-4133","2382","4133","เฟอร์เชย์ พัฟเค้ก ครีมคัสตาร์ดมะพร้าว 17 กรัมx12 (เฟอร์เชย์ พัฟเค้ก ครีมคัสตาร์ดมะพร้าว 17 กรัมx12)","-","-","-","","","","","","",""
"SKU-2382-4134","2382","4134","เฟอร์เชย์ พัฟเค้ก ครีมคัสตาร์ดมะพร้าว 17 กรัมx12 (เฟอร์เชย์ พัฟเค้ก ครีมคัสตาร์ดมะพร้าว 17 กรัมx12)","-","-","-","","","","","","",""
"SKU-2383-4131","2383","4131","เฟอร์เชย์ พัฟเค้ก ครีมคัสตาร์ดเฮเซลนัท 17 กรัมx12 (เฟอร์เชย์ พัฟเค้ก ครีมคัสตาร์ดเฮเซลนัท 17 กรัมx12)","-","-","-","","","","","","",""
"SKU-2383-4132","2383","4132","เฟอร์เชย์ พัฟเค้ก ครีมคัสตาร์ดเฮเซลนัท 17 กรัมx12 (เฟอร์เชย์ พัฟเค้ก ครีมคัสตาร์ดเฮเซลนัท 17 กรัมx12)","-","-","-","","","","","","",""
"SKU-2384-4129","2384","4129","เฟอร์เชย์ พัฟเค้ก ครีมคัสตาร์ดสตรอเบอร์รี่ 17 กรัมx12 (เฟอร์เชย์ พัฟเค้ก ครีมคัสตาร์ดสตรอเบอร์รี่ 17 กรัมx12)","-","-","-","","","","","","",""
"SKU-2384-4130","2384","4130","เฟอร์เชย์ พัฟเค้ก ครีมคัสตาร์ดสตรอเบอร์รี่ 17 กรัมx12 (เฟอร์เชย์ พัฟเค้ก ครีมคัสตาร์ดสตรอเบอร์รี่ 17 กรัมx12)","-","-","-","","","","","","",""
"SKU-2385-4127","2385","4127","ฮ่องเต้วี เครปโรลกรอบ ไส้ไข่เค็ม22 กรัมx12 (ฮ่องเต้วี เครปโรลกรอบ ไส้ไข่เค็ม22 กรัมx12)","-","-","-","","","","","","",""
"SKU-2385-4128","2385","4128","ฮ่องเต้วี เครปโรลกรอบ ไส้ไข่เค็ม22 กรัมx12 (ฮ่องเต้วี เครปโรลกรอบ ไส้ไข่เค็ม22 กรัมx12)","-","-","-","","","","","","",""
"SKU-2386-4067","2386","4067","ไวไว 7บ เส้นหมี่ปรุงรส 55ก กล่อง30ซ (ไวไว 7บ เส้นหมี่ปรุงรส 55ก กล่อง30ซ)","U00002665","-","U00002665","","","","","","",""
"SKU-2386-4068","2386","4068","ไวไว 7บ เส้นหมี่ปรุงรส 55ก กล่อง30ซ (ไวไว 7บ เส้นหมี่ปรุงรส 55ก หีบx6กล่อง30ซ)","U00002665","28850100001454","U00002665","","","","","","",""
"SKU-2388-4125","2388","4125","ฮ่องเต้วี เครปโรลกรอบ ไส้ชีส 22 กรัมx12 (ฮ่องเต้วี เครปโรลกรอบ ไส้ชีส 22 กรัมx12)","-","-","-","","","","","","",""
"SKU-2388-4126","2388","4126","ฮ่องเต้วี เครปโรลกรอบ ไส้ชีส 22 กรัมx12 (ฮ่องเต้วี เครปโรลกรอบ ไส้ชีส 22 กรัมx12)","-","-","-","","","","","","",""
"SKU-2389-4123","2389","4123","ฮ่องเต้วี เครปโรลกรอบ ไส้รสนม 22กรัมx12 (ฮ่องเต้วี เครปโรลกรอบ ไส้รสนม 22กรัมx12)","-","-","-","","","","","","",""
"SKU-2389-4124","2389","4124","ฮ่องเต้วี เครปโรลกรอบ ไส้รสนม 22กรัมx12 (ฮ่องเต้วี เครปโรลกรอบ ไส้รสนม 22กรัมx12)","-","-","-","","","","","","",""
"SKU-2390-4121","2390","4121","ฮ่องเต้วี เครปโรลกรอบ ไส้รสช็อกโกแลต 22 กรัมx12 (ฮ่องเต้วี เครปโรลกรอบ ไส้รสช็อกโกแลต 22 กรัมx12)","-","-","-","","","","","","",""
"SKU-2390-4122","2390","4122","ฮ่องเต้วี เครปโรลกรอบ ไส้รสช็อกโกแลต 22 กรัมx12 (ฮ่องเต้วี เครปโรลกรอบ ไส้รสช็อกโกแลต 22 กรัมx12)","-","-","-","","","","","","",""
"SKU-2397-4078","2397","4078","โอชา ซอสมะเขือเทศ ถุง 900ก F&D (โอชา ซอสมะเขือเทศ ถุง 900ก F&D)","U00002627","-","U00002627","","","","","","",""
"SKU-2397-4081","2397","4081","โอชา ซอสมะเขือเทศ ถุง 900ก F&D (โอชา ซอสมะเขือเทศ ถุง 900ก F&D หีบx12)","U00002627","-","U00002627","","","","","","",""
"SKU-2398-4079","2398","4079","โอชา ซอสพริกศรีราชา ถุง 900ก F&D (โอชา ซอสพริกศรีราชา ถุง 900ก F&D)","U00002628","-","U00002628","","","","","","",""
"SKU-2398-4080","2398","4080","โอชา ซอสพริกศรีราชา ถุง 900ก F&D (โอชา ซอสพริกศรีราชา ถุง 900ก F&D หีบx12)","U00002628","-","U00002628","","","","","","",""
"SKU-2404-4082","2404","4082","ฮ่องเต้วี เครปโรลกรอบ ไส้รสสตรอเบอร์รี่ 22 กรัมx12 (ฮ่องเต้วี เครปโรลกรอบ ไส้รสสตรอเบอร์รี่ 22 กรัมx12)","-","8858709611322","-","","","","","","",""
"SKU-2404-4083","2404","4083","ฮ่องเต้วี เครปโรลกรอบ ไส้รสสตรอเบอร์รี่ 22 กรัมx12 (ฮ่องเต้วี เครปโรลกรอบ ไส้รสสตรอเบอร์รี่ 22 กรัมx12)","-","8858709611339","-","","","","","","",""
"SKU-2405-4084","2405","4084","ฮ่องเต้วี เส้นบุกปรุงรส เผ็ด 20 กรัมx12 (ฮ่องเต้วี เส้นบุกปรุงรส เผ็ด 20 กรัมx12)","-","8858709608308","-","","","","","","",""
"SKU-2405-4085","2405","4085","ฮ่องเต้วี เส้นบุกปรุงรส เผ็ด 20 กรัมx12 (ฮ่องเต้วี เส้นบุกปรุงรส เผ็ด 20 กรัมx12)","-","8858709608452","-","","","","","","",""
"SKU-2406-4086","2406","4086","ฮ่องเต้วี เส้นบุกปรุงรส คลาสสิค 20 กรัมx12 (ฮ่องเต้วี เส้นบุกปรุงรส คลาสสิค 20 กรัมx12)","-","8858709609343","-","","","","","","",""
"SKU-2406-4087","2406","4087","ฮ่องเต้วี เส้นบุกปรุงรส คลาสสิค 20 กรัมx12 (ฮ่องเต้วี เส้นบุกปรุงรส คลาสสิค 20 กรัมx12)","-","8858709609350","-","","","","","","",""
"SKU-2407-4088","2407","4088","ฮ่องเต้วี เส้นบุกปรุง ซอสงาญี่ปุ่น 20 กรัมx12 (ฮ่องเต้วี เส้นบุกปรุง ซอสงาญี่ปุ่น 20 กรัมx12)","-","8858709610462","-","","","","","","",""
"SKU-2407-4089","2407","4089","ฮ่องเต้วี เส้นบุกปรุง ซอสงาญี่ปุ่น 20 กรัมx12 (ฮ่องเต้วี เส้นบุกปรุง ซอสงาญี่ปุ่น 20 กรัมx12)","-","8858709610479","-","","","","","","",""
"SKU-2408-4090","2408","4090","ฮ่องเต้วี ปลาเต้าหู้ ออริจินอล 24 กรัมx12 (ฮ่องเต้วี ปลาเต้าหู้ ออริจินอล 24 กรัมx12)","-","8858709609121","-","","","","","","",""
"SKU-2408-4091","2408","4091","ฮ่องเต้วี ปลาเต้าหู้ ออริจินอล 24 กรัมx12 (ฮ่องเต้วี ปลาเต้าหู้ ออริจินอล 24 กรัมx12)","-","8858709609138","-","","","","","","",""
"SKU-2409-4092","2409","4092","ฮ่องเต้วี ปลาเต้าหู้ รสเผ็ด 24 กรัมx12 (ฮ่องเต้วี ปลาเต้าหู้ รสเผ็ด 24 กรัมx12)","-","8858709609091","-","","","","","","",""
"SKU-2409-4093","2409","4093","ฮ่องเต้วี ปลาเต้าหู้ รสเผ็ด 24 กรัมx12 (ฮ่องเต้วี ปลาเต้าหู้ รสเผ็ด 24 กรัมx12)","-","8858709609107","-","","","","","","",""
"SKU-2410-4094","2410","4094","ฮ่องเต้วี ปลาเต้าหู้ รสบาร์บีคิว 24 กรัมx12 (ฮ่องเต้วี ปลาเต้าหู้ รสบาร์บีคิว 24 กรัมx12)","-","8858709611445","-","","","","","","",""
"SKU-2410-4095","2410","4095","ฮ่องเต้วี ปลาเต้าหู้ รสบาร์บีคิว 24 กรัมx12 (ฮ่องเต้วี ปลาเต้าหู้ รสบาร์บีคิว 24 กรัมx12)","-","8858709611452","-","","","","","","",""
"SKU-2411-4096","2411","4096","ฮ่องเต้วี เส้นบุกปรุงรส เผ็ด 8 กรัมx6 (ฮ่องเต้วี เส้นบุกปรุงรส เผ็ด 8 กรัมx6)","-","8858709611063","-","","","","","","",""
"SKU-2412-4097","2412","4097","ฮ่องเต้วี เส้นบุกปรุงรส คลาสสิด 8กรัมx6 (ฮ่องเต้วี เส้นบุกปรุงรส คลาสสิด 8กรัมx6)","-","8858709609596","-","","","","","","",""
"SKU-2413-4098","2413","4098","ฮ่องเต้วี เส้นบุกปรุงรส ซอสงาญี่ปุ่น  8 กรัมx6 (ฮ่องเต้วี เส้นบุกปรุงรส ซอสงาญี่ปุ่น  8 กรัมx6)","-","8858709611001","-","","","","","","",""
"SKU-2414-4099","2414","4099","ฮ่องเต้วี ปลาเต้าหู้ รสเผ็ด 10 กรัมx6 (ฮ่องเต้วี ปลาเต้าหู้ รสเผ็ด 10 กรัมx6)","-","8858709610653","-","","","","","","",""
"SKU-2415-4100","2415","4100","ฮ่องเต้วี ปลาเต้าหู้ ออริจินอล 10 กรัมx6 (ฮ่องเต้วี ปลาเต้าหู้ ออริจินอล 10 กรัมx6)","-","8858709610622","-","","","","","","",""
"SKU-2416-4101","2416","4101","ฮ่องเต้วี ปลาเต้าหู้ รสบาร์บีคิว 10 กรัมx6 (ฮ่องเต้วี ปลาเต้าหู้ รสบาร์บีคิว 10 กรัมx6)","-","8858709611551","-","","","","","","",""
"SKU-2417-4102","2417","4102","เฟอร์เชย์นัท เฮเซลนัทบด โกโก้ 200 กรัม (เฟอร์เชย์นัท เฮเซลนัทบด โกโก้ 200 กรัม)","-","8858709602986","-","","","","","","",""
"SKU-2418-4103","2418","4103","บรีส เพาเวอร์ 600 กรัม ติดราคา 40.- (บรีสเพาเวอร์ 600 กรัม ติดราคา 40.-)","U00002614","8851932424318","U00002614","","","","","","",""
"SKU-2418-4104","2418","4104","บรีส เพาเวอร์ 600 กรัม ติดราคา 40.- (บรีสเพาเวอร์ 600 กรัม ติดราคา 40.- หีบx12)","U00002614","18851932435786","U00002614","","","","","","",""
"SKU-2419-4105","2419","4105","บรีส เพาเวอร์ สวีท 600 กรัม ชมพู ติดราคา 40.- (บรีสสวีทเพาเวอร์ 600 กรัม ชมพู ติดราคา 40.-)","U00002615","8851932424332","U00002615","","","","","","",""
"SKU-2419-4106","2419","4106","บรีส เพาเวอร์ สวีท 600 กรัม ชมพู ติดราคา 40.- (บรีสสวีทเพาเวอร์ 600 กรัม ชมพู ติดราคา 40.- หีบx12)","U00002615","18851932435724","U00002615","","","","","","",""
"SKU-2423-4113","2423","4113","ไฮเตอร์ ซักผ้าขาว 600มล ชมพู (ไฮเตอร์ ซักผ้าขาว 600มล ชมพู)","U00002677","8851818613300","U00002677","","","","","","",""
"SKU-2423-4114","2423","4114","ไฮเตอร์ ซักผ้าขาว 600มล ชมพู (ไฮเตอร์ ซักผ้าขาว 600มล ชมพู หีบx12)","U00002677","18851818613307","U00002677","","","","","","",""
"SKU-2424-4115","2424","4115","ไฮเตอร์ ซักผ้าขาว 600มล ฟ้า (ไฮเตอร์ ซักผ้าขาว 600มล ฟ้า)","U00002678","8851818603301","U00002678","","","","","","",""
"SKU-2424-4116","2424","4116","ไฮเตอร์ ซักผ้าขาว 600มล ฟ้า (ไฮเตอร์ ซักผ้าขาว 600มล ฟ้า หีบx12)","U00002678","18851818603308","U00002678","","","","","","",""
"SKU-2425-4117","2425","4117","ไฮเตอร์ ซักผ้าขาว 600มล เหลือง (ไฮเตอร์ ซักผ้าขาว 600มล เหลือง)","U00002679","8851818637009","U00002679","","","","","","",""
"SKU-2425-4118","2425","4118","ไฮเตอร์ ซักผ้าขาว 600มล เหลือง (ไฮเตอร์ ซักผ้าขาว 600มล เหลือง หีบx12)","U00002679","18851818637006","U00002679","","","","","","",""
"SKU-2427-4135","2427","4135","เอลิส แฟรี่วิงส์ 25ซม 14ชิ้น (เอลิส แฟรี่วิงส์ 25ซม 14ชิ้น)","-","8858947831087","-","","","","","","",""
"SKU-2427-4136","2427","4136","เอลิส แฟรี่วิงส์ 25ซม 14ชิ้น (เอลิส แฟรี่วิงส์ 25ซม 14ชิ้น	หีบx12)","-","18858947831084","-","","","","","","",""
"SKU-2428-4137","2428","4137","โอโม ซันชายน์ 2600 ก ชมพู (โอโม ซันชายน์ 2600 ก ชมพู)","-","-","-","","","","","","",""
"SKU-2428-4138","2428","4138","โอโม ซันชายน์ 2600 ก ชมพู (โอโม ซันชายน์ 2600 ก ชมพู หีบx6)","-","","-","","","","","","",""
"","","","","","18851932393109","","","","","","","",""